time,latitude,longitude,depth,mag,magType,nst,gap,dmin,rms,net,id,updated,place,type,horizontalError,depthError,magError,magNst,status,locationSource,magSource
2024-04-09T08:31:59.000Z,33.923,-116.8845,9.35,2.5,ml,118,21,0.07991,0.17,ci,ci40708288,2024-04-12T08:17:55.040Z,"1 km WSW of Banning, CA",earthquake,0.1,0.27,0.169,174,reviewed,ci,ci
2024-04-09T06:05:07.925Z,31.808,-103.674,8.0481,2.5,ml,19,53,0.1,0.1,tx,tx2024gzit,2024-04-12T08:07:29.040Z,"13 km NNW of Mentone, Texas",earthquake,0.670522741,1.376387066,0.2,18,reviewed,tx,tx
2024-04-06T10:46:39.443Z,40.6941,-74.7444,9.033,2.5,mb_lg,18,106,0.64,0.27,us,us7000mafe,2024-04-15T14:19:46.343Z,"7 km WSW of Gladstone, New Jersey",earthquake,1.91,1.587,0.154,11,reviewed,us,us
2024-04-03T00:56:01.070Z,35.5376667,-117.5051667,6.88,2.5,ml,41,38,0.06001,0.13,ci,ci40704112,2024-04-05T01:05:30.040Z,"18 km ESE of Ridgecrest, CA",earthquake,0.13,0.37,0.145,125,reviewed,ci,ci
2024-04-01T19:38:05.187Z,32.092,-101.643,6.2256,2.5,ml,15,65,0,0.1,tx,tx2024gltq,2024-04-12T19:40:33.040Z,"14 km ESE of Stanton, Texas",earthquake,0.739473207,1.422385683,0.1,7,reviewed,tx,tx
2024-04-01T14:11:20.375Z,28.893,-98.362,4.8096,2.5,ml,20,59,0.1,0.2,tx,tx2024gliw,2024-04-07T18:17:44.040Z,"14 km SE of Pleasanton, Texas",earthquake,0.944162981,1.961344727,0.1,7,reviewed,tx,tx
2024-03-30T23:34:47.192Z,49.4065,-116.8045,13.532,2.5,ml,23,149,1.106,0.82,us,us7000m902,2024-04-20T01:34:09.040Z,"36 km ESE of Nelson, Canada",earthquake,2.44,7.265,0.071,26,reviewed,us,us
2024-03-30T09:15:01.010Z,38.8006667,-122.8065,2.47,2.5,md,94,33,0.01139,0.06,nc,nc74026286,2024-04-18T22:52:12.040Z,"5 km WNW of The Geysers, CA",earthquake,0.08,0.13,0.162,88,reviewed,nc,nc
2024-03-30T06:52:58.634Z,47.3553,-112.78,5.524,2.5,ml,42,52,0.409,0.46,us,us7000m8w7,2024-04-19T06:26:23.040Z,"33 km WSW of Augusta, Montana",earthquake,1.29,4.885,0.053,46,reviewed,us,us
2024-03-28T20:54:40.950Z,31.603,-103.96,6.7407,2.5,ml,11,71,0,0.1,tx,tx2024geoe,2024-04-06T14:16:13.040Z,"35 km NNW of Toyah, Texas",earthquake,1.103184304,2.187438189,0.1,7,reviewed,tx,tx
2024-03-27T20:20:43.869Z,31.693,-101.71,8.374,2.5,ml,16,66,0.1,0.1,tx,tx2024gcrn,2024-03-28T15:59:47.040Z,"28 km SW of Garden City, Texas",earthquake,0.98371221,2.176714267,0.1,11,reviewed,tx,tx
2024-03-26T03:47:16.198Z,43.5141,-110.375,8.287,2.5,ml,76,54,0.193,0.45,us,us7000m80m,2024-03-31T22:04:06.040Z,"23 km ESE of Kelly, Wyoming",earthquake,2.38,8.476,0.041,80,reviewed,us,us
2024-03-25T23:51:41.492Z,31.641,-104.456,6.1255,2.5,ml,22,68,0,0.2,tx,tx2024fzhm,2024-03-26T14:00:36.359Z,"59 km S of Whites City, New Mexico",earthquake,0.897219884,0.537253497,0.1,19,reviewed,tx,tx
2024-03-22T10:55:25.428Z,32.5408,-104.6836,5,2.5,ml,35,78,0.691,0.25,us,us6000mkgu,2024-04-18T07:37:56.439Z,"30 km S of Hope, New Mexico",earthquake,4.28,1.973,0.081,70,reviewed,us,us
2024-03-21T16:59:35.276Z,44.5336,-115.2463,10,2.5,ml,21,60,0.515,1.15,us,us6000mk9z,2024-04-14T18:16:09.040Z,"42 km NW of Stanley, Idaho",earthquake,1.5,2.01,0.074,24,reviewed,us,us
2024-03-20T18:29:42.950Z,38.8301667,-122.8153333,2.29,2.5,md,77,25,0.007912,0.06,nc,nc74020791,2024-03-26T16:52:58.040Z,"8 km NW of The Geysers, CA",earthquake,0.1,0.18,0.168,77,reviewed,nc,nc
2024-03-20T18:08:14.878Z,32.141,-101.071,9.0088,2.5,ml,24,68,0.2,0.1,tx,tx2024fpsq,2024-03-26T16:49:54.040Z,"24 km SSW of Westbrook, Texas",earthquake,0.69049272,1.616149274,0.3,42,reviewed,tx,tx
2024-03-19T20:34:33.271Z,44.2696,-115.1576,14.441,2.5,ml,27,83,0.277,0.43,us,us6000mjuj,2024-03-26T16:30:08.040Z,"18 km WNW of Stanley, Idaho",earthquake,2.21,7.626,0.045,66,reviewed,us,us
2024-03-18T20:58:09.979Z,41.5491,-83.4689,5.611,2.5,mb_lg,17,94,0.248,0.35,us,us6000mjnf,2024-03-24T15:25:52.719Z,"4 km WSW of Millbury, Ohio",earthquake,1.38,4.171,0.17,9,reviewed,us,us
2024-03-17T22:00:43.919Z,40.1822,-98.3132,9.973,2.5,mb_lg,19,52,1.231,0.41,us,us6000mjhq,2024-03-24T23:29:29.088Z,"11 km E of Cowles, Nebraska",earthquake,2.57,7.369,0.228,5,reviewed,us,us
2024-03-14T15:18:46.171Z,31.741,-104.11,6.2921,2.5,ml,22,73,0,0.1,tx,tx2024feny,2024-04-19T19:26:42.040Z,"48 km W of Mentone, Texas",earthquake,0.460549479,0.485240523,0.2,19,reviewed,tx,tx
2024-03-14T14:21:22.544Z,28.951,-97.993,6.8848,2.5,ml,20,65,0,0.4,tx,tx2024femd,2024-04-19T19:32:13.040Z,"4 km SE of Falls City, Texas",earthquake,1.411664926,2.703836086,0.2,19,reviewed,tx,tx
2024-03-14T11:01:47.659Z,31.743,-104.163,6.4075,2.5,ml,36,47,0,0.2,tx,tx2024fefn,2024-03-16T07:40:22.040Z,"52 km SSE of Whites City, New Mexico",earthquake,0.526855822,0.599606559,0.2,28,reviewed,tx,tx
2024-03-13T20:08:40.878Z,31.744,-104.158,6.5228,2.5,ml,31,61,0,0.2,tx,tx2024fdcb,2024-03-25T20:02:22.040Z,"52 km SSE of Whites City, New Mexico",earthquake,0.374416108,0.463582085,0.2,24,reviewed,tx,tx
2024-03-11T11:26:31.078Z,44.369,-116.1355,13.096,2.5,ml,25,51,0.347,0.69,us,us7000m4n8,2024-04-04T14:49:11.687Z,"8 km NNW of Smiths Ferry, Idaho",earthquake,1.67,7.962,0.052,48,reviewed,us,us
2024-03-10T16:12:18.277Z,41.9939,-119.6025,0,2.5,ml,5,117.74,0.529,0.2852,nn,nn00874513,2024-04-16T23:26:59.080Z,"47 km ENE of Fort Bidwell, California",earthquake,,0,0.62,5,reviewed,nn,nn
2024-03-10T15:48:09.202Z,32.6414,-104.3802,5,2.5,mb_lg,25,81,0.477,0.28,us,us7000m4jy,2024-03-30T14:42:33.977Z,"14 km S of Atoka, New Mexico",earthquake,1.83,1.958,0.106,38,reviewed,us,us
2024-03-10T11:27:52.980Z,38.1722,-117.9552,5.4,2.5,ml,11,45.84,0.036,0.1358,nn,nn00874480,2024-03-28T14:59:43.040Z,"27 km SSE of Mina, Nevada",earthquake,,1,0.28,7,reviewed,nn,nn
2024-03-09T13:37:34.919Z,41.938,-119.5921,0.4,2.5,ml,6,128.79,0.53,0.1437,nn,nn00874841,2024-04-13T17:07:02.040Z,"47 km E of Fort Bidwell, California",earthquake,,3.8,0.61,6,reviewed,nn,nn
2024-03-09T02:02:33.310Z,31.628,-104.371,6.7151,2.5,ml,26,63,0.1,0.2,tx,tx2024eukg,2024-03-28T23:32:35.040Z,"60 km S of Whites City, New Mexico",earthquake,0.829690662,0.953345273,0.1,15,reviewed,tx,tx
2024-03-08T17:18:47.223Z,44.2885,-114.9877,11.74,2.5,ml,29,36,0.209,0.53,us,us7000m485,2024-04-03T13:57:05.040Z,"8 km NNW of Stanley, Idaho",earthquake,1.82,7.37,0.039,88,reviewed,us,us
2024-03-06T01:54:52.658Z,42.7882,-97.8103,5,2.5,ml,8,84,1.287,0.32,us,us7000m3lv,2024-04-11T22:29:26.040Z,"6 km SSE of Santee, Nebraska",earthquake,1.78,1.937,0.148,6,reviewed,us,us
2024-03-04T22:33:33.427Z,31.696,-104.398,1.8958,2.5,ml,18,67,0,0.2,tx,tx2024emvj,2024-03-19T02:55:23.040Z,"53 km S of Whites City, New Mexico",earthquake,0.964487104,1.103070485,0.1,13,reviewed,tx,tx
2024-03-04T20:53:16.892Z,31.677,-104.401,6.4587,2.5,ml,15,69,0,0.2,tx,tx2024emsb,2024-03-21T13:47:48.040Z,"55 km S of Whites City, New Mexico",earthquake,0.986907692,0.921901349,0.2,13,reviewed,tx,tx
2024-03-04T08:03:38.469Z,38.1582,-117.8421,12.2,2.5,ml,11,84.66,0.12,0.1546,nn,nn00874134,2024-03-11T08:01:56.040Z,"34 km SE of Mina, Nevada",earthquake,,1.1,0.43,6,reviewed,nn,nn
2024-03-03T22:05:48.544Z,31.616,-103.995,8.2788,2.5,ml,18,56,0,0.1,tx,tx2024ekyy,2024-03-11T23:09:39.040Z,"38 km NNW of Toyah, Texas",earthquake,0.585404668,0.568509129,0.2,18,reviewed,tx,tx
2024-03-03T11:59:11.077Z,31.612,-103.976,7.3303,2.5,ml,13,56,0,0.1,tx,tx2024ekex,2024-03-28T13:39:49.040Z,"37 km WSW of Mentone, Texas",earthquake,0.54388049,0.5992662,0.1,16,reviewed,tx,tx
2024-03-01T16:07:52.639Z,32.308,-101.047,8.5205,2.5,ml,34,45,0.2,0.2,tx,tx2024egwc,2024-04-08T16:16:10.040Z,"6 km SSW of Westbrook, Texas",earthquake,0.946247991,2.216671908,0.2,29,reviewed,tx,tx
2024-02-29T19:17:34.231Z,32.156,-101.105,5.4932,2.5,ml,11,55,0.2,0.2,tx,tx2024efgx,2024-03-07T14:53:05.040Z,"23 km SSW of Westbrook, Texas",earthquake,1.64783061,2.329893179,0.1,25,reviewed,tx,tx
2024-02-29T14:21:18.984Z,44.3489,-115.1875,10,2.5,ml,15,72,0.345,0.63,us,us6000mftp,2024-03-07T23:16:41.108Z,"24 km NW of Stanley, Idaho",earthquake,1.7,2.011,0.088,17,reviewed,us,us
2024-02-29T02:17:11.510Z,32.74,-100.638,0.2197,2.5,ml,28,81,0.3,0.2,tx,tx2024edzg,2024-03-27T04:36:46.040Z,"16 km NE of Hermleigh, Texas",earthquake,0.857779755,1.178046868,0.1,18,reviewed,tx,tx
2024-02-28T18:34:46.781Z,41.9587,-119.6045,7.466,2.5,ml,16,126,0.305,0.8,us,us6000mfnl,2024-04-08T16:21:24.040Z,"46 km ENE of Fort Bidwell, California",earthquake,1.43,4.901,0.042,76,reviewed,us,us
2024-02-27T00:01:02.997Z,44.3631,-116.1178,10,2.5,ml,27,52,0.348,0.88,us,us7000m1rs,2024-03-13T05:08:15.044Z,"7 km NNW of Smiths Ferry, Idaho",earthquake,1.78,1.995,0.052,48,reviewed,us,us
2024-02-22T08:37:43.214Z,38.1666,-117.9461,11.9,2.5,ml,11,46.4,0.045,0.1473,nn,nn00873783,2024-03-06T11:23:19.040Z,"28 km SSE of Mina, Nevada",earthquake,,1.1,0.38,6,reviewed,nn,nn
2024-02-20T12:30:34.475Z,44.0886,-114.849,10,2.5,ml,34,80,0.018,0.63,us,us7000m0bz,2024-02-26T20:45:33.717Z,"16 km SSE of Stanley, Idaho",earthquake,1.07,1.994,0.041,78,reviewed,us,us
2024-02-20T11:00:15.213Z,46.2404,-111.7777,7.063,2.5,ml,67,41,0.402,0.49,us,us7000m0br,2024-02-21T06:55:37.040Z,"12 km WNW of Radersburg, Montana",earthquake,1.55,1.591,0.048,56,reviewed,us,us
2024-02-20T05:35:37.103Z,32.751,-100.636,0.0244,2.5,ml,27,64,0.2,0.2,tx,tx2024dnuf,2024-04-03T18:33:11.040Z,"17 km NE of Hermleigh, Texas",earthquake,0.874579594,0.865633729,0.1,21,reviewed,tx,tx
2024-02-17T21:28:06.456Z,28.974,-97.99,0.8545,2.5,ml,16,68,0,0.1,tx,tx2024djnd,2024-04-19T04:24:53.040Z,"2 km ESE of Falls City, Texas",earthquake,1.03678252,1.167238285,0.1,10,reviewed,tx,tx
2024-02-17T01:53:52.095Z,29.001,-98.029,3.1982,2.5,ml,17,85,0.1,0.2,tx,tx2024dial,2024-04-16T21:01:25.040Z,"2 km NNW of Falls City, Texas",earthquake,0.71876496,1.884034485,0.2,17,reviewed,tx,tx
2024-02-16T04:09:54.777Z,44.3433,-114.8162,10,2.5,ml,25,50,0.238,0.75,us,us7000lzjj,2024-03-09T02:03:22.040Z,"17 km NE of Stanley, Idaho",earthquake,2.41,2.009,0.062,34,reviewed,us,us
2024-02-14T05:50:36.861Z,31.683,-104.398,6.1316,2.5,ml,23,87,0,0.2,tx,tx2024dcvs,2024-03-27T12:42:56.040Z,"54 km S of Whites City, New Mexico",earthquake,0.934736321,0.709228277,0.1,13,reviewed,tx,tx
2024-02-13T22:05:02.616Z,31.687,-104.405,4.949,2.5,ml,21,59,0,0.2,tx,tx2024dcgi,2024-03-08T05:29:34.040Z,"54 km S of Whites City, New Mexico",earthquake,0.647467803,0.677298483,0.1,23,reviewed,tx,tx
2024-02-13T14:59:27.886Z,44.4337,-114.4919,19.067,2.5,ml,42,34,0.415,0.72,us,us7000lywx,2024-03-12T17:16:55.861Z,"20 km NNW of Clayton, Idaho",earthquake,1.25,7.031,0.037,98,reviewed,us,us
2024-02-12T23:39:44.977Z,31.627,-104.298,6.9799,2.5,ml,17,69,0.1,0.2,tx,tx2024danz,2024-03-07T05:03:30.040Z,"59 km NW of Toyah, Texas",earthquake,1.166185654,1.613234687,0.1,29,reviewed,tx,tx
2024-02-08T11:29:07.980Z,36.992,-121.66,4.43,2.5,md,78,37,0.04105,0.14,nc,nc73999616,2024-03-03T06:46:22.040Z,"8 km NE of Interlaken, CA",earthquake,0.17,0.38,0.144,85,reviewed,nc,nc
2024-02-06T21:29:27.999Z,31.673,-104.192,8.5481,2.5,ml,40,58,0.1,0.3,tx,tx2024cpkq,2024-03-06T23:27:22.040Z,"54 km NW of Toyah, Texas",earthquake,0.710617111,0.945755832,0.2,26,reviewed,tx,tx
2024-02-06T02:36:57.719Z,31.564,-104.106,6.1573,2.5,ml,17,75,0.1,0.3,tx,tx2024cnzh,2024-03-12T19:41:18.040Z,"40 km NW of Toyah, Texas",earthquake,1.213964048,1.978093022,0.3,13,reviewed,tx,tx
2024-02-03T17:49:50.993Z,31.649,-104.455,6.2344,2.5,ml,16,89,0,0.2,tx,tx2024cjqx,2024-04-13T19:36:45.040Z,"58 km S of Whites City, New Mexico",earthquake,1.065851011,0.628584232,0.1,12,reviewed,tx,tx
2024-02-03T04:35:58.229Z,31.668,-104.412,7.5969,2.5,ml,20,57,0,0.3,tx,tx2024ciqs,2024-04-13T19:35:48.040Z,"56 km S of Whites City, New Mexico",earthquake,1.077443644,1.073160526,0.1,16,reviewed,tx,tx
2024-02-03T02:14:59.054Z,31.673,-104.429,6.9542,2.5,ml,13,77,0,0.2,tx,tx2024cimb,2024-04-13T19:35:42.040Z,"55 km S of Whites City, New Mexico",earthquake,1.490909137,1.16663479,0.1,15,reviewed,tx,tx
2024-02-02T07:54:45.660Z,31.679,-104.407,6.3886,2.5,ml,14,56,0,0.2,tx,tx2024chbt,2024-04-13T19:34:46.040Z,"55 km S of Whites City, New Mexico",earthquake,1.040753683,1.071125303,0.1,22,reviewed,tx,tx
2024-01-29T08:43:39.693Z,31.675,-104.192,7.2113,2.5,ml,28,68,0.1,0.2,tx,tx2024bzvk,2024-04-13T19:26:20.040Z,"55 km NW of Toyah, Texas",earthquake,0.627709723,0.83360024,0.1,14,reviewed,tx,tx
2024-01-29T08:04:11.245Z,31.674,-104.192,7.0056,2.5,ml,31,61,0.1,0.2,tx,tx2024bzuc,2024-04-13T19:26:18.040Z,"54 km NW of Toyah, Texas",earthquake,0.543018251,0.73069413,0.1,18,reviewed,tx,tx
2024-01-28T03:40:53.433Z,39.0379,-97.6495,5,2.5,mb_lg,28,79,0.812,0.54,us,us7000lugn,2024-03-30T22:34:39.040Z,"4 km W of Bennington, Kansas",earthquake,4.46,2,0.071,52,reviewed,us,us
2024-01-26T22:27:40.226Z,31.556,-104.016,6.6971,2.5,ml,8,66,0,0,tx,tx2024bvka,2024-03-30T22:34:21.040Z,"34 km NW of Toyah, Texas",earthquake,0.771168177,1.006200816,0.1,11,reviewed,tx,tx
2024-01-26T21:56:27.802Z,43.5847,-105.3775,0,2.5,ml,10,128,1.109,0.29,us,us7000lvce,2024-03-30T22:32:13.040Z,"20 km SSE of Wright, Wyoming",mining explosion,5.44,1.799,0.085,18,reviewed,us,us
2024-01-26T00:12:18.850Z,39.4076,-119.6945,10.1,2.5,ml,32,40.25,0.057,0.1449,nn,nn00872355,2024-03-30T22:33:39.040Z,"11 km NNW of Virginia City, Nevada",earthquake,,0.7,0.25,8,reviewed,nn,nn
2024-01-25T11:10:53.363Z,44.3563,-115.1797,10,2.5,ml,30,61,0.346,1.02,us,us7000ltpb,2024-03-30T22:33:29.040Z,"24 km NW of Stanley, Idaho",earthquake,1.93,2.012,0.055,44,reviewed,us,us
2024-01-25T07:41:19.274Z,42.7117,-111.1556,5,2.5,ml,26,117,0.067,0.39,us,us7000ltnh,2024-03-30T22:33:27.040Z,"14 km W of Fairview, Wyoming",earthquake,1.6,1.617,0.04,84,reviewed,us,us
2024-01-25T06:48:13.760Z,31.689,-104.295,7.2627,2.5,ml,29,57,0,0.2,tx,tx2024bsjp,2024-03-30T22:33:26.040Z,"54 km S of Whites City, New Mexico",earthquake,0.616506037,0.592432713,0.2,22,reviewed,tx,tx
2024-01-25T05:18:28.022Z,31.669,-104.195,6.3886,2.5,ml,36,62,0.1,0.2,tx,tx2024bsgp,2024-03-30T22:33:26.040Z,"54 km NW of Toyah, Texas",earthquake,0.583160023,0.60444514,0.1,22,reviewed,tx,tx
2024-01-24T02:40:48.206Z,31.555,-104.018,7.6355,2.5,ml,22,56,0,0.2,tx,tx2024bqfx,2024-03-30T22:33:02.040Z,"34 km NW of Toyah, Texas",earthquake,0.633391314,0.661401392,0.2,14,reviewed,tx,tx
2024-01-22T04:22:31.769Z,42.7713,-111.5478,5,2.5,ml,35,68,0.329,0.71,us,us6000m5cl,2024-03-30T22:32:17.040Z,"13 km NNE of Soda Springs, Idaho",earthquake,1.99,1.873,0.037,94,reviewed,us,us
2024-01-21T00:55:18.481Z,31.56,-104.017,8.4839,2.5,ml,26,60,0,0.1,tx,tx2024bkpx,2024-03-29T17:37:55.040Z,"34 km NW of Toyah, Texas",earthquake,0.459582015,0.387053905,0.1,12,reviewed,tx,tx
2024-01-20T08:14:20.098Z,31.644,-104.417,5.5403,2.5,ml,21,80,0,0.2,tx,tx2024bjiw,2024-03-29T17:37:54.040Z,"59 km S of Whites City, New Mexico",earthquake,1.553110927,1.234272711,0.1,15,reviewed,tx,tx
2024-01-19T17:12:43.261Z,32.411,-102.032,9.4395,2.5,ml,30,79,0.1,0.1,tx,tx2024bife,2024-03-29T17:37:54.040Z,"32 km WSW of Ackerly, Texas",earthquake,0.367737506,0.769149303,0.2,22,reviewed,tx,tx
2024-01-19T07:31:46.395Z,44.6763,-114.3592,10,2.5,ml,36,29,0.551,0.6,us,us6000m4m9,2024-03-29T17:37:53.040Z,"21 km NNW of Challis, Idaho",earthquake,1.6,2.008,0.053,46,reviewed,us,us
2024-01-18T18:31:37.315Z,32.756,-100.652,8.9504,2.5,ml,24,80,0.1,0.2,tx,tx2024bgmf,2024-03-29T17:37:53.040Z,"16 km NE of Hermleigh, Texas",earthquake,0.702096922,1.2126449,0.1,34,reviewed,tx,tx
2024-01-17T23:08:52.786Z,31.67,-104.351,2.6867,2.5,ml,21,57,0.1,0.1,tx,tx2024bezw,2024-03-29T17:37:52.040Z,"56 km S of Whites City, New Mexico",earthquake,0.577394291,1.018120791,0.1,15,reviewed,tx,tx
2024-01-17T08:36:48.770Z,44.3495,-110.8405,5.96,2.5,ml,14,97,0.08263,0.17,uu,uu80035286,2024-03-29T17:37:52.040Z,"40 km SSE of West Yellowstone, Montana",earthquake,0.44,1.38,0.402188521,5,reviewed,uu,uu
2024-01-15T07:02:53.840Z,30.971,-103.621,9.8592,2.5,ml,45,80,0.1,0.3,tx,tx2024bada,2024-03-29T17:37:51.040Z,"11 km E of Balmorhea, Texas",earthquake,1.199556703,2.397074384,0.1,23,reviewed,tx,tx
2024-01-15T06:12:41.397Z,32.103,-101.099,3.2525,2.5,ml,18,73,0.2,0.2,tx,tx2024babi,2024-03-29T17:37:51.040Z,"25 km E of Forsan, Texas",earthquake,1.404700035,2.451052354,0.1,10,reviewed,tx,tx
2024-01-11T07:36:52.359Z,31.4054,-115.2523,14.33,2.5,ml,22,242,1.363,0.59,us,us6000m31b,2024-03-16T19:00:18.040Z,"57 km NW of San Felipe, Mexico",earthquake,5.76,7.879,0.064,32,reviewed,us,us
2024-01-11T03:35:30.253Z,31.604,-104.534,6.4561,2.5,ml,16,85,0.1,0.2,tx,tx2024asoe,2024-03-16T19:00:16.040Z,"65 km SSW of Whites City, New Mexico",earthquake,1.923107568,2.268699595,0.1,18,reviewed,tx,tx
2024-01-09T18:37:55.311Z,40.0639,-119.6837,13.4,2.5,ml,16,92.2,0.113,0.1507,nn,nn00871497,2024-03-16T18:59:45.040Z,"14 km NNW of Sutcliffe, Nevada",earthquake,,1,0.11,7,reviewed,nn,nn
2024-01-08T11:41:51.097Z,31.668,-104.195,6.5686,2.5,ml,25,62,0.1,0.2,tx,tx2024anrr,2024-03-16T19:00:00.040Z,"54 km NW of Toyah, Texas",earthquake,0.84584472,1.31609505,0.2,19,reviewed,tx,tx
2024-01-07T22:04:21.549Z,31.618,-104.109,7.2242,2.5,ml,31,56,0,0.1,tx,tx2024amqs,2024-03-09T21:40:03.040Z,"45 km NW of Toyah, Texas",earthquake,0.429173431,0.469910855,0.1,25,reviewed,tx,tx
2024-01-07T13:55:26.901Z,32.144,-101.072,9.0483,2.5,ml,37,68,0.2,0.1,tx,tx2024amap,2024-03-09T21:39:58.040Z,"24 km SSW of Westbrook, Texas",earthquake,0.662089732,1.349172294,0.2,38,reviewed,tx,tx
2024-01-07T13:05:20.915Z,45.5059,-88.9485,5,2.5,ml,14,71,0.624,0.39,us,us6000m2c4,2024-03-09T21:39:57.040Z,"3 km NE of Mole Lake, Wisconsin",earthquake,1.11,1.976,0.148,6,reviewed,us,us
2024-01-07T05:19:13.523Z,32.39,-101.622,5.2578,2.5,ml,20,50,0,0.1,tx,tx2024aljp,2024-03-09T21:39:52.040Z,"17 km SSE of Ackerly, Texas",earthquake,0.610886692,0.644497853,0.2,22,reviewed,tx,tx
2024-01-07T03:49:10.092Z,31.707,-104.174,7.7255,2.5,ml,38,55,0.1,0.2,tx,tx2024algp,2024-03-09T21:39:52.040Z,"54 km W of Mentone, Texas",earthquake,0.607483898,0.727197036,0.2,28,reviewed,tx,tx
2024-01-05T22:11:32.845Z,31.669,-104.191,8.034,2.5,ml,20,69,0.1,0.2,tx,tx2024aizz,2024-03-09T21:39:40.040Z,"54 km NW of Toyah, Texas",earthquake,0.861043276,1.079954705,0.2,14,reviewed,tx,tx
2024-01-04T22:52:11.416Z,38.3764,-96.8712,5,2.5,mb_lg,32,93,0.737,0.47,us,us6000m1vh,2024-03-09T21:39:26.040Z,"13 km ENE of Marion, Kansas",earthquake,2.3,1.989,0.089,33,reviewed,us,us
2024-01-04T10:54:51.822Z,47.7056,-70.1527,14.093,2.5,ml,14,115,0.196,0.25,us,us6000m1nn,2024-03-09T21:39:18.040Z,"5 km N of La Malbaie, Canada",earthquake,2.67,6.192,0.071,26,reviewed,us,us
2024-01-02T17:30:08.489Z,31.642,-104.233,7.5712,2.5,ml,18,66,0,0.3,tx,tx2024aded,2024-03-09T21:38:46.040Z,"55 km NW of Toyah, Texas",earthquake,1.109594024,1.174314884,0.4,14,reviewed,tx,tx
2024-01-02T14:55:21.614Z,32.21,-102.607,9.2439,2.5,ml,19,53,0.1,0.2,tx,tx2024acyz,2024-03-09T21:38:45.040Z,"12 km SW of McKinney Acres, Texas",earthquake,0.878353673,1.422520471,0.2,15,reviewed,tx,tx
2024-01-01T14:36:09.590Z,44.58616667,-110.7505,10.02,2.5,ml,20,64,0.07904,0.2,uu,uu80033781,2024-03-09T21:38:28.040Z,"29 km ESE of West Yellowstone, Montana",earthquake,0.39,0.81,0.236383497,5,reviewed,uu,uu
2023-12-31T04:52:22.594Z,31.616,-103.982,6.7486,2.5,ml,13,57,0,0.1,tx,tx2023zpkt,2024-03-02T21:39:31.040Z,"37 km WSW of Mentone, Texas",earthquake,0.580340099,0.840031974,0.2,9,reviewed,tx,tx
2023-12-30T19:42:08.984Z,31.605,-103.98,8.1882,2.5,ml,15,57,0,0.1,tx,tx2023zoss,2024-03-02T21:39:31.040Z,"36 km NNW of Toyah, Texas",earthquake,0.626070594,0.797121191,0.2,13,reviewed,tx,tx
2023-12-25T16:31:33.172Z,31.69,-104.298,7.5712,2.5,ml,29,65,0,0.1,tx,tx2023zfiv,2024-03-02T21:39:40.040Z,"54 km S of Whites City, New Mexico",earthquake,0.802388323,1.09744693,0.2,23,reviewed,tx,tx
2023-12-23T11:00:59.900Z,34.901,-85.77066667,7.28,2.5,md,12,67,0.341,0.18,se,se60501463,2024-02-27T22:57:05.040Z,"7 km ENE of Stevenson, Alabama",earthquake,0.33,1.72,0.041261797,11,reviewed,se,se
2023-12-20T22:03:47.260Z,36.0224,-106.8443,9.48,2.5,ml,18,100,1.12,0.46,us,us7000lkh9,2024-02-27T22:57:02.040Z,"10 km E of Cuba, New Mexico",earthquake,4.36,8.521,0.066,30,reviewed,us,us
2023-12-20T14:30:04.621Z,32.39,-101.633,6.3338,2.5,ml,24,50,0,0.2,tx,tx2023ywbh,2024-02-27T22:57:02.040Z,"17 km SSE of Ackerly, Texas",earthquake,0.755916224,0.69582267,0.2,19,reviewed,tx,tx
2023-12-16T22:42:07.115Z,31.672,-104.19,4.4863,2.5,ml,10,68,0.1,0.1,tx,tx2023ypjm,2024-02-17T22:43:12.040Z,"54 km NW of Toyah, Texas",earthquake,0.651671075,1.927590457,0.1,18,reviewed,tx,tx
2023-12-13T10:18:45.724Z,31.634,-104.012,5.656,2.5,ml,13,54,0,0.1,tx,tx2023yiym,2024-02-17T22:43:08.040Z,"39 km WSW of Mentone, Texas",earthquake,0.424319586,0.46951558,0.1,9,reviewed,tx,tx
2023-12-13T01:50:32.543Z,31.624,-104.497,7.417,2.5,ml,24,69,0,0.2,tx,tx2023yiht,2024-02-17T22:43:07.040Z,"62 km S of Whites City, New Mexico",earthquake,1.062613344,0.718399589,0.1,14,reviewed,tx,tx
2023-12-12T22:03:56.085Z,31.738,-104.103,6.6586,2.5,ml,24,70,0,0.2,tx,tx2023yiah,2024-02-17T22:43:07.040Z,"47 km W of Mentone, Texas",earthquake,0.462104494,0.628150574,0.2,14,reviewed,tx,tx
2023-12-11T12:53:20.324Z,31.74,-104.114,6.71,2.5,ml,29,50,0,0.2,tx,tx2023yfmp,2024-02-17T22:43:06.040Z,"48 km W of Mentone, Texas",earthquake,0.458825959,0.611606541,0.1,19,reviewed,tx,tx
2023-12-10T02:12:42.043Z,31.671,-104.382,6.9542,2.5,ml,22,69,0,0.2,tx,tx2023ycvy,2024-02-17T22:43:05.040Z,"55 km S of Whites City, New Mexico",earthquake,0.79890223,0.847225601,0.1,15,reviewed,tx,tx
2023-12-09T20:48:41.854Z,32.314,-101.826,6.8229,2.5,ml,24,45,0,0.1,tx,tx2023yclg,2024-02-10T23:47:47.040Z,"20 km N of Stanton, Texas",earthquake,0.450730377,0.663511885,0.1,13,reviewed,tx,tx
2023-12-05T05:56:59.459Z,31.683,-104.435,6.183,2.5,ml,16,53,0,0.2,tx,tx2023xtzv,2024-02-10T23:47:33.040Z,"54 km S of Whites City, New Mexico",earthquake,0.974984429,0.777606631,0.1,17,reviewed,tx,tx
2023-12-03T06:39:33.445Z,31.671,-104.189,6.2987,2.5,ml,33,61,0.1,0.1,tx,tx2023xqkf,2024-02-10T23:47:23.040Z,"54 km NW of Toyah, Texas",earthquake,0.458676836,0.624390007,0.2,24,reviewed,tx,tx
2023-12-01T15:53:55.249Z,31.713,-104.521,5.1032,2.5,ml,18,66,0,0.2,tx,tx2023xnlo,2024-02-06T21:53:56.040Z,"53 km SSW of Whites City, New Mexico",earthquake,1.501919471,0.810353872,0.1,15,reviewed,tx,tx
2023-12-01T01:54:18.120Z,32.295,-101.8,5.7469,2.5,ml,14,53,0,0.1,tx,tx2023xmju,2024-02-06T21:53:55.040Z,western Texas,earthquake,0.67437692,0.931109464,0.2,22,reviewed,tx,tx
2023-12-01T01:15:40.331Z,32.294,-101.797,6.4071,2.5,ml,32,40,0,0.1,tx,tx2023xmin,2024-02-06T21:53:51.040Z,"18 km N of Stanton, Texas",earthquake,0.405432584,0.547771853,0.3,30,reviewed,tx,tx
2023-11-30T20:12:17.846Z,47.5536,-70.2725,15.474,2.5,ml,5,176,0.036,0.21,us,us7000lezz,2024-02-06T21:53:55.040Z,"14 km SW of La Malbaie, Canada",earthquake,4.97,2.152,0.256,2,reviewed,us,us
2023-11-30T19:46:30.630Z,36.8603333,-121.6013333,5.23,2.5,md,79,41,0.007862,0.17,nc,nc73970086,2024-02-06T21:53:51.040Z,"5 km SE of Aromas, CA",earthquake,0.19,0.3,0.152,84,reviewed,nc,nc
2023-11-30T12:48:46.931Z,31.514,-104.006,7.3141,2.5,ml(texnet),12,67,0,0.1,tx,tx2023xljx,2024-02-06T21:53:51.040Z,"29 km NW of Toyah, Texas",earthquake,0.768701285,0.740342671,0.1,12,reviewed,tx,tx
2023-11-27T19:07:05.436Z,31.679,-104.425,7.0571,2.5,ml(texnet),15,66,0,0.2,tx,tx2023xgjw,2024-02-06T21:53:51.040Z,western Texas,earthquake,1.113560183,0.773693848,0.1,8,reviewed,tx,tx
2023-11-25T02:38:40.337Z,44.4647,-113.1589,13.812,2.5,ml,51,47,0.206,0.51,us,us6000lqlw,2024-02-01T15:13:44.040Z,"28 km SSE of Leadore, Idaho",earthquake,1.45,5.883,0.042,75,reviewed,us,us
2023-11-24T03:01:40.575Z,32.6636,-109.0742,11.938,2.5,ml,13,80,0.11,0.73,us,us6000lqdt,2024-02-01T15:13:43.040Z,"1 km SSE of Franklin, Arizona",earthquake,4.44,6.282,0.074,24,reviewed,us,us
2023-11-22T12:56:30.248Z,44.0163,-124.9333,10,2.5,ml,33,262,0.617,0.48,us,us6000lq7c,2024-02-01T15:13:42.040Z,"66 km W of Florence, Oregon",earthquake,1.42,1.954,0.057,40,reviewed,us,us
2023-11-19T16:18:36.771Z,43.4898,-105.2517,0,2.5,ml,5,174,1.083,1.03,us,us6000lpgq,2024-02-01T15:13:48.040Z,"34 km SSE of Wright, Wyoming",mining explosion,7.33,1.797,0.148,6,reviewed,us,us
2023-11-19T15:54:38.659Z,32.894,-100.891,4.3285,2.5,ml(texnet),9,60,0,0.1,tx,tx2023wrnm,2024-02-01T15:13:41.040Z,"19 km N of Snyder, Texas",earthquake,0.641082851,1.317753133,0.1,12,reviewed,tx,tx
2023-11-19T07:30:21.300Z,36.0093333,-117.8096667,1.74,2.5,ml,30,56,0.0268,0.15,ci,ci39715122,2024-02-01T15:13:41.040Z,"12 km NE of Little Lake, CA",earthquake,0.17,0.2,0.161,44,reviewed,ci,ci
2023-11-18T10:13:44.643Z,45.316,-112.5983,8.42,2.5,ml,31,122,0.046,0.31,us,us6000lpax,2024-01-26T16:37:26.040Z,"11 km NNE of Dillon, Montana",earthquake,1.61,2.759,0.042,75,reviewed,us,us
2023-11-17T01:23:12.377Z,31.649,-104.021,5.1418,2.5,ml(texnet),17,50,0,0.1,tx,tx2023wmts,2024-01-26T16:37:47.040Z,"40 km W of Mentone, Texas",earthquake,0.453431773,0.537270494,0.1,15,reviewed,tx,tx
2023-11-16T20:02:12.421Z,31.637,-104.15,1.9155,2.5,ml,21,60,0.1,0.1,tx,tx2023wmjd,2024-02-16T22:25:35.510Z,"49 km NW of Toyah, Texas",earthquake,0.563067107,1.082012466,0.1,19,reviewed,tx,tx
2023-11-14T15:18:45.304Z,45.6675,-111.9437,5,2.5,ml,41,41,0.177,0.43,us,us6000lnc9,2024-01-26T16:37:34.040Z,"3 km WNW of Pony, Montana",earthquake,1.1,1.924,0.048,57,reviewed,us,us
2023-11-11T14:01:22.190Z,32.3173,-104.5004,7.831,2.5,ml,19,124,0.529,0.21,us,us7000lacj,2024-01-13T23:11:36.040Z,"19 km NW of Whites City, New Mexico",earthquake,2.33,5.408,0.064,32,reviewed,us,us
2023-11-10T15:43:17.439Z,31.641,-104.009,5.1675,2.5,ml(texnet),16,44,0,0.1,tx,tx2023wbbo,2024-01-13T23:11:11.040Z,"39 km W of Mentone, Texas",earthquake,0.382702646,0.433509521,0.1,12,reviewed,tx,tx
2023-11-09T08:56:50.892Z,31.621,-104.497,7.3141,2.5,ml(texnet),30,75,0,0.2,tx,tx2023vysp,2024-01-13T23:10:50.040Z,"62 km S of Whites City, New Mexico",earthquake,0.991718753,0.734303294,0.1,24,reviewed,tx,tx
2023-11-08T23:42:25.075Z,31.617,-104.096,6.093,2.5,ml(texnet),30,52,0,0.2,tx,tx2023vyak,2023-11-11T13:22:17.630Z,"44 km NW of Toyah, Texas",earthquake,0.405904923,0.355231128,0.1,15,reviewed,tx,tx
2023-11-08T18:00:11.777Z,31.638,-104.011,5.6046,2.5,ml(texnet),28,41,0,0.1,tx,tx2023vxpc,2024-01-13T23:10:43.040Z,western Texas,earthquake,0.290576937,0.413537777,0.2,18,reviewed,tx,tx
2023-11-08T15:04:19.861Z,31.641,-104.008,5.0233,2.5,ml(texnet),15,43,0,0.1,tx,tx2023vxjo,2024-01-13T23:10:40.040Z,"39 km W of Mentone, Texas",earthquake,0,2.066676679,0.2,13,automatic,tx,tx
2023-11-08T10:45:35.685Z,31.614,-103.986,7.1599,2.5,ml(texnet),15,56,0,0.1,tx,tx2023vxaw,2024-01-13T23:10:36.040Z,"37 km NNW of Toyah, Texas",earthquake,0.708567088,1.150908484,0.1,16,reviewed,tx,tx
2023-11-06T21:31:03.550Z,40.382,-124.33,24.98,2.5,md,28,171,0.01997,0.12,nc,nc73957010,2024-01-13T23:10:16.040Z,"7 km NNW of Petrolia, CA",earthquake,0.48,0.41,0.156,30,reviewed,nc,nc
2023-11-05T13:23:35.549Z,28.9,-98.271,10.002,2.5,ml,17,71,0.1,0.4,tx,tx2023vrtl,2024-01-13T23:10:04.040Z,"21 km ESE of Pleasanton, Texas",earthquake,1.592356063,2.843265536,0.2,13,reviewed,tx,tx
2023-11-04T05:38:30.370Z,37.7414,-97.9956,6.2,2.5,mb_lg,47,68,0.252,0.32,us,us7000l8tk,2024-01-10T06:01:54.040Z,"4 km SSE of Pretty Prairie, Kansas",earthquake,2.47,7.749,0.082,39,reviewed,us,us
2023-11-03T19:01:13.496Z,31.746,-104.134,6.1187,2.5,ml(texnet),35,59,0,0.2,tx,tx2023vonp,2024-01-10T06:01:50.040Z,"50 km W of Mentone, Texas",earthquake,0.34803064,0.362675236,0.2,36,reviewed,tx,tx
2023-11-02T12:14:56.465Z,46.6045,-74.2513,10.2,2.5,ml,11,110,0.439,0.35,us,us7000l8th,2024-01-10T06:01:39.040Z,"26 km WSW of Saint-Michel-des-Saints, Canada",earthquake,3.52,8.456,0.081,20,reviewed,us,us
2023-11-01T03:08:49.984Z,32.251,-103.478,8.8566,2.5,ml,24,70,0.1,0.2,tx,tx2023vjre,2024-02-16T22:26:36.444Z,"30 km WNW of Jal, New Mexico",earthquake,0.780188254,1.242692567,0.2,17,reviewed,tx,tx
2023-10-31T21:24:50.138Z,40.1745,-86.8227,6.133,2.5,mb_lg,13,87,0.293,0.74,us,us7000l7xi,2024-01-10T06:01:28.040Z,"7 km ESE of Linden, Indiana",earthquake,1.67,4.508,0.208,7,reviewed,us,us
2023-10-31T19:04:18.563Z,38.5909,-119.3492,7.7,2.5,ml,24,51.38,0.111,0.1468,nn,nn00868214,2024-01-10T06:01:27.040Z,"13 km NE of Walker, California",earthquake,,1.1,0.25,11,reviewed,nn,nn
2023-10-31T11:12:57.892Z,32.008,-103.836,6.9028,2.5,ml(texnet),17,69,0,0.1,tx,tx2023vilr,2024-01-10T06:01:23.040Z,New Mexico,earthquake,1.145341606,0.91703352,0.1,7,reviewed,tx,tx
2023-10-31T08:03:00.071Z,28.911,-98.288,3.3992,2.5,ml(texnet),16,72,0.1,0.3,tx,tx2023vifj,2024-01-10T06:01:22.040Z,"19 km ESE of Pleasanton, Texas",earthquake,1.242346729,2.339499802,0.2,7,reviewed,tx,tx
2023-10-28T18:17:13.820Z,38.552,-119.5068333,5.01,2.5,md,18,112,0.03539,0.06,nc,nc73952850,2024-01-04T04:22:40.040Z,"5 km NNW of Walker, CA",earthquake,0.23,0.36,0.23,34,reviewed,nc,nc
2023-10-28T11:31:34.635Z,31.576,-104.542,6.4658,2.5,ml(texnet),19,85,0.1,0.1,tx,tx2023vczt,2024-01-04T04:22:37.040Z,"65 km NNE of Van Horn, Texas",earthquake,1.502468921,2.413723212,0,7,reviewed,tx,tx
2023-10-27T18:56:24.518Z,34.0044,-108.5964,10.124,2.5,ml,22,59,0.706,0.7,us,us7000l6ye,2024-01-04T04:22:27.040Z,"14 km NNW of Aragon, New Mexico",earthquake,2.63,7.397,0.062,34,reviewed,us,us
2023-10-26T10:31:30.715Z,44.3398,-115.1703,10,2.5,ml,31,41,0.33,0.89,us,us7000l6i1,2024-01-04T04:22:18.040Z,"22 km NW of Stanley, Idaho",earthquake,1.19,2.011,0.051,50,reviewed,us,us
2023-10-17T15:54:06.899Z,28.924,-98.054,2.3721,2.5,ml(texnet),13,71,0.1,0.2,tx,tx2023ujfw,2023-12-26T21:25:13.040Z,"7 km SSW of Falls City, Texas",earthquake,0.866901031,1.712596298,0.2,18,reviewed,tx,tx
2023-10-14T15:30:26.646Z,28.971,-97.978,0.0978,2.5,ml(texnet),14,64,0,0.1,tx,tx2023udso,2023-12-16T22:13:09.040Z,"4 km ESE of Falls City, Texas",earthquake,0.772000841,2.062462671,0.1,12,reviewed,tx,tx
2023-10-14T14:31:17.868Z,43.6904,-105.3657,0,2.5,ml,8,123,1.053,0.53,us,us6000lgn0,2023-12-16T22:13:10.040Z,"12 km ESE of Wright, Wyoming",mining explosion,4.28,1.688,0.097,14,reviewed,us,us
2023-10-12T05:33:02.136Z,31.548,-104.145,6.0802,2.5,ml(texnet),18,69,0,0.2,tx,tx2023tzhx,2023-12-16T22:13:05.040Z,"42 km NW of Toyah, Texas",earthquake,1.033941702,1.017967076,0.1,7,reviewed,tx,tx
2023-10-11T17:49:49.758Z,32.3169,-108.8775,12.954,2.5,ml,23,86,0.297,0.44,us,us6000levx,2023-12-16T22:13:07.040Z,"16 km WSW of Lordsburg, New Mexico",earthquake,2.94,6.966,0.06,36,reviewed,us,us
2023-10-11T05:47:48.714Z,31.679,-104.43,6.183,2.5,ml(texnet),15,52,0,0.2,tx,tx2023txmw,2023-12-16T22:13:07.040Z,western Texas,earthquake,1.076222032,0.878594336,0.1,7,reviewed,tx,tx
2023-10-11T04:33:10.823Z,44.2909,-114.8371,5,2.5,ml,23,43,0.185,0.73,us,us6000lepp,2023-12-16T22:13:07.040Z,"11 km NE of Stanley, Idaho",earthquake,1.04,1.809,0.051,50,reviewed,us,us
2023-10-08T04:57:07.707Z,31.679,-104.422,6.4915,2.5,ml(texnet),32,62,0,0.2,tx,tx2023tryr,2023-12-16T22:13:05.040Z,western Texas,earthquake,0.697580898,0.604999969,0.2,25,reviewed,tx,tx
2023-10-07T04:16:57.281Z,31.736,-104.536,4.332,2.5,ml(texnet),27,84,0,0.2,tx,tx2023tqbv,2023-12-14T21:26:55.040Z,"51 km SSW of Whites City, New Mexico",earthquake,0.875459673,0.539011444,0.2,21,reviewed,tx,tx
2023-10-06T15:27:26.970Z,40.1428333,-121.7341667,11.45,2.5,md,7,137,0.1603,0.07,nc,nc73946306,2023-12-14T21:26:50.040Z,"28 km SSW of Mineral, CA",earthquake,0.53,1.81,0.124,38,reviewed,nc,nc
2023-10-04T04:09:09.870Z,31.616,-103.977,6.3886,2.5,ml(texnet),20,63,0,0.1,tx,tx2023tkpb,2023-12-14T21:26:50.040Z,"37 km WSW of Mentone, Texas",earthquake,0.494493742,0.668210146,0.1,6,reviewed,tx,tx
2023-10-01T17:52:12.820Z,41.8476667,-111.506,6.37,2.5,ml,28,71,0.1993,0.18,uu,uu60551252,2023-12-14T21:26:50.040Z,"10 km WSW of Garden, Utah",earthquake,0.37,0.7,0.352,10,reviewed,uu,uu
2023-10-01T09:36:23.525Z,31.656,-104.413,6.0802,2.5,ml(texnet),15,62,0,0.1,tx,tx2023tfnj,2023-12-14T21:26:50.040Z,"57 km S of Whites City, New Mexico",earthquake,0.903054149,0.793759485,0.1,23,reviewed,tx,tx
2023-09-29T20:14:40.882Z,31.519,-104.007,6.9028,2.5,ml(texnet),15,63,0,0.1,tx,tx2023tcrj,2023-12-09T22:00:42.040Z,"30 km NW of Toyah, Texas",earthquake,1.051781099,0.87024808,0.1,7,reviewed,tx,tx
2023-09-27T19:39:34.492Z,31.601,-104.55,5.5403,2.5,ml(texnet),27,75,0.1,0.2,tx,tx2023syzg,2023-12-09T22:00:40.040Z,"65 km SSW of Whites City, New Mexico",earthquake,1.715207165,1.405031439,0.1,19,reviewed,tx,tx
2023-09-26T02:30:46.014Z,44.7197,-111.7899,10,2.5,ml,43,48,0.089,0.48,us,us7000ky3w,2023-12-09T22:00:45.040Z,"46 km NW of Island Park, Idaho",earthquake,1.09,2.001,0.048,58,reviewed,us,us
2023-09-25T21:48:06.038Z,44.4587,-115.1984,10,2.5,ml,21,56,0.689,0.63,us,us7000ky20,2023-12-09T22:00:45.040Z,"33 km NW of Stanley, Idaho",earthquake,1.79,1.997,0.085,18,reviewed,us,us
2023-09-25T17:17:19.048Z,28.796,-98.457,4.2796,2.5,ml(texnet),26,65,0,0.3,tx,tx2023svdn,2023-12-09T22:00:45.040Z,"4 km E of Christine, Texas",earthquake,1.39279251,1.817884593,0,7,reviewed,tx,tx
2023-09-23T00:48:19.951Z,31.679,-104.418,6.3886,2.5,ml(texnet),16,68,0,0.2,tx,tx2023sqfx,2023-12-02T23:01:11.040Z,"55 km S of Whites City, New Mexico",earthquake,0.800058401,0.745791188,0.1,31,reviewed,tx,tx
2023-09-22T00:11:43.910Z,40.4101667,-124.6886667,23.14,2.5,md,36,235,0.2759,0.17,nc,nc73940091,2023-12-02T23:01:05.040Z,"36 km WNW of Petrolia, CA",earthquake,1.35,0.82,0.389,33,reviewed,nc,nc
2023-09-21T19:35:48.366Z,32.008,-103.842,5.9259,2.5,ml(texnet),20,74,0,0.1,tx,tx2023soac,2023-12-02T23:01:09.040Z,"32 km SE of Malaga, New Mexico",earthquake,1.380029687,0.813282321,0.1,6,reviewed,tx,tx
2023-09-17T07:08:54.480Z,47.60316667,-121.7608333,15.79,2.5,ml,66,105,0.1022,0.38,uw,uw61960406,2024-03-07T02:03:05.692Z,"9 km NNE of Snoqualmie, Washington",earthquake,0.37,0.69,0.139936379,49,reviewed,uw,uw
2023-09-15T13:43:47.757Z,38.1724,-117.8582,9.3,2.5,ml,12,62.37,0.103,0.119,nn,nn00865851,2023-11-18T22:29:35.040Z,"32 km SE of Mina, Nevada",earthquake,,1.2,0.37,7,reviewed,nn,nn
2023-09-11T09:35:33.460Z,39.3005,-122.7956667,6.14,2.5,md,75,62,0.1495,0.14,nc,nc73935691,2023-11-18T22:29:32.040Z,"18 km NNE of Upper Lake, CA",earthquake,0.16,0.66,0.239,102,reviewed,nc,nc
2023-09-11T02:57:03.796Z,37.5552,-104.711,5,2.5,ml,9,87,0.436,0.68,us,us6000lf2l,2023-11-18T22:29:32.040Z,"9 km SE of Walsenburg, Colorado",earthquake,2.12,1.891,0.128,8,reviewed,us,us
2023-09-10T21:32:44.181Z,31.56496156,-104.0237212,8.702368164,2.5,ml,17,58,0.039711635,0.1,tx,tx2023rubl,2023-11-18T22:29:32.040Z,"35 km NW of Toyah, Texas",earthquake,0.840128123,0.891250341,0.1,19,reviewed,tx,tx
2023-09-10T17:18:53.856Z,31.66750727,-104.3816511,7.622631836,2.5,ml,37,66,0.039838398,0.3,tx,tx2023rtta,2023-11-18T22:29:32.040Z,"56 km S of Whites City, New Mexico",earthquake,0.809521826,0.807547261,0.1,19,reviewed,tx,tx
2023-09-05T10:21:41.860Z,40.124,-123.0593333,42.78,2.5,md,53,27,0.09294,0.15,nc,nc73933326,2023-11-17T19:47:47.040Z,"40 km NNE of Covelo, CA",earthquake,0.34,0.56,0.23,55,reviewed,nc,nc
2023-09-04T23:20:05.039Z,31.66799545,-104.4467889,5.874487305,2.5,ml,31,63,0.017260943,0.2,tx,tx2023rjfy,2024-01-18T20:50:03.544Z,"56 km S of Whites City, New Mexico",earthquake,0.936569604,0.502154943,0.1,19,reviewed,tx,tx
2023-09-03T06:12:48.216Z,40.204,-98.3148,9.331,2.5,mb_lg,10,66,1.21,0.31,us,us7000ksym,2023-11-17T19:47:48.040Z,"10 km SSW of Lawrence, Nebraska",earthquake,3.55,6.705,0.089,33,reviewed,us,us
2023-08-31T23:32:31.021Z,32.00672923,-103.8260399,7.519799805,2.5,ml,20,59,0.022364917,0.2,tx,tx2023rbyj,2023-11-04T21:36:07.040Z,"33 km SE of Malaga, New Mexico",earthquake,0.746794003,0.987581518,0.1,13,reviewed,tx,tx
2023-08-31T14:23:11.901Z,31.63014265,-104.502658,7.288427734,2.5,ml,23,140,0.065642527,0.3,tx,tx2023rbgg,2023-11-04T21:36:04.040Z,"61 km S of Whites City, New Mexico",earthquake,1.365269845,1.132917947,0.2,16,reviewed,tx,tx
2023-08-31T04:23:00.267Z,31.91711426,-102.0238662,8.363525391,2.5,ml,21,52,0.114988013,0.1,tx,tx2023rami,2023-11-04T21:36:00.040Z,"10 km SSE of Midland, Texas",earthquake,1.651760226,2.165729259,0.2,30,reviewed,tx,tx
2023-08-31T02:34:05.382Z,39.7517,-98.0778,9.128,2.5,mb_lg,33,94,1.31,0.61,us,us7000ks98,2023-11-04T21:35:59.040Z,"7 km WSW of Formoso, Kansas",earthquake,1.45,7.098,0.073,49,reviewed,us,us
2023-08-23T07:13:17.970Z,39.7386,-98.0862,10.265,2.5,mb_lg,20,65,1.309,0.33,us,us7000kqa0,2023-10-28T19:15:35.040Z,"9 km WSW of Formoso, Kansas",earthquake,2.49,3.098,0.066,59,reviewed,us,us
2023-08-22T11:15:03.329Z,40.2119,-98.3362,10,2.5,mb_lg,20,53,1.203,0.34,us,us7000kq39,2023-10-28T19:15:34.040Z,"10 km ENE of Cowles, Nebraska",earthquake,1.34,1.993,0.071,52,reviewed,us,us
2023-08-22T07:03:13.879Z,31.61103917,-103.9895211,7.828295898,2.5,ml,13,58,0.017645471,0.1,tx,tx2023qkgg,2023-10-28T19:15:34.040Z,"37 km NNW of Toyah, Texas",earthquake,0.546033633,0.56297946,0.1,30,reviewed,tx,tx
2023-08-20T11:06:28.773Z,39.6362,-119.646,9.6,2.5,ml,25,76.6,0.118,0.1544,nn,nn00864692,2023-10-28T19:15:32.040Z,Nevada,earthquake,,1.3,0.19,7,reviewed,nn,nn
2023-08-20T03:24:39.944Z,40.1846,-98.3104,10,2.5,mb_lg,15,52,1.229,0.59,us,us7000kpju,2023-10-28T19:15:31.040Z,"11 km E of Cowles, Nebraska",earthquake,4.61,1.999,0.095,29,reviewed,us,us
2023-08-19T23:56:08.826Z,44.2658,-115.168,10,2.5,ml,30,103,0.819,0.81,us,us7000kpiz,2024-01-18T20:44:35.887Z,"19 km WNW of Stanley, Idaho",earthquake,1.42,2.009,0.056,42,reviewed,us,us
2023-08-19T22:49:30.992Z,38.5388,-118.4335,12.4,2.5,ml,16,74.14,0.293,0.1622,nn,nn00864674,2023-10-27T21:39:04.040Z,"16 km E of Hawthorne, Nevada",earthquake,,1.5,0.19,9,reviewed,nn,nn
2023-08-19T06:18:23.643Z,32.292,-104.5255,5,2.5,ml,24,122,0.548,0.23,us,us7000kpfa,2023-10-27T21:39:04.040Z,"19 km NW of Whites City, New Mexico",earthquake,2.35,1.96,0.065,31,reviewed,us,us
2023-08-13T05:58:30.422Z,31.6742125,-104.41078,7.005639648,2.5,ml,19,56,0.014258666,0.2,tx,tx2023ptsn,2023-10-27T21:39:00.040Z,"55 km S of Whites City, New Mexico",earthquake,1.114231229,0.966476495,0.1,24,reviewed,tx,tx
2023-08-13T05:46:42.444Z,31.66962393,-104.4096615,7.725463867,2.5,ml,20,57,0.017492474,0.1,tx,tx2023ptsd,2023-10-27T21:39:00.040Z,"56 km S of Whites City, New Mexico",earthquake,0.966145294,0.992283999,0.1,28,reviewed,tx,tx
2023-08-11T13:59:20.418Z,47.6144,-70.0355,12.195,2.5,mb_lg,16,109,0.207,0.26,us,us6000kz8v,2023-10-17T22:01:30.040Z,"9 km ESE of La Malbaie, Canada",earthquake,2.56,5.881,0.295,3,reviewed,us,us
2023-08-09T03:46:53.555Z,42.8753,-111.1224,5,2.5,ml,26,76,0.111,0.64,us,us6000kysn,2023-10-17T22:01:28.040Z,"11 km WSW of Thayne, Wyoming",earthquake,1.56,1.806,0.047,59,reviewed,us,us
2023-08-08T22:04:21.806Z,44.3159,-70.2573,9.435,2.5,mb_lg,20,126,0.353,0.38,us,us6000kyr7,2023-10-17T22:01:28.040Z,"6 km N of Turner, Maine",earthquake,2.46,6.846,0.208,6,reviewed,us,us
2023-08-08T18:48:51.775Z,31.61175964,-104.3669041,6.774267578,2.5,ml,20,84,0.071179741,0.2,tx,tx2023plok,2023-10-17T22:01:28.040Z,"62 km S of Whites City, New Mexico",earthquake,1.551448325,1.924202717,0.1,26,reviewed,tx,tx
2023-08-08T13:59:12.834Z,31.67842261,-104.399513,6.182983398,2.5,ml,35,69,0.022571621,0.2,tx,tx2023plew,2023-10-17T22:01:28.040Z,"55 km S of Whites City, New Mexico",earthquake,0.689590629,0.625501209,0,6,reviewed,tx,tx
2023-08-08T13:39:24.626Z,31.67653511,-104.4070328,6.131567383,2.5,ml,35,69,0.016519379,0.2,tx,tx2023plef,2023-10-17T22:01:28.040Z,"55 km S of Whites City, New Mexico",earthquake,0.997778878,0.835429679,0,6,reviewed,tx,tx
2023-08-06T07:32:10.231Z,47.2587,-113.1732,11.168,2.5,ml,25,79,0.219,0.48,us,us6000ky8e,2023-10-17T22:01:25.040Z,"25 km ENE of Seeley Lake, Montana",earthquake,0.98,8.408,0.048,58,reviewed,us,us
2023-08-04T14:29:40.150Z,37.5051667,-118.7951667,8.35,2.5,md,29,64,0.07259,0.04,nc,nc73920141,2023-10-07T21:38:57.040Z,"12 km WSW of Toms Place, CA",earthquake,0.36,0.71,0.191,33,reviewed,nc,nc
2023-08-03T01:08:13.881Z,46.9095,-112.5975,14.28,2.5,ml,25,59,0.061,0.41,us,us6000kxfg,2023-10-07T21:38:57.040Z,"8 km SE of Lincoln, Montana",earthquake,1.62,3.875,0.066,30,reviewed,us,us
2023-07-28T18:20:53.470Z,31.61517544,-103.9895401,8.39387207,2.5,ml,13,68,0.024513226,0.2,tx,tx2023orkz,2023-09-30T21:36:32.040Z,"38 km NNW of Toyah, Texas",earthquake,0.971158629,0.935501532,0.2,18,reviewed,tx,tx
2023-07-27T07:42:07.430Z,31.56759707,-104.0565342,7.468383789,2.5,ml,32,54,0.019415372,0.3,tx,tx2023oouk,2023-09-30T21:36:32.040Z,"37 km NW of Toyah, Texas",earthquake,0.745661609,0.706749727,0.2,23,reviewed,tx,tx
2023-07-23T14:25:25.932Z,43.6569,-110.1366,2.293,2.5,ml,29,97,0.342,0.4,us,us7000khtn,2023-09-30T21:36:38.040Z,"39 km E of Kelly, Wyoming",earthquake,1.13,3.364,0.062,34,reviewed,us,us
2023-07-22T11:57:41.028Z,40.5866,-119.3515,0,2.5,ml,6,122.58,0.508,0.202,nn,nn00863089,2023-09-28T21:34:11.040Z,"1 km NNW of Empire, Nevada",earthquake,,0,0.11,5,reviewed,nn,nn
2023-07-22T07:28:28.680Z,37.5308333,-118.7965,5.36,2.5,md,29,79,0.05199,0.03,nc,nc73915436,2023-09-28T21:34:08.040Z,"11 km WSW of Toms Place, CA",earthquake,0.4,0.49,0.197,41,reviewed,nc,nc
2023-07-22T04:44:28.211Z,29.16595459,-97.68991268,7.60542806,2.5,ml,16,64,0.052909072,0.3,tx,tx2023ofla,2023-09-28T21:34:07.040Z,"12 km SSW of Smiley, Texas",earthquake,1.587901574,2.101363939,0.2,14,reviewed,tx,tx
2023-07-21T01:15:41.456Z,31.67461299,-104.4861502,4.743334961,2.5,ml,30,76,0.013842769,0.2,tx,tx2023odip,2023-09-28T21:34:01.040Z,"56 km S of Whites City, New Mexico",earthquake,0.907530944,0.545302519,0.2,18,reviewed,tx,tx
2023-07-20T00:31:45.190Z,31.5331667,-115.6758333,7.34,2.5,ml,9,85,0.1689,0.15,ci,ci39617114,2023-09-28T21:33:54.040Z,"87km ESE of Maneadero, B.C., MX",earthquake,0.29,1.47,0.111,22,reviewed,ci,ci
2023-07-17T02:36:42.086Z,31.5332,-115.6608,10,2.5,ml,12,95,0.176,0.59,us,us7000kg9b,2023-09-28T21:33:34.040Z,"60 km ENE of San Vicente, Mexico",earthquake,2.14,2.014,0.109,11,reviewed,us,us
2023-07-16T20:57:11.770Z,32.12219238,-101.0506383,3.961669922,2.5,ml,37,69,0.217614027,0.2,tx,tx2023nvsc,2023-09-28T21:33:49.040Z,"26 km S of Westbrook, Texas",earthquake,0.84504355,2.142957597,0.1,25,reviewed,tx,tx
2023-07-16T07:42:32.842Z,38.5391,-118.1663,9.4,2.5,ml,12,41.43,0.369,0.2063,nn,nn00862736,2023-09-28T21:33:25.040Z,"17 km NNW of Mina, Nevada",earthquake,,1.4,0.1,7,reviewed,nn,nn
2023-07-16T01:56:55.946Z,31.60969925,-103.9776801,7.416967773,2.5,ml,14,57,0.035654749,0.1,tx,tx2023nugl,2023-09-28T21:33:48.040Z,"37 km NNW of Toyah, Texas",earthquake,0.562398826,0.698840216,0.1,21,reviewed,tx,tx
2023-07-16T01:20:19.790Z,31.61141964,-103.9786292,7.326989746,2.5,ml,18,47,0.008381842,0.1,tx,tx2023nufh,2023-09-28T21:33:22.040Z,"37 km NNW of Toyah, Texas",earthquake,0.450240962,0.572580852,0.1,29,reviewed,tx,tx
2023-07-15T23:16:37.863Z,39.6426,-107.4736,5,2.5,ml,17,78,0.257,0.34,us,us7000kg16,2023-09-16T19:16:18.040Z,"7 km NNW of Chacra, Colorado",earthquake,1.6,1.902,0.094,15,reviewed,us,us
2023-07-15T15:10:36.020Z,31.5436,-114.3234,10,2.5,ml,21,146,0.626,0.83,us,us7000kgm2,2023-09-16T19:16:20.040Z,"22 km SE of Golfo de Santa Clara, Mexico",earthquake,1.91,1.979,0.097,14,reviewed,us,us
2023-07-15T01:49:02.091Z,44.6179,-112.595,10,2.5,ml,30,90,0.035,0.52,us,us7000kfwf,2023-09-16T19:16:16.040Z,"2 km S of Lima, Montana",earthquake,1.68,1.616,0.066,30,reviewed,us,us
2023-07-14T19:41:53.697Z,31.6593,-104.4173,8.843,2.5,ml,53,46,0.013,0.48,us,us7000kftc,2024-01-04T20:43:48.115Z,"57 km S of Whites City, New Mexico",earthquake,1.5,3.529,0.057,80,reviewed,us,us
2023-07-11T21:44:11.601Z,44.6175,-112.5776,8.925,2.5,ml,23,91,0.047,0.21,us,us7000kez9,2023-09-16T19:16:10.040Z,"2 km SSE of Lima, Montana",earthquake,1.59,2.42,0.141,9,reviewed,us,mb
2023-07-11T16:54:44.673Z,32.69439697,-100.7001477,5.697957357,2.5,ml,14,61,0.039390142,0.1,tx,tx2023nmgo,2023-09-16T19:16:10.040Z,"8 km NE of Hermleigh, Texas",earthquake,0.99172357,1.154454406,0.1,13,reviewed,tx,tx
2023-07-07T01:00:33.856Z,31.64285905,-104.2759575,6.491479492,2.5,ml,14,60,0.030294372,0.1,tx,tx2023ndtb,2023-09-09T21:54:53.040Z,"58 km NW of Toyah, Texas",earthquake,0.938066091,0.982676857,0.1,29,reviewed,tx,tx
2023-07-06T13:30:11.878Z,31.59576416,-104.5244617,8.681437174,2.5,ml,29,83,0.075619814,0.2,tx,tx2023ncwh,2023-09-09T21:54:52.040Z,"65 km SSW of Whites City, New Mexico",earthquake,1.353267457,1.042920694,0.1,14,reviewed,tx,tx
2023-07-03T21:26:25.530Z,34.0445,-117.1668333,11.06,2.5,ml,109,21,0.08405,0.14,ci,ci40502928,2023-09-09T21:54:43.040Z,"2 km SE of Redlands, CA",earthquake,0.1,0.2,0.179,25,reviewed,ci,ci
2023-07-02T23:41:50.186Z,31.2637,-115.6885,13.075,2.5,ml,20,86,0.151,0.49,us,us6000kpr6,2023-09-09T21:54:38.040Z,"53 km E of San Vicente, Mexico",earthquake,1.63,3.31,0.071,26,reviewed,us,us
2023-07-01T03:11:19.867Z,32.44354248,-102.1214034,7.898885091,2.5,ml,18,88,0.062381631,0.1,tx,tx2023msyj,2023-09-08T14:18:31.040Z,"36 km SSW of Los Ybanez, Texas",earthquake,0.790359179,1.842482767,0.1,31,reviewed,tx,tx
2023-06-29T19:01:19.761Z,31.61264861,-103.9892595,6.671435547,2.5,ml,11,57,0.025344621,0.1,tx,tx2023mqms,2023-09-08T14:18:28.040Z,"37 km NNW of Toyah, Texas",earthquake,0.988462353,1.821767884,0.1,7,reviewed,tx,tx
2023-06-29T15:28:24.207Z,32.44171143,-102.1192597,7.849975586,2.5,ml,21,72,0.062064122,0.1,tx,tx2023mqfs,2023-09-08T14:18:28.040Z,"36 km SSW of Los Ybanez, Texas",earthquake,0.625977833,1.126586979,0.1,10,reviewed,tx,tx
2023-06-23T15:08:33.279Z,36.5147,-112.3439,5,2.5,ml,13,99,0.631,0.57,us,us7000kamh,2023-08-26T20:54:27.040Z,"43 km NE of Supai, Arizona",earthquake,1.5,1.918,0.06,36,reviewed,us,us
2023-06-23T03:17:22.005Z,39.9268,-117.7919,5.2,2.5,ml,7,151.37,0.256,0.3293,nn,nn00861604,2023-08-26T20:54:10.040Z,"64 km ESE of Lovelock, Nevada",earthquake,,3.7,0.31,4,reviewed,nn,nn
2023-06-22T12:09:36.064Z,39.624,-119.9652,7.1,2.5,ml,28,69.76,0.017,0.1425,nn,nn00861551,2023-08-26T20:54:11.040Z,"6 km S of Cold Springs, Nevada",earthquake,,0.8,0.18,7,reviewed,nn,nn
2023-06-21T08:22:38.892Z,32.31536865,-101.8212891,6.333780924,2.5,ml,22,69,0.023769622,0.1,tx,tx2023mbbq,2023-08-26T20:54:25.040Z,"20 km N of Stanton, Texas",earthquake,0.555721496,0.834384516,0.2,18,reviewed,tx,tx
2023-06-19T22:11:59.042Z,31.52088334,-104.0116792,7.982543945,2.5,ml,18,62,0.038805836,0.1,tx,tx2023lyly,2023-08-26T20:54:25.040Z,"30 km NW of Toyah, Texas",earthquake,0.838000358,0.744731441,0.2,14,reviewed,tx,tx
2023-06-18T13:22:30.292Z,43.8556,-115.0003,10,2.5,ml,13,114,0.516,0.69,us,us7000k9cy,2023-08-26T20:54:16.040Z,"40 km S of Stanley, Idaho",earthquake,1.72,1.998,0.097,14,reviewed,us,us
2023-06-16T06:26:43.932Z,31.61291461,-103.9782325,6.697143555,2.5,ml,15,56,0.034415519,0.1,tx,tx2023lruh,2023-08-21T04:19:04.040Z,"37 km WSW of Mentone, Texas",earthquake,0.836965387,1.188085732,0,7,reviewed,tx,tx
2023-06-15T23:27:50.106Z,31.94501103,-103.3461734,7.905419922,2.5,ml,12,88,0.030697876,0.1,tx,tx2023lrgm,2023-08-21T04:19:02.040Z,"23 km SW of Jal, New Mexico",earthquake,1.942424365,1.611542561,0.1,15,reviewed,tx,tx
2023-06-08T04:56:56.435Z,38.4017,-96.8427,8.202,2.5,mb_lg,28,93,0.722,0.53,us,us7000k71z,2023-08-12T17:15:08.040Z,"14 km SE of Lincolnville, Kansas",earthquake,1.59,7.108,0.061,69,reviewed,us,us
2023-06-07T12:25:24.720Z,45.4514,-111.8104,13.32,2.5,ml,71,39,0.193,0.3,us,us7000k6va,2023-08-12T17:15:07.040Z,"13 km NNW of Ennis, Montana",earthquake,1.57,7.449,0.049,55,reviewed,us,us
2023-06-03T18:48:13.660Z,31.6708374,-104.5416111,6.773966471,2.5,ml,23,170,0.034850808,0.1,tx,tx2023kuzf,2023-08-05T22:07:55.040Z,"58 km SSW of Whites City, New Mexico",earthquake,0.954290102,0.560438242,0.1,19,reviewed,tx,tx
2023-06-02T10:34:20.649Z,39.6183,-119.965,5.4,2.5,ml,18,68.46,0.011,0.1253,nn,nn00860674,2023-08-05T22:07:47.040Z,"6 km S of Cold Springs, Nevada",earthquake,,1,0.2,4,reviewed,nn,nn
2023-05-28T10:16:10.465Z,31.65304361,-104.2625807,6.388647461,2.5,ml,26,59,0.103256457,0.2,tx,tx2023kjjh,2023-08-05T22:07:37.040Z,"58 km NW of Toyah, Texas",earthquake,0.730898489,1.498412097,0.1,36,reviewed,tx,tx
2023-05-27T23:15:59.345Z,44.7732,-114.4167,5,2.5,ml,17,48,0.451,0.58,us,us7000k4mg,2023-07-29T22:00:45.040Z,"33 km NNW of Challis, Idaho",earthquake,1.43,1.937,0.091,16,reviewed,us,us
2023-05-27T23:14:33.512Z,44.7815,-114.3903,10,2.5,ml,18,50,0.458,0.71,us,us7000k4j2,2023-07-29T22:00:44.040Z,"33 km NNW of Challis, Idaho",earthquake,1.3,1.991,0.052,48,reviewed,us,us
2023-05-26T20:06:59.661Z,32.30255127,-101.7934213,7.214152018,2.5,ml,17,61,0.037491501,0.3,tx,tx2023kglu,2023-07-29T22:00:42.040Z,"19 km N of Stanton, Texas",earthquake,1.070855057,0.986594894,0.1,12,reviewed,tx,tx
2023-05-22T23:13:29.566Z,31.61719595,-104.5132873,6.877099609,2.5,ml,28,76,0.07955445,0.3,tx,tx2023jzkb,2023-07-29T22:00:29.040Z,"63 km SSW of Whites City, New Mexico",earthquake,1.590063408,1.07983484,0.2,19,reviewed,tx,tx
2023-05-22T23:01:38.470Z,31.61383378,-103.9782366,7.005639648,2.5,ml,14,56,0.008608438,0.1,tx,tx2023jzjq,2023-07-29T22:00:31.040Z,"37 km WSW of Mentone, Texas",earthquake,0.561716923,0.684943151,0.2,12,reviewed,tx,tx
2023-05-21T11:41:35.602Z,37.2859,-117.5879,6.018,2.5,ml,46,54,0.07,0.23,us,us6000kdll,2023-07-29T22:00:25.040Z,"52 km S of Silver Peak, Nevada",earthquake,1.29,4.002,0.037,96,reviewed,us,us
2023-05-18T19:30:29.845Z,38.4085,-96.8661,5,2.5,mb_lg,44,61,0.72,0.45,us,us6000kcxl,2023-07-24T01:16:11.040Z,"12 km SE of Lincolnville, Kansas",earthquake,3,1.514,0.098,27,reviewed,us,us
2023-05-16T02:41:01.570Z,31.68093758,-104.2014178,7.211303711,2.5,ml,32,69,0.054918815,0.2,tx,tx2023jmwf,2023-07-24T01:16:40.040Z,"56 km NW of Toyah, Texas",earthquake,0.589087364,0.861395963,0.1,6,reviewed,tx,tx
2023-05-15T05:08:58.512Z,31.60960064,-104.5454874,7.699755859,2.5,ml,35,76,0.070336861,0.1,tx,tx2023jlfp,2023-07-24T01:16:50.040Z,"64 km SSW of Whites City, New Mexico",earthquake,1.878162624,0.973421592,0.1,25,reviewed,tx,tx
2023-05-14T06:38:24.868Z,31.65310738,-104.2924514,8.676660156,2.5,ml,22,58,0.029915572,0.1,tx,tx2023jjnb,2023-07-24T01:17:04.040Z,"58 km S of Whites City, New Mexico",earthquake,0.743030946,1.009145581,0.1,27,reviewed,tx,tx
2023-05-13T00:22:34.350Z,39.2354,-99.4995,3.69,2.5,mb_lg,10,119,0.46,0.51,us,us6000kbl9,2023-07-22T19:17:13.040Z,"5 km W of Zurich, Kansas",earthquake,3.29,7.715,0.065,62,reviewed,us,us
2023-05-10T21:18:57.154Z,37.2946,-104.4788,6.88,2.5,mb_lg,10,65,0.165,0.16,us,us6000kaze,2023-07-22T19:16:40.040Z,"7 km N of El Moro, Colorado",earthquake,2.13,4.077,0.295,12,reviewed,us,us
2023-05-08T19:15:10.901Z,31.65517393,-104.2927367,8.650952148,2.5,ml,37,67,0.028879215,0.3,tx,tx2023izmw,2023-05-10T18:44:15.455Z,"58 km S of Whites City, New Mexico",earthquake,1.030228989,0.888942981,0.2,19,reviewed,tx,tx
2023-05-08T19:15:10.492Z,31.6082,-104.2807,5,2.5,mb_lg,45,59,0.065,0.57,us,us6000kax3,2023-07-22T19:16:38.040Z,"56 km NW of Toyah, Texas",earthquake,0.89,1.497,0.136,27,reviewed,us,us
2023-05-07T23:33:42.142Z,29.2177,-102.9063,5,2.5,ml,35,171,0.666,0.71,us,us6000kaa8,2023-07-22T19:16:20.040Z,"61 km E of Study Butte, Texas",earthquake,2.21,1.936,0.077,36,reviewed,us,us
2023-05-07T02:28:41.813Z,28.97918701,-97.96289063,1.736287435,2.5,ml,19,57,0.035651659,0.3,tx,tx2023iwkh,2023-07-22T19:16:07.040Z,"5 km E of Falls City, Texas",earthquake,1.351253768,1.903141218,0.2,10,reviewed,tx,tx
2023-05-02T19:12:48.703Z,31.72484073,-104.3448577,7.532653809,2.5,ml,27,72,0.069839348,0.3,tx,tx2023ionw,2023-07-15T22:10:55.040Z,"50 km S of Whites City, New Mexico",earthquake,0.50816668,0.824395841,0.2,21,reviewed,tx,tx
2023-05-02T11:56:56.505Z,38.4013,-96.8195,8.139,2.5,mb_lg,31,92,0.718,0.22,us,us7000jxhk,2023-07-15T22:10:52.040Z,"15 km WNW of Elmdale, Kansas",earthquake,1.37,7.068,0.075,46,reviewed,us,us
2023-04-30T04:59:19.524Z,31.69778487,-104.1374574,7.776879883,2.5,ml,54,43,0.060226685,0.2,tx,tx2023ijut,2023-07-15T22:10:34.040Z,"51 km W of Mentone, Texas",earthquake,0.480565081,0.598350215,0.1,6,reviewed,tx,tx
2023-04-29T17:08:48.118Z,31.61437875,-103.98725,8.09822998,2.5,ml,31,56,0.016131101,0.2,tx,tx2023iixh,2023-07-11T01:44:37.040Z,"37 km NNW of Toyah, Texas",earthquake,0.47378894,0.4576439,0.2,25,reviewed,tx,tx
2023-04-29T14:03:10.426Z,31.67332839,-104.3695902,6.362939453,2.5,ml,31,68,0.048506901,0.3,tx,tx2023iirf,2023-07-11T01:44:36.040Z,"55 km S of Whites City, New Mexico",earthquake,0.619611644,0.609290042,0.2,25,reviewed,tx,tx
2023-04-29T11:34:18.907Z,41.4725,-106.7727,5,2.5,ml,7,148,0.851,0.34,us,us7000jwxz,2023-07-11T01:44:32.040Z,"3 km NE of Saratoga, Wyoming",earthquake,1.72,1.919,0.064,32,reviewed,us,us
2023-04-28T11:57:02.473Z,31.61627471,-104.2628418,8.188208008,2.5,ml,43,60,0.055446942,0.3,tx,tx2023igrl,2023-07-11T01:44:31.040Z,"55 km NW of Toyah, Texas",earthquake,0.896418684,1.079859654,0.2,19,reviewed,tx,tx
2023-04-26T07:34:00.785Z,31.68417943,-104.3976805,6.979931641,2.5,ml,45,56,0.024366495,0.3,tx,tx2023icrv,2023-07-11T01:44:34.040Z,western Texas,earthquake,0.825568097,0.770196325,0.1,23,reviewed,tx,tx
2023-04-24T05:17:42.947Z,31.57037073,-104.1608668,8.291040039,2.5,ml,37,63,0.030944735,0.2,tx,tx2023hywi,2023-07-11T01:44:35.040Z,"44 km NW of Toyah, Texas",earthquake,0.817924681,0.78499658,0.1,19,reviewed,tx,tx
2023-04-24T04:43:24.300Z,31.56531786,-104.1602966,8.75378418,2.5,ml,43,69,0.032151818,0.2,tx,tx2023hyvf,2023-07-11T01:44:37.040Z,"44 km NW of Toyah, Texas",earthquake,0.70820016,0.646232143,0.1,24,reviewed,tx,tx
2023-04-21T15:00:27.920Z,35.96716667,-84.65316667,13.24,2.5,md,24,68,0.4723,0.18,se,se60521426,2023-07-03T02:46:48.040Z,"9 km WSW of Oakdale, Tennessee",earthquake,0.33,1.63,0.052478002,22,reviewed,se,se
2023-04-21T09:43:10.728Z,31.61364783,-103.9996199,7.738317871,2.5,ml,13,57,0.016655544,0.1,tx,tx2023htsm,2023-07-03T02:46:51.040Z,"38 km NNW of Toyah, Texas",earthquake,0.514217497,0.423058543,0.2,17,reviewed,tx,tx
2023-04-19T22:54:30.710Z,40.3523333,-123.3613333,27.32,2.5,md,30,65,0.006615,0.11,nc,nc73875585,2023-07-03T02:47:05.040Z,"27km SW of Hayfork, CA",earthquake,0.26,0.53,0.149,37,reviewed,nc,nc
2023-04-19T04:14:17.237Z,31.65561514,-104.2959695,6.74855957,2.5,ml,30,68,0.030952895,0.2,tx,tx2023hpqs,2023-07-03T02:47:12.040Z,western Texas,earthquake,0.870991518,0.785326687,0.2,44,reviewed,tx,tx
2023-04-18T22:15:59.176Z,32.3745,-104.4501,5,2.5,mb_lg,22,90,0.485,0.34,us,us6000k5e9,2023-07-03T02:47:14.040Z,"21 km WSW of Carlsbad, New Mexico",earthquake,2.16,1.935,0.117,33,reviewed,us,us
2023-04-18T01:52:28.513Z,31.67481908,-104.3881756,8.650952148,2.5,ml,35,66,0.041782747,0.3,tx,tx2023hnqn,2023-07-03T02:47:22.040Z,"55 km S of Whites City, New Mexico",earthquake,1.07851381,1.125659502,0.1,18,reviewed,tx,tx
2023-04-17T22:12:24.731Z,32.75299072,-100.6444122,7.263061523,2.5,ml,15,70,0.070982073,0.2,tx,tx2023hnjh,2023-07-03T02:47:24.040Z,"16 km NE of Hermleigh, Texas",earthquake,0.797927473,1.136850724,0.1,9,reviewed,tx,tx
2023-04-17T19:51:48.890Z,36.5611667,-121.1053333,9.24,2.5,md,73,81,0.04335,0.15,nc,nc73874850,2023-07-03T02:47:25.040Z,"5km NE of Pinnacles, CA",earthquake,0.18,0.23,0.138,89,reviewed,nc,nc
2023-04-17T13:07:45.768Z,31.69495617,-104.469122,7.262719727,2.5,ml,43,64,0.037746966,0.3,tx,tx2023hmri,2023-07-03T02:47:31.040Z,"54 km S of Whites City, New Mexico",earthquake,1.070294867,0.901951052,0.1,24,reviewed,tx,tx
2023-04-16T12:46:39.787Z,31.30994517,-103.4108983,4.717626953,2.5,ml,14,64,0.100673184,0.2,tx,tx2023hkvc,2023-07-03T02:47:41.040Z,"13 km ESE of Lindsay, Texas",earthquake,0.992726703,2.67711836,0.1,7,reviewed,tx,tx
2023-04-16T00:21:58.242Z,31.69939942,-104.1361213,7.082763672,2.5,ml,27,51,0.058847853,0.2,tx,tx2023hjwr,2023-07-03T02:47:46.040Z,"50 km W of Mentone, Texas",earthquake,0.68860454,0.694418626,0.2,19,reviewed,tx,tx
2023-04-14T08:16:09.893Z,35.8428,-106.7777,9.779,2.5,ml,14,105,0.932,0.29,us,us6000k499,2024-01-18T19:47:09.335Z,"11 km NW of Jemez Springs, New Mexico",earthquake,2.77,8.494,0.064,32,reviewed,us,us
2023-04-13T00:31:38.473Z,31.94572745,-103.3631783,9.679272461,2.5,ml,14,64,0.049247362,0.2,tx,tx2023hekj,2023-06-17T21:36:49.040Z,"24 km SW of Jal, New Mexico",earthquake,0.863257621,1.080865261,0.2,54,reviewed,tx,tx
2023-04-12T21:00:38.800Z,38.3621,-118.9134,9,2.5,ml,17,66.28,0.182,0.1749,nn,nn00858138,2023-06-17T21:36:49.040Z,"30 km ENE of Bridgeport, California",earthquake,,1.4,0.19,10,reviewed,nn,nn
2023-04-12T05:58:49.835Z,31.52135976,-104.0068446,7.10847168,2.5,ml,26,57,0.042525523,0.1,tx,tx2023hczr,2023-06-17T21:36:49.040Z,"30 km NW of Toyah, Texas",earthquake,0.649222489,0.414400052,0.2,40,reviewed,tx,tx
2023-04-12T05:19:49.227Z,32.0059539,-103.8115862,6.761413574,2.5,ml,22,45,0.01139633,0.1,tx,tx2023hcyh,2023-06-17T21:36:47.040Z,"34 km SE of Malaga, New Mexico",earthquake,0.418438937,0.437900715,0.2,19,reviewed,tx,tx
2024-04-08T01:26:20.230Z,40.0386667,-121.2986667,0.46,2.51,md,36,51,0.2396,0.18,nc,nc74031041,2024-04-15T20:03:19.043Z,"5 km NW of Belden, CA",earthquake,0.33,1.37,0.135,41,reviewed,nc,nc
2024-03-26T17:09:50.200Z,46.31583333,-122.2246667,4.63,2.51,ml,47,49,0.03051,0.13,uw,uw61992471,2024-03-28T15:35:07.040Z,"27 km S of Morton, Washington",earthquake,0.15,0.26,0.313570137,21,reviewed,uw,uw
2024-02-03T14:12:06.599Z,35.5545,-96.745,5.61,2.51,ml,88,34,0,0.2,ok,ok2024cjjs,2024-04-13T19:36:30.040Z,"9 km SE of Sparks, Oklahoma",earthquake,,0.4,0.25,34,reviewed,ok,ok
2024-01-28T17:13:51.640Z,38.59666667,-83.83483333,15.46,2.51,md,16,78,0.1827,0.36,se,se60501578,2024-03-30T22:34:49.040Z,"3 km SW of Old Washington, Kentucky",earthquake,0.81,1.61,0.112135335,13,reviewed,se,se
2024-01-04T21:45:59.350Z,36.41283333,-92.759,3.88,2.51,md,14,59,0.09486,0.16,nm,nm60501518,2024-03-09T21:39:24.040Z,"13 km E of South Lead Hill, Arkansas",earthquake,0.39,1.61,0.082742913,12,reviewed,nm,nm
2023-12-24T12:20:34.740Z,37.3668333,-122.133,5.16,2.51,md,116,28,0.02666,0.16,nc,nc73980346,2024-03-02T21:39:31.040Z,"2 km SSE of Los Altos Hills, CA",earthquake,0.12,0.23,0.155,109,reviewed,nc,nc
2023-12-12T21:30:13.770Z,38.4456667,-122.6358333,9.49,2.51,md,121,17,0.02308,0.15,nc,nc73975301,2024-04-03T04:34:06.791Z,"6 km E of Santa Rosa, CA",earthquake,0.12,0.27,0.181,140,reviewed,nc,nc
2023-11-06T14:42:02.620Z,44.2658333,-110.6243333,7.4,2.51,ml,26,87,0.06936,0.22,uu,uu60553722,2024-01-13T23:10:13.040Z,"58 km ENE of Warm River, Idaho",earthquake,0.51,0.82,0.341,7,reviewed,uu,uu
2023-11-04T12:27:34.660Z,35.41383333,-83.5285,13.01,2.51,md,21,53,0.2441,0.14,se,se60501268,2024-04-02T18:45:46.317Z,"7 km WSW of Bryson City, North Carolina",earthquake,0.43,1.81,0.060884697,13,reviewed,se,se
2023-10-26T01:51:13.860Z,34.2215,-117.3733333,7.71,2.51,ml,105,28,0.01642,0.17,ci,ci40587776,2024-01-04T04:22:15.040Z,"3 km E of Devore, CA",earthquake,0.1,0.28,0.14,113,reviewed,ci,ci
2023-10-24T18:09:53.890Z,37.8756667,-122.2541667,8.82,2.51,md,110,31,0.001485,0.07,nc,nc73950825,2024-01-04T04:22:07.040Z,"2 km ENE of Berkeley, CA",earthquake,0.09,0.14,0.126,101,reviewed,nc,nc
2023-10-16T06:51:08.189Z,36.37883333,-97.6475,7.92,2.51,ml,71,35,0,0.19,ok,ok2023ugsl,2023-12-26T21:24:22.040Z,"5 km ENE of Fairmont, Oklahoma",earthquake,,0.6,0.2,31,reviewed,ok,ok
2023-09-25T18:10:11.669Z,34.07033333,-97.43233333,6.31,2.51,ml,77,46,0,0.37,ok,ok2023svfh,2023-12-09T22:00:45.040Z,"10 km S of Wilson, Oklahoma",earthquake,,0.9,0.24,22,reviewed,ok,ok
2023-09-18T08:04:48.250Z,39.222,-120.0956667,1.96,2.51,md,18,55,0.08436,0.11,nc,nc73938276,2023-12-02T23:01:07.040Z,"4 km N of Dollar Point, CA",earthquake,0.27,1.25,0.248,37,reviewed,nc,nc
2023-09-14T15:25:53.760Z,40.815,-111.6643333,11.94,2.51,ml,30,62,0.1145,0.18,uu,uu60550122,2023-11-18T22:29:34.040Z,"8 km NNW of Summit Park, Utah",earthquake,0.34,0.66,0.178,20,reviewed,uu,uu
2023-08-19T23:31:18.130Z,39.819,-123.7785,-0.32,2.51,md,36,114,0.07174,0.1,nc,nc73926026,2023-10-27T21:39:04.040Z,"10 km NNE of Rockport, CA",earthquake,0.14,0.47,0.103,44,reviewed,nc,nc
2023-07-25T18:52:15.080Z,35.6695,-117.4838333,6.34,2.51,ml,39,47,0.04915,0.16,ci,ci39621810,2023-09-30T21:36:31.040Z,"13km SSW of Searles Valley, CA",earthquake,0.16,0.44,0.162,21,reviewed,ci,ci
2023-06-21T13:58:59.970Z,35.6848333,-117.483,7.82,2.51,ml,33,74,0.05213,0.14,ci,ci40490864,2023-08-26T20:54:12.040Z,"12km SW of Searles Valley, CA",earthquake,0.18,0.53,0.129,62,reviewed,ci,ci
2023-05-30T02:49:43.600Z,37.5325,-87.34433333,0.69,2.51,md,17,103,0.1217,0.28,nm,nm60500763,2023-08-05T22:07:39.040Z,"7 km W of Calhoun, Kentucky",earthquake,0.92,1.65,0.184107852,13,reviewed,nm,nm
2023-05-11T23:45:15.410Z,40.2216667,-121.1615,5.4,2.51,md,29,67,0.02878,0.1,nc,nc73886756,2023-07-22T19:16:08.040Z,"1km ENE of Almanor, CA",earthquake,0.25,0.49,0.103,34,reviewed,nc,nc
2023-04-17T09:13:52.680Z,40.2761667,-124.5635,12.36,2.51,md,25,247,0.1694,0.13,nc,nc73874615,2023-07-03T02:47:33.040Z,"24km WSW of Petrolia, CA",earthquake,0.78,0.46,0.13,36,reviewed,nc,nc
2024-03-16T17:18:55.929Z,35.67233333,-97.40533333,7.07,2.52,ml,93,32,0,0.2,ok,ok2024fija,2024-04-19T17:16:37.040Z,"6 km ENE of Edmond, Oklahoma",earthquake,,0.6,0.26,46,reviewed,ok,ok
2024-03-03T09:20:04.010Z,32.7791667,-115.8428333,4.92,2.52,ml,64,34,0.1198,0.27,ci,ci40680296,2024-03-28T13:31:31.040Z,"15 km ENE of Ocotillo, CA",earthquake,0.2,0.61,0.118,26,reviewed,ci,ci
2024-02-01T19:19:54.640Z,36.6915,-121.3291667,5.11,2.52,md,60,103,0.02117,0.07,nc,nc73997401,2024-04-13T19:33:47.040Z,"11 km S of Tres Pinos, CA",earthquake,0.13,0.28,0.153,83,reviewed,nc,nc
2024-01-30T01:03:25.460Z,44.2205,-110.7656667,5.45,2.52,ml,19,106,0.2213,0.19,uu,uu80036091,2024-04-13T19:27:27.040Z,"45 km ENE of Warm River, Idaho",earthquake,0.42,1.77,0.322534121,6,reviewed,uu,uu
2024-01-20T21:27:40.870Z,33.202,-116.0506667,9.7,2.52,ml,75,33,0.06744,0.21,ci,ci40463407,2024-03-29T17:37:55.040Z,"10 km NE of Ocotillo Wells, CA",earthquake,0.14,0.44,0.136,64,reviewed,ci,ci
2024-01-10T16:21:56.510Z,42.27616667,-119.3468333,7.21,2.52,ml,9,170,0.4251,0.22,uw,uw61979466,2024-03-16T18:59:39.040Z,"48 km ESE of Plush, Oregon",earthquake,0.93,3.26,0.101389944,4,reviewed,uw,uw
2023-12-31T20:28:15.190Z,33.6786667,-116.7966667,15.68,2.52,ml,111,16,0.06462,0.19,ci,ci40453183,2024-03-02T21:39:31.040Z,"10 km SW of Idyllwild, CA",earthquake,0.12,0.27,0.208,25,reviewed,ci,ci
2023-11-24T23:54:08.850Z,41.8251667,-124.3018333,0.79,2.52,md,18,188,0.1004,0.17,nc,nc73967006,2024-02-01T15:13:44.040Z,"11 km NW of Crescent City, CA",earthquake,1.01,0.69,0.139,9,reviewed,nc,nc
2023-10-16T02:29:42.290Z,31.6876667,-115.7015,6.06,2.52,ml,21,71,0.3036,0.29,ci,ci40582920,2023-12-26T21:25:12.040Z,"78 km SW of Alberto Oviedo Mota, B.C., MX",earthquake,0.36,1.46,0.17,38,reviewed,ci,ci
2023-10-12T08:38:53.600Z,33.9085,-118.2701667,21.96,2.52,ml,115,50,0.04148,0.21,ci,ci40581528,2023-12-16T22:13:05.040Z,"2 km SW of Willowbrook, CA",earthquake,0.16,0.31,0.144,24,reviewed,ci,ci
2023-08-26T05:12:51.040Z,40.2258333,-121.1613333,2.31,2.52,md,42,41,0.02502,0.16,nc,nc73929321,2023-10-28T19:15:38.040Z,"2 km NE of Almanor, CA",earthquake,0.25,0.43,0.156,65,reviewed,nc,nc
2023-08-22T09:56:31.450Z,36.8118333,-121.5331667,5.08,2.52,md,67,46,,0.18,nc,nc73927041,2023-10-28T19:15:34.040Z,"4 km S of San Juan Bautista, CA",earthquake,0.22,0.33,0.146,61,reviewed,nc,nc
2023-08-21T05:30:41.670Z,34.4125,-119.1971667,1.27,2.52,ml,71,29,0.05501,0.31,ci,ci39646138,2023-10-28T19:15:33.040Z,"6 km SE of Ojai, CA",earthquake,0.23,0.5,0.101,22,reviewed,ci,ci
2023-08-20T22:05:01.500Z,34.4226667,-119.1918333,7.6,2.52,ml,61,33,0.04711,0.33,ci,ci39645554,2023-10-28T19:15:33.040Z,"6 km ESE of Ojai, CA",earthquake,0.31,0.71,0.138,25,reviewed,ci,ci
2023-08-02T19:19:01.390Z,37.1766667,-121.5555,7.26,2.52,md,93,33,,0.09,nc,nc73919481,2023-10-07T21:38:56.040Z,"10 km ENE of Morgan Hill, CA",earthquake,0.1,0.28,0.156,116,reviewed,nc,nc
2023-07-27T15:58:35.080Z,48.784,-122.7806667,16.31,2.52,ml,37,104,0.0807,0.23,uw,uw61944346,2024-01-18T20:34:11.341Z,"14 km W of Marietta, Washington",earthquake,0.38,0.67,0.177437396,36,reviewed,uw,uw
2023-07-26T05:12:41.700Z,38.5408333,-119.5293333,5.59,2.52,md,18,100,0.04564,0.05,nc,nc73916801,2023-09-30T21:36:31.040Z,"5 km NW of Walker, CA",earthquake,0.25,0.33,0.209,37,reviewed,nc,nc
2023-06-22T19:06:32.650Z,40.6376667,-122.2203333,16.95,2.52,md,29,68,0.02716,0.16,nc,nc73903996,2023-08-26T20:54:11.040Z,"1km ESE of Bella Vista, CA",earthquake,0.27,0.43,0.173,42,reviewed,nc,nc
2023-06-21T17:50:16.670Z,40.7213333,-112.0651667,10.46,2.52,ml,42,41,0.02295,0.16,uu,uu60542921,2024-02-03T20:36:44.353Z,"3 km ENE of Magna, Utah",earthquake,0.25,0.36,0.231,17,reviewed,uu,uu
2023-06-21T00:43:48.420Z,35.148,-85.88583333,8.73,2.52,md,14,79,0.07767,0.17,se,se60530516,2024-01-18T20:19:14.035Z,"6 km SSE of Sewanee, Tennessee",earthquake,0.46,0.71,0.093262958,13,reviewed,se,se
2023-06-04T07:39:41.980Z,40.236,-121.1611667,6.28,2.52,md,36,42,0.0168,0.17,nc,nc73896781,2023-08-12T17:15:02.040Z,"2km NNE of Almanor, CA",earthquake,0.3,0.39,0.15,54,reviewed,nc,nc
2023-06-03T17:02:59.880Z,37.4535,-87.647,15.92,2.52,md,21,50,0.2794,0.29,nm,nm60527471,2023-08-05T22:07:54.040Z,"7 km N of Nebo, Kentucky",earthquake,0.52,0.79,0.223886911,13,reviewed,nm,nm
2023-05-25T10:42:34.430Z,37.3905,-118.4528333,8.92,2.52,md,20,144,0.1034,0.07,nc,nc73889690,2023-07-29T22:00:37.040Z,"3km N of West Bishop, CA",earthquake,0.45,1.8,0.15,32,reviewed,nc,nc
2023-04-15T15:53:01.620Z,44.366,-110.6855,4.05,2.52,ml,13,92,0.09962,0.19,uu,uu60033164,2023-06-17T21:36:59.040Z,"46 km SE of West Yellowstone, Montana",earthquake,0.49,0.74,0.229,2,reviewed,uu,uu
2023-04-13T23:39:12.680Z,36.5806667,-121.1758333,2.02,2.52,md,65,90,0.01181,0.1,nc,nc73873390,2023-06-17T21:36:52.040Z,"6km NNW of Pinnacles, CA",earthquake,0.15,0.16,0.169,78,reviewed,nc,nc
2024-03-29T21:48:25.989Z,35.66483333,-97.38733333,6.69,2.53,ml,92,26,0.017996468,0.18,ok,ok2024ggll,2024-04-14T04:29:52.779Z,"5 km W of Arcadia, Oklahoma",earthquake,,0.3,0.24,42,reviewed,ok,ok
2024-03-23T21:49:43.740Z,38.8271667,-122.8525,1.65,2.53,md,72,28,0.003437,0.04,nc,nc74022801,2024-03-26T00:09:15.689Z,"10 km WNW of The Geysers, CA",earthquake,0.09,0.13,0.151,73,reviewed,nc,nc
2024-03-05T16:34:45.280Z,38.09216667,-89.3145,16.92,2.53,md,21,103,0.3845,0.26,nm,nm60501713,2024-03-30T22:09:48.040Z,"6 km ENE of Pinckneyville, Illinois",earthquake,0.37,0.68,0.021342447,10,reviewed,nm,nm
2024-02-14T07:49:18.520Z,33.1285,-115.6231667,7.9,2.53,ml,62,41,0.03683,0.25,ci,ci40669608,2024-02-21T07:41:04.040Z,"10 km N of Westmorland, CA",earthquake,0.18,0.39,0.177,103,reviewed,ci,ci
2024-01-25T16:49:17.990Z,37.0673333,-121.125,0.06,2.53,md,64,47,0.05237,0.12,nc,nc73993821,2024-03-30T22:33:32.040Z,"24 km SSW of Gustine, CA",earthquake,0.12,0.31,0.137,115,reviewed,nc,nc
2024-01-20T14:48:24.320Z,44.38066667,-110.559,2.94,2.53,ml,21,83,0.01415,0.18,uu,uu80035436,2024-03-29T17:37:55.040Z,"53 km SE of West Yellowstone, Montana",earthquake,0.33,0.5,0.324637875,4,reviewed,uu,uu
2024-01-03T14:42:15.820Z,33.2151667,-115.5626667,2.81,2.53,ml,39,93,0.05819,0.16,ci,ci40454551,2024-03-09T21:39:03.040Z,"5 km SW of Niland, CA",earthquake,0.18,0.24,0.167,26,reviewed,ci,ci
2023-12-17T06:54:32.150Z,38.6023333,-122.701,6.45,2.53,md,113,29,0.02156,0.13,nc,nc73977356,2024-02-27T22:56:59.040Z,"11 km NNE of Larkfield-Wikiup, CA",earthquake,0.11,0.34,0.198,116,reviewed,nc,nc
2023-12-01T15:43:46.590Z,32.7353333,-115.8771667,4.23,2.53,ml,57,34,0.09547,0.23,ci,ci39720882,2024-02-06T21:53:51.040Z,"11 km E of Ocotillo, CA",earthquake,0.19,0.61,0.135,66,reviewed,ci,ci
2023-11-27T08:23:13.950Z,37.4703333,-118.8191667,2.14,2.53,md,33,61,0.1122,0.04,nc,nc73968291,2024-02-06T21:53:51.040Z,"16 km SW of Toms Place, CA",earthquake,0.35,0.89,0.199,44,reviewed,nc,nc
2023-11-19T03:28:33.330Z,36.1813333,-118.0276667,3.29,2.53,ml,30,78,0.09192,0.16,ci,ci39715066,2024-02-01T15:13:40.040Z,"11 km S of Olancha, CA",earthquake,0.2,0.57,0.185,44,reviewed,ci,ci
2023-10-24T09:23:23.110Z,32.7505,-115.4185,15.57,2.53,ml,42,37,0.05964,0.27,ci,ci40585944,2024-01-04T04:22:05.040Z,"8 km SSW of Holtville, CA",earthquake,0.32,0.48,0.137,23,reviewed,ci,ci
2023-10-23T16:24:04.370Z,40.4281667,-124.6311667,24,2.53,md,47,234,0.2291,0.18,nc,nc73950395,2024-01-04T04:22:00.040Z,"32 km WNW of Petrolia, CA",earthquake,0.74,0.83,0.258,52,reviewed,nc,nc
2023-10-23T05:56:30.510Z,36.0468333,-117.8603333,1.97,2.53,ml,31,65,0.046,0.15,ci,ci40585144,2024-01-04T04:21:55.040Z,"8 km E of Coso Junction, CA",earthquake,0.15,0.22,0.182,15,reviewed,ci,ci
2023-10-08T11:49:24.620Z,36.17183333,-89.89483333,15.35,2.53,md,51,44,0.044,0.12,nm,nm60554646,2023-12-16T22:13:05.040Z,"10 km S of Bragg City, Missouri",earthquake,0.22,0.31,0.07421014,41,reviewed,nm,nm
2023-07-27T11:41:22.090Z,36.5748333,-121.1273333,10.85,2.53,md,64,94,0.0456,0.12,nc,nc73917266,2023-09-30T21:36:32.040Z,"5 km NNE of Pinnacles, CA",earthquake,0.17,0.26,0.149,80,reviewed,nc,nc
2023-07-26T20:49:00.690Z,35.7835,-117.6108333,9.98,2.53,ml,37,58,0.03395,0.15,ci,ci39623042,2023-09-30T21:36:31.040Z,"19km W of Searles Valley, CA",earthquake,0.16,0.36,0.178,24,reviewed,ci,ci
2023-07-24T20:38:39.070Z,33.8936667,-116.6915,13.42,2.53,ml,104,17,0.07957,0.17,ci,ci39621018,2023-09-30T21:36:39.040Z,"9km ESE of Cabazon, CA",earthquake,0.11,0.27,0.155,102,reviewed,ci,ci
2023-07-08T07:14:31.930Z,41.3406667,-124.0335,33.22,2.53,md,41,147,0.183,0.11,nc,nc73910176,2023-09-09T21:54:58.040Z,"22km S of Klamath, CA",earthquake,0.39,0.44,0.158,32,reviewed,nc,nc
2023-06-18T04:33:42.890Z,37.453,-118.6503333,1.73,2.53,md,24,76,0.142,0.07,nc,nc73902376,2023-08-26T20:54:16.040Z,"6km NW of Round Valley, CA",earthquake,0.25,1.29,0.101,39,reviewed,nc,nc
2023-06-04T05:07:34.160Z,36.0421667,-117.7775,1.87,2.53,ml,28,105,0.01962,0.14,ci,ci40477640,2023-08-12T17:15:01.040Z,"15km E of Coso Junction, CA",earthquake,0.18,0.22,0.122,54,reviewed,ci,ci
2023-05-15T08:34:11.720Z,40.2366667,-121.161,6.68,2.53,md,35,42,0.01625,0.15,nc,nc73888336,2023-07-24T01:16:48.040Z,"3km NNE of Almanor, CA",earthquake,0.27,0.27,0.138,52,reviewed,nc,nc
2024-04-07T00:28:45.490Z,36.9548333,-121.5865,6.01,2.54,md,78,30,0.003597,0.12,nc,nc74030511,2024-04-17T23:56:24.040Z,"6 km SSW of Gilroy, CA",earthquake,0.15,0.34,0.144,99,reviewed,nc,nc
2024-04-03T15:32:28.070Z,35.66483333,-97.4005,6.45,2.54,ml,95,23,0.026994703,0.16,ok,ok2024gpco,2024-04-04T23:49:02.040Z,"6 km W of Arcadia, Oklahoma",earthquake,,0.3,0.25,48,reviewed,ok,ok
2024-03-22T06:24:13.660Z,35.7778333,-117.5993333,7.21,2.54,ml,37,65,0.138,0.13,ci,ci40521759,2024-04-08T05:26:16.040Z,"18 km W of Searles Valley, CA",earthquake,0.16,0.41,0.201,24,reviewed,ci,ci
2024-02-17T23:25:04.010Z,33.072,-115.5871667,10.56,2.54,ml,53,40,0.03394,0.24,ci,ci40672248,2024-03-09T00:17:46.040Z,"5 km NE of Westmorland, CA",earthquake,0.18,0.33,0.23,95,reviewed,ci,ci
2024-01-30T15:37:01.530Z,44.22283333,-110.7746667,9.07,2.54,ml,24,104,0.2235,0.24,uu,uu80036141,2024-04-13T19:28:10.040Z,"45 km ENE of Warm River, Idaho",earthquake,0.51,1.53,0.29955302,6,reviewed,uu,uu
2024-01-27T11:19:05.470Z,40.3088333,-124.8385,14.02,2.54,md,21,291,0.3798,0.29,nc,nc73995181,2024-03-30T22:34:33.040Z,"47 km W of Petrolia, CA",earthquake,1.85,2.13,0.191,22,reviewed,nc,nc
2024-01-13T04:04:46.880Z,35.66333333,-97.3925,6.58,2.54,ml,96,40,0,0.14,ok,ok2024awgc,2024-03-16T18:59:23.040Z,"5 km W of Arcadia, Oklahoma",earthquake,,0.3,0.19,40,reviewed,ok,ok
2023-12-02T02:27:30.530Z,32.7673333,-115.8533333,5.16,2.54,ml,53,43,0.1329,0.24,ci,ci39721298,2024-02-06T21:53:51.040Z,"14 km ENE of Ocotillo, CA",earthquake,0.2,0.57,0.132,57,reviewed,ci,ci
2023-11-26T12:22:44.370Z,32.9283333,-116.2548333,9.58,2.54,ml,99,35,0.0485,0.22,ci,ci39718114,2024-02-06T21:53:51.040Z,"26 km SSW of Ocotillo Wells, CA",earthquake,0.14,0.45,0.152,79,reviewed,ci,ci
2023-11-14T21:25:15.890Z,36.616,-97.1755,8.75,2.54,ml,68,73,0,0.15,ok,ok2023wiuw,2024-01-26T16:37:34.040Z,"6 km NNW of Marland, Oklahoma",earthquake,,1.8,0.22,34,reviewed,ok,ok
2023-10-12T21:46:36.030Z,36.4713333,-120.8781667,18.14,2.54,md,75,84,0.04878,0.16,nc,nc73946525,2023-12-16T22:13:05.040Z,"19 km WNW of New Idria, CA",earthquake,0.31,0.25,0.138,81,reviewed,nc,nc
2023-10-04T07:13:31.290Z,37.8536667,-122.239,9.81,2.54,md,131,24,0.02268,0.1,nc,nc73945226,2023-12-14T21:26:50.040Z,"3 km NNW of Piedmont, CA",earthquake,0.09,0.15,0.131,116,reviewed,nc,nc
2023-09-11T07:17:49.890Z,39.8678333,-121.0091667,1.53,2.54,md,70,43,0.3573,0.25,nc,nc73935651,2023-11-18T22:29:32.040Z,"9 km SSE of Meadow Valley, CA",earthquake,0.24,1.63,0.135,67,reviewed,nc,nc
2023-09-01T04:07:53.110Z,32.3861667,-115.1426667,11,2.54,ml,26,68,0.068,0.29,ci,ci39656442,2023-11-04T21:36:08.040Z,"6 km NE of Delta, B.C., MX",earthquake,0.45,0.82,0.083,25,reviewed,ci,ci
2023-08-31T12:54:26.180Z,31.6278333,-115.9938333,8.32,2.54,ml,11,75,0.2961,0.15,ci,ci39655810,2023-11-04T21:36:04.040Z,"55 km E of Maneadero, B.C., MX",earthquake,0.25,1.34,0.182,14,reviewed,ci,ci
2023-08-20T21:56:01.800Z,34.4093333,-119.1823333,10.05,2.54,ml,4,136,0.04616,0.05,ci,ci39645490,2023-10-28T19:15:32.040Z,"7 km SE of Ojai, CA",earthquake,0.47,1.24,0.164,3,reviewed,ci,ci
2023-07-18T21:55:42.990Z,40.4726667,-124.8095,21.38,2.54,md,35,260,0.3601,0.11,nc,nc73914381,2023-09-28T21:33:45.040Z,"47 km WNW of Petrolia, CA",earthquake,0.9,1.19,0.276,34,reviewed,nc,nc
2023-07-11T17:18:04.050Z,40.2298333,-121.1688333,5.71,2.54,md,39,33,0.0253,0.17,nc,nc73911481,2023-09-16T19:16:10.040Z,"2 km NNE of Almanor, CA",earthquake,0.27,0.46,0.148,50,reviewed,nc,nc
2023-06-21T21:01:18.780Z,45.6715,-122.7128333,20.07,2.54,ml,23,36,0.03956,0.14,uw,uw61934921,2023-08-26T20:54:11.040Z,"2 km SW of Lake Shore, Washington",earthquake,0.29,0.52,0.151204552,18,reviewed,uw,uw
2023-06-19T21:51:02.180Z,38.6295,-119.6115,-1.41,2.54,md,17,112,0.08395,0.09,nc,nc73903026,2023-08-26T20:54:14.040Z,"17km NW of Walker, CA",earthquake,0.25,0.86,0.252,33,reviewed,nc,nc
2023-06-08T10:31:30.710Z,33.8231667,-118.2508333,11.58,2.54,ml,94,62,0.04515,0.25,ci,ci40480440,2023-08-25T14:26:29.914Z,"3km ESE of Carson, CA",earthquake,0.2,0.32,0.195,26,reviewed,ci,ci
2023-06-03T15:23:56.760Z,41.1776667,-111.24,11.46,2.54,ml,31,73,0.1404,0.14,uu,uu60541576,2023-08-05T22:07:54.040Z,"25 km WSW of Evanston, Wyoming",earthquake,0.39,0.67,0.165,16,reviewed,uu,uu
2023-06-03T10:56:48.250Z,35.119,-97.57616667,6.64,2.54,ml,95,33,0.063887463,0.2,ok,ok2023kujq,2023-08-05T22:07:53.040Z,"1 km N of Cole, Oklahoma",earthquake,,0.3,0.22,42,reviewed,ok,ok
2023-05-17T14:25:05.270Z,36.6496667,-121.2738333,3.5,2.54,md,59,105,0.05078,0.11,nc,nc73889151,2023-07-24T01:16:25.040Z,"16km SSE of Tres Pinos, CA",earthquake,0.16,0.61,0.166,74,reviewed,nc,nc
2023-04-29T15:05:11.920Z,32.7103333,-115.5403333,8.89,2.54,ml,39,48,0.06196,0.23,ci,ci40214519,2023-07-11T01:44:54.040Z,"2km SSW of Heber, CA",earthquake,0.26,0.6,0.254,23,reviewed,ci,ci
2023-04-28T14:43:24.860Z,32.6996667,-115.5338333,8.49,2.54,ml,33,47,0.07326,0.25,ci,ci40212831,2023-07-11T01:44:49.040Z,"4km S of Heber, CA",earthquake,0.28,1.09,0.266,24,reviewed,ci,ci
2023-04-18T21:27:56.680Z,40.7005,-124.2178333,17.75,2.54,md,25,174,0.01997,0.11,nc,nc73875220,2023-07-03T02:47:14.040Z,"4km SW of Humboldt Hill, CA",earthquake,0.65,0.3,0.136,20,reviewed,nc,nc
2024-04-08T06:11:47.330Z,40.2915,-124.4455,12.37,2.55,md,33,252,0.07878,0.16,nc,nc74031121,2024-04-16T03:44:29.374Z,"14 km WSW of Petrolia, CA",earthquake,0.52,0.4,0.168,50,reviewed,nc,nc
2024-04-03T10:00:15.780Z,38.7586667,-122.7311667,1.77,2.55,md,84,18,0.005731,0.06,nc,nc74028366,2024-04-20T07:38:27.040Z,"3 km SE of The Geysers, CA",earthquake,0.09,0.18,0.186,109,reviewed,nc,nc
2024-02-21T08:47:06.910Z,34.0053333,-118.2278333,16.38,2.55,ml,120,44,0.0307,0.23,ci,ci40673512,2024-04-03T10:52:07.040Z,"3 km N of Huntington Park, CA",earthquake,0.18,0.3,0.181,25,reviewed,ci,ci
2024-02-06T02:33:00.990Z,36.0066667,-120.5665,4.31,2.55,md,60,47,0.02439,0.1,nc,nc73998816,2024-03-04T00:05:58.040Z,"17 km NW of Parkfield, CA",earthquake,0.13,0.16,0.122,66,reviewed,nc,nc
2023-12-21T21:16:25.780Z,37.4183333,-118.6228333,9.29,2.55,md,34,97,0.08052,0.06,nc,nc73979146,2024-02-27T22:57:03.040Z,"2 km W of Round Valley, CA",earthquake,0.3,0.87,0.189,47,reviewed,nc,nc
2023-11-22T01:26:29.970Z,37.6303333,-118.8878333,6.18,2.55,md,28,95,0.01575,0.04,nc,nc73965586,2024-02-01T15:13:42.040Z,"8 km E of Mammoth Lakes, CA",earthquake,0.28,0.38,0.139,37,reviewed,nc,nc
2023-11-18T02:44:30.000Z,32.3991667,-115.1245,8.15,2.55,ml,25,68,0.05052,0.33,ci,ci39714514,2024-01-26T16:37:27.040Z,"8 km NE of Delta, B.C., MX",earthquake,0.43,1.61,0.129,11,reviewed,ci,ci
2023-10-30T02:15:40.350Z,38.6895,-122.5046667,6.06,2.55,md,84,27,0.06523,0.17,nc,nc73953515,2024-01-10T06:01:13.040Z,"12 km SE of Middletown, CA",earthquake,0.15,0.49,0.156,134,reviewed,nc,nc
2023-09-11T06:09:17.930Z,33.7723333,-116.149,5.25,2.55,ml,89,33,0.06513,0.14,ci,ci39662442,2024-03-17T11:33:23.797Z,"8 km NE of Indio, CA",earthquake,0.12,0.38,0.201,26,reviewed,ci,ci
2023-08-26T05:15:04.760Z,40.2271667,-121.1568333,2.7,2.55,md,45,41,0.0223,0.21,nc,nc73929331,2023-10-28T19:15:38.040Z,"2 km ENE of Almanor, CA",earthquake,0.28,0.39,0.137,72,reviewed,nc,nc
2023-08-20T09:59:12.360Z,34.1496667,-117.426,5.99,2.55,ml,145,15,0.04284,0.21,ci,ci39645234,2024-01-04T18:37:35.420Z,"6 km NNE of Fontana, CA",earthquake,0.1,0.34,0.148,158,reviewed,ci,ci
2023-08-12T10:56:32.360Z,32.3818333,-115.1408333,10.2,2.55,ml,25,69,0.07135,0.26,ci,ci40535104,2023-10-17T22:01:31.040Z,"6 km ENE of Delta, B.C., MX",earthquake,0.39,0.9,0.182,19,reviewed,ci,ci
2023-08-06T16:46:00.940Z,40.309,-124.6513333,20.22,2.55,md,48,231,0.237,0.22,nc,nc73921096,2023-10-17T22:01:26.040Z,"31 km W of Petrolia, CA",earthquake,0.68,0.35,0.259,45,reviewed,nc,nc
2023-07-29T22:59:35.720Z,36.011,-120.0536667,4.12,2.55,md,54,126,0.06342,0.09,nc,nc73918051,2023-09-30T21:36:34.040Z,"7 km E of Avenal, CA",earthquake,0.27,0.57,0.151,66,reviewed,nc,nc
2023-07-09T15:11:57.570Z,38.8185,-122.8051667,2.44,2.55,md,84,21,0.006212,0.07,nc,nc73910726,2023-09-16T19:16:06.040Z,"6 km NW of The Geysers, CA",earthquake,0.1,0.14,0.166,96,reviewed,nc,nc
2023-07-07T16:02:29.240Z,33.5871667,-116.6408333,14.05,2.55,ml,103,17,0.02217,0.18,ci,ci39606682,2023-09-09T21:54:55.040Z,"5km NE of Anza, CA",earthquake,0.11,0.18,0.187,67,reviewed,ci,ci
2023-06-25T08:17:48.130Z,40.1533333,-121.076,-0.02,2.55,md,32,38,0.1082,0.12,nc,nc73904956,2023-09-08T14:18:39.040Z,"2km S of Canyondam, CA",earthquake,0.21,1.46,0.125,50,reviewed,nc,nc
2023-06-17T01:31:38.880Z,37.34066667,-80.6435,9.47,2.55,md,15,59,0.22,0.26,se,se60500853,2023-08-21T04:19:16.040Z,"2 km N of Pembroke, Virginia",earthquake,0.47,1.43,0.033640269,14,reviewed,se,se
2023-06-13T11:53:12.830Z,36.5903333,-121.1955,6.16,2.55,md,62,104,0.02029,0.12,nc,nc73900666,2023-08-21T04:18:47.040Z,"8km NW of Pinnacles, CA",earthquake,0.17,0.31,0.185,116,reviewed,nc,nc
2023-06-03T12:09:59.980Z,38.8173333,-122.7615,1.85,2.55,md,93,35,0.01467,0.07,nc,nc73895916,2023-08-05T22:07:53.040Z,"3km W of Cobb, CA",earthquake,0.1,0.13,0.284,87,reviewed,nc,nc
2023-05-12T08:20:49.580Z,40.2353333,-121.1613333,5.91,2.55,md,27,65,0.01736,0.14,nc,nc73887011,2023-07-22T19:16:09.040Z,"2km NNE of Almanor, CA",earthquake,0.3,0.52,0.14,27,reviewed,nc,nc
2023-04-23T20:59:07.390Z,37.96,-121.854,19.18,2.55,md,88,62,0.06349,0.24,nc,nc73877105,2023-07-11T01:45:08.040Z,"6km SW of Antioch, CA",earthquake,0.21,0.35,0.167,93,reviewed,nc,nc
2023-04-17T10:20:03.320Z,35.505,-118.3873333,7.05,2.55,ml,48,32,0.1726,0.15,ci,ci40441856,2023-07-03T02:47:32.040Z,"13km SE of Bodfish, CA",earthquake,0.13,1.1,0.206,26,reviewed,ci,ci
2024-03-30T15:26:51.610Z,36.6516667,-121.2711667,4.53,2.56,md,62,106,0.05369,0.1,nc,nc74026446,2024-04-01T04:16:58.140Z,"16 km SSE of Tres Pinos, CA",earthquake,0.15,0.45,0.147,84,reviewed,nc,nc
2024-03-30T14:43:38.460Z,40.2941667,-124.5366667,20.63,2.56,md,35,260,0.1486,0.16,nc,nc74026431,2024-04-20T16:34:30.040Z,"22 km W of Petrolia, CA",earthquake,0.63,0.27,0.19,45,reviewed,nc,nc
2024-03-23T06:40:20.059Z,36.37166667,-97.016,7.42,2.56,ml,90,28,0,0.24,ok,ok2024fuil,2024-04-08T11:58:17.040Z,"8 km N of Morrison, Oklahoma",earthquake,,0.4,0.19,39,reviewed,ok,ok
2024-03-19T03:27:24.900Z,39.5438333,-123.3641667,8.77,2.56,md,31,58,0.07756,0.08,nc,nc74019761,2024-03-21T02:10:52.040Z,"11 km N of Brooktrails, CA",earthquake,0.19,0.34,0.218,76,reviewed,nc,nc
2024-02-22T10:36:16.969Z,35.53066667,-96.757,6,2.56,ml,65,35,0.017096645,0.19,ok,ok2024drvd,2024-04-10T23:14:53.017Z,"8 km NW of Prague, Oklahoma",earthquake,,0.3,0.19,29,reviewed,ok,ok
2024-02-12T14:04:36.250Z,32.7911667,-115.5538333,9.49,2.56,ml,16,73,0.05253,0.21,ci,ci37624452,2024-02-27T15:15:47.040Z,"0 km NE of El Centro, CA",earthquake,0.39,0.87,0.134,12,reviewed,ci,ci
2024-01-02T14:04:48.830Z,33.494,-116.5103333,13.47,2.56,ml,105,26,0.06564,0.18,ci,ci40454063,2024-03-09T21:38:44.040Z,"17 km ESE of Anza, CA",earthquake,0.11,0.21,0.216,25,reviewed,ci,ci
2023-12-07T20:11:53.050Z,33.9186667,-116.878,9.97,2.56,ml,100,22,0.07825,0.16,ci,ci40617352,2024-02-10T23:47:41.040Z,"1 km S of Banning, CA",earthquake,0.1,0.26,0.15,131,reviewed,ci,ci
2023-11-29T04:08:13.760Z,32.9283333,-116.2436667,10.51,2.56,ml,93,37,0.05663,0.21,ci,ci39719394,2024-02-06T21:53:51.040Z,"26 km SSW of Ocotillo Wells, CA",earthquake,0.14,0.4,0.093,24,reviewed,ci,ci
2023-11-15T02:42:00.480Z,35.9245,-97.32966667,7.44,2.56,ml,86,32,0,0.21,ok,ok2023wjfi,2024-01-26T16:37:33.040Z,"7 km WSW of Langston, Oklahoma",earthquake,,0.5,0.24,40,reviewed,ok,ok
2023-11-08T17:22:31.540Z,40.4331667,-124.5046667,27.14,2.56,md,24,259,0.1344,0.14,nc,nc73957850,2024-01-13T23:11:02.040Z,"22 km WNW of Petrolia, CA",earthquake,0.86,0.71,0.422,35,reviewed,nc,nc
2023-10-30T02:22:42.230Z,34.6851667,-116.2853333,1.89,2.56,ml,25,46,0.1104,0.17,ci,ci40591080,2024-01-10T06:01:14.040Z,"12 km WSW of Ludlow, CA",earthquake,0.18,0.39,0.157,24,reviewed,ci,ci
2023-10-24T09:31:49.480Z,37.5635,-112.5375,4.32,2.56,ml,20,96,0.2597,0.3,uu,uu60552827,2024-01-04T04:22:05.040Z,"13 km SW of Hatch, Utah",earthquake,0.62,1.55,0.148,14,reviewed,uu,uu
2023-10-21T05:16:59.770Z,38.4893333,-112.8456667,-0.26,2.56,ml,33,49,0.007382,0.17,uu,uu60552607,2024-01-18T21:05:35.585Z,"17 km NE of Milford, Utah",earthquake,0.24,0.13,0.156,9,reviewed,uu,uu
2023-10-18T06:57:16.290Z,36.48983333,-89.55283333,9.16,2.56,md,55,25,0.04984,0.12,nm,nm60555826,2023-12-26T21:25:13.040Z,southeastern Missouri,earthquake,0.16,0.31,0.147112825,43,reviewed,nm,nm
2023-10-16T18:48:04.060Z,33.4285,-118.0186667,0.97,2.56,ml,63,132,0.2049,0.27,ci,ci40583128,2023-12-26T21:24:25.040Z,"23 km SSW of Newport Beach, CA",earthquake,0.31,0.62,0.214,24,reviewed,ci,ci
2023-09-16T21:48:50.090Z,33.9888333,-118.346,11.58,2.56,ml,106,37,0.01316,0.23,ci,ci39667186,2023-11-18T22:29:35.040Z,"1 km SSE of View Park-Windsor Hills, CA",earthquake,0.15,0.24,0.186,114,reviewed,ci,ci
2023-08-18T11:47:54.570Z,33.685,-116.9668333,15.65,2.56,ml,117,13,0.03592,0.2,ci,ci39643762,2024-01-05T19:46:00.648Z,"7 km S of Hemet, CA",earthquake,0.12,0.27,0.172,152,reviewed,ci,ci
2023-08-06T07:51:52.720Z,40.2406667,-121.1255,6.66,2.56,md,35,50,0.01677,0.2,nc,nc73920956,2023-10-17T22:01:25.040Z,"4 km W of East Shore, CA",earthquake,0.32,0.43,0.134,72,reviewed,nc,nc
2023-07-29T10:40:15.870Z,32.23,-115.2845,2.7,2.56,ml,22,76,0.09472,0.24,ci,ci39625050,2023-09-30T21:36:33.040Z,"11 km W of Alberto Oviedo Mota, B.C., MX",earthquake,0.43,0.77,0.206,35,reviewed,ci,ci
2023-07-17T00:31:47.229Z,35.53416667,-96.76066667,7.95,2.56,ml,99,56,0,0.22,ok,ok2023nvzd,2023-09-28T21:33:32.040Z,"9 km NW of Prague, Oklahoma",earthquake,,0.5,0.25,43,reviewed,ok,ok
2023-07-13T01:51:04.990Z,31.7575,-115.9263333,8.17,2.56,ml,19,56,0.2473,0.25,ci,ci39611410,2023-09-16T19:16:12.040Z,"61km E of Maneadero, B.C., MX",earthquake,0.36,1.49,0.13,9,reviewed,ci,ci
2023-06-20T23:08:28.970Z,37.6486667,-119.0208333,-1.26,2.56,md,24,84,0.008732,0.06,nc,nc73903386,2023-08-26T20:54:13.040Z,"4km WNW of Mammoth Lakes, CA",earthquake,0.22,0.12,0.225,44,reviewed,nc,nc
2023-06-07T11:01:18.100Z,32.2091667,-115.2643333,9.92,2.56,ml,25,59,0.07586,0.29,ci,ci40479848,2023-08-12T17:15:07.040Z,"9km WSW of Alberto Oviedo Mota, B.C., MX",earthquake,0.42,0.91,0.224,26,reviewed,ci,ci
2023-06-06T21:36:06.750Z,45.35866667,-121.7126667,3.09,2.56,mh,5,185,0.005028,0.09,uw,uw61502613,2023-08-12T17:15:06.040Z,Washington-Oregon border region,earthquake,1.14,0.59,,0,reviewed,uw,uw
2023-05-15T03:20:05.940Z,40.2281667,-121.1668333,6.43,2.56,md,26,68,0.02549,0.09,nc,nc73888231,2023-07-24T01:16:51.040Z,"2km NE of Almanor, CA",earthquake,0.22,0.23,0.175,47,reviewed,nc,nc
2023-04-18T15:24:18.020Z,38.7915,-122.7233333,2.73,2.56,md,78,39,0.005417,0.09,nc,nc73875125,2023-07-03T02:47:17.040Z,"3km ENE of The Geysers, CA",earthquake,0.14,0.22,0.146,78,reviewed,nc,nc
2024-02-22T05:50:24.500Z,32.271,-116.5788333,18.34,2.57,ml,37,91,0.08316,0.18,ci,ci40674064,2024-03-06T10:40:06.040Z,"32 km E of Primo Tapia, B.C., MX",earthquake,0.29,0.48,0.181,24,reviewed,ci,ci
2024-02-12T17:36:35.860Z,32.7805,-115.5533333,11.36,2.57,ml,46,66,0.04545,0.25,ci,ci40668104,2024-02-15T14:00:24.040Z,"1 km SSE of El Centro, CA",earthquake,0.24,0.4,0.152,85,reviewed,ci,ci
2024-02-12T14:34:34.180Z,32.7785,-115.5506667,11.25,2.57,ml,47,54,0.04603,0.27,ci,ci40667824,2024-03-20T13:46:17.040Z,"1 km SSE of El Centro, CA",earthquake,0.26,0.44,0.162,84,reviewed,ci,ci
2024-02-07T23:26:30.790Z,36.6503333,-119.2568333,29.59,2.57,md,11,92,0.09755,0.21,nc,nc73999456,2024-03-05T03:07:33.040Z,"6 km ENE of Orange Cove, CA",earthquake,0.98,1.61,0.201,33,reviewed,nc,nc
2024-01-17T09:18:55.640Z,32.0988333,-115.1348333,2.49,2.57,ml,22,107,0.1319,0.23,ci,ci40461375,2024-03-29T17:37:52.040Z,"15 km SSE of Alberto Oviedo Mota, B.C., MX",earthquake,0.36,0.42,0.155,14,reviewed,ci,ci
2024-01-01T14:47:41.760Z,44.58266667,-110.7538333,8.51,2.57,ml,23,79,0.08225,0.18,uu,uu80033811,2024-03-09T21:38:46.040Z,"29 km ESE of West Yellowstone, Montana",earthquake,0.35,0.98,0.203518785,6,reviewed,uu,uu
2023-12-03T06:53:34.110Z,39.892,-111.8863333,5.57,2.57,ml,12,97,0.1581,0.17,uu,uu60555737,2024-02-10T23:47:23.040Z,"6 km SW of Rocky Ridge, Utah",earthquake,0.6,3.01,0.113,22,reviewed,uu,uu
2023-11-30T15:06:55.900Z,33.998,-118.3493333,9.62,2.57,ml,42,38,0.0127,0.26,ci,ci39720234,2024-02-06T21:53:51.040Z,"0 km NNW of View Park-Windsor Hills, CA",earthquake,0.28,0.5,0.22,14,reviewed,ci,ci
2023-11-11T17:04:15.390Z,40.4141667,-124.7935,19.58,2.57,md,55,236,0.3534,0.22,nc,nc73961656,2024-01-13T23:11:37.040Z,"44 km WNW of Petrolia, CA",earthquake,1.25,0.74,0.374,46,reviewed,nc,nc
2023-10-27T19:45:38.110Z,34.6871667,-116.2838333,2.26,2.57,ml,29,50,0.1092,0.14,ci,ci40589672,2024-01-04T04:22:28.040Z,"12 km WSW of Ludlow, CA",earthquake,0.14,0.4,0.158,25,reviewed,ci,ci
2023-10-06T07:48:50.150Z,40.5041667,-124.8393333,19.6,2.57,md,49,242,0.3838,0.19,nc,nc73946151,2023-12-14T21:26:50.040Z,"49 km W of Ferndale, CA",earthquake,1.31,1.12,0.386,39,reviewed,nc,nc
2023-09-24T16:55:47.920Z,35.5036667,-118.3926667,4.92,2.57,ml,52,29,0.1721,0.18,ci,ci40571648,2023-12-09T22:00:44.040Z,"13 km SE of Bodfish, CA",earthquake,0.15,1.18,0.165,71,reviewed,ci,ci
2023-09-24T00:48:33.040Z,37.4343333,-113.1275,10.56,2.57,ml,17,54,0.07811,0.19,uu,uu60550762,2023-12-09T22:00:44.040Z,"12 km SSE of Kanarraville, Utah",earthquake,0.38,0.67,0.153,16,reviewed,uu,uu
2023-08-22T11:51:26.720Z,34.4266667,-119.1681667,1.91,2.57,ml,74,64,0.02733,0.3,ci,ci39647250,2023-10-28T19:15:34.040Z,"7 km ESE of Ojai, CA",earthquake,0.21,0.39,0.136,25,reviewed,ci,ci
2023-08-08T08:53:20.730Z,32.3835,-115.1373333,7.26,2.57,ml,24,73,0.06873,0.32,ci,ci40531720,2023-10-17T22:01:27.040Z,"6 km ENE of Delta, B.C., MX",earthquake,0.49,1.16,0.109,9,reviewed,ci,ci
2023-07-25T02:18:09.020Z,31.5536667,-115.6828333,2.81,2.57,ml,13,84,0.1834,0.21,ci,ci39621250,2023-09-30T21:36:40.040Z,"86km ESE of Maneadero, B.C., MX",earthquake,0.33,1.43,0.122,26,reviewed,ci,ci
2023-07-08T13:09:23.660Z,36.7315,-80.7345,3.86,2.57,md,18,72,0.4767,0.31,se,se60533391,2023-09-09T21:54:59.040Z,Virginia-North Carolina border region,earthquake,0.73,3.6,0.065405215,18,reviewed,se,se
2023-07-07T09:12:34.430Z,48.34983333,-123.0038333,45.77,2.57,ml,30,57,0.1166,0.18,uw,uw61938781,2023-09-09T21:54:55.040Z,"20 km S of Friday Harbor, Washington",earthquake,0.55,0.93,0.167882723,24,reviewed,uw,uw
2023-07-01T18:13:48.790Z,34.1896667,-117.6006667,6.37,2.57,ml,110,16,0.06859,0.2,ci,ci40501680,2023-09-08T14:18:33.040Z,"8km NNW of Rancho Cucamonga, CA",earthquake,0.13,0.39,0.232,25,reviewed,ci,ci
2023-06-25T14:27:08.090Z,36.26816667,-83.52916667,7.53,2.57,md,28,48,0.07275,0.45,se,se60530996,2023-10-01T23:28:52.355Z,Kentucky-Tennessee border region,earthquake,0.63,1.35,0.033460562,18,reviewed,se,se
2023-06-14T04:21:30.830Z,36.9818333,-121.6421667,3.92,2.57,md,84,39,0.05324,0.16,nc,nc73900941,2023-08-21T04:18:52.040Z,"7km WSW of Gilroy, CA",earthquake,0.13,0.31,0.145,116,reviewed,nc,nc
2023-06-05T22:02:00.820Z,35.6203333,-117.4431667,8.96,2.57,ml,33,56,0.03715,0.11,ci,ci40479112,2023-08-12T17:15:04.040Z,"17km SSW of Searles Valley, CA",earthquake,0.17,0.31,0.19,24,reviewed,ci,ci
2023-05-24T15:33:55.510Z,33.256,-115.9995,4.74,2.57,ml,80,18,0.02662,0.17,ci,ci40232887,2023-07-29T22:00:34.040Z,"6km SW of Salton City, CA",earthquake,0.14,0.4,0.158,25,reviewed,ci,ci
2023-05-18T04:43:33.420Z,36.8341667,-121.4096667,8.66,2.57,md,74,77,0.01767,0.09,nc,nc73889446,2024-02-01T18:35:44.330Z,"2km SW of Hollister, CA",earthquake,0.15,0.26,0.12,89,reviewed,nc,nc
2023-05-11T23:30:17.670Z,40.2125,-121.0865,6.64,2.57,md,10,107,0.05718,0.06,nc,nc71130364,2023-07-22T19:16:09.040Z,"3km SSW of East Shore, CA",earthquake,0.33,0.43,0.163,12,reviewed,nc,nc
2023-05-01T02:52:56.160Z,33.0296667,-116.0131667,4.57,2.57,ml,75,29,0.1465,0.22,ci,ci40216367,2023-07-15T22:10:43.040Z,"17km SE of Ocotillo Wells, CA",earthquake,0.16,0.71,0.133,71,reviewed,ci,ci
2023-04-18T13:19:34.100Z,40.3065,-121.88,6.46,2.57,md,24,76,0.06075,0.2,nc,nc73875065,2023-07-03T02:47:17.040Z,"13km S of Manton, CA",earthquake,0.28,0.7,0.155,60,reviewed,nc,nc
2024-04-05T10:26:15.900Z,40.0411667,-121.2961667,5.3,2.58,md,45,51,0.2365,0.27,nc,nc74029671,2024-04-08T08:39:07.040Z,"5 km NW of Belden, CA",earthquake,0.4,2.26,0.167,53,reviewed,nc,nc
2024-03-25T08:01:30.980Z,47.68516667,-122.1268333,32.69,2.58,ml,94,24,0.02352,0.26,uw,uw61992201,2024-03-30T20:37:10.632Z,"1 km NNW of Redmond, Washington",earthquake,0.26,0.45,0.201001096,78,reviewed,uw,uw
2024-03-22T16:36:44.650Z,37.9328333,-122.0355,10.95,2.58,md,113,62,0.0346,0.18,nc,nc74022196,2024-03-26T17:34:24.357Z,"3 km SE of Pleasant Hill, CA",earthquake,0.17,0.24,0.161,93,reviewed,nc,nc
2024-03-22T00:30:50.160Z,32.9891667,-117.94,5.94,2.58,ml,48,136,0.4772,0.33,ci,ci40521439,2024-03-22T05:39:29.799Z,"42 km ENE of San Clemente Is. (SE tip), CA",earthquake,0.44,31.61,0.136,185,reviewed,ci,ci
2024-03-10T20:08:07.170Z,35.471,-85.23633333,22.11,2.58,md,16,64,0.1195,0.11,se,se60572731,2024-03-21T16:34:25.040Z,"14 km W of Graysville, Tennessee",earthquake,0.81,0.53,0.07843506,11,reviewed,se,se
2024-02-29T09:45:16.420Z,35.52216667,-85.1355,12.88,2.58,md,22,41,0.04719,0.15,se,se60571421,2024-03-28T01:49:59.040Z,"9 km NNW of Graysville, Tennessee",earthquake,0.22,0.41,0.102350784,17,reviewed,se,se
2024-02-14T07:56:21.310Z,33.1371667,-115.62,7.75,2.58,ml,53,42,0.03706,0.23,ci,ci40669640,2024-03-27T12:53:50.040Z,"10 km W of Calipatria, CA",earthquake,0.19,0.36,0.158,22,reviewed,ci,ci
2024-01-24T07:43:07.240Z,33.1663333,-115.6458333,1.99,2.58,ml,63,33,0.02572,0.26,ci,ci39755802,2024-03-30T22:33:06.040Z,"13 km WNW of Calipatria, CA",earthquake,0.22,0.47,0.163,25,reviewed,ci,ci
2023-12-05T08:16:45.000Z,33.6948333,-115.9523333,2.3,2.58,ml,70,62,0.05055,0.17,ci,ci40616216,2024-02-10T23:47:33.040Z,"18 km NE of Mecca, CA",earthquake,0.14,0.26,0.176,26,reviewed,ci,ci
2023-12-01T08:27:19.660Z,37.4363333,-113.12,12.41,2.58,ml,21,77,0.08021,0.16,uu,uu60555602,2024-02-06T21:53:51.040Z,"12 km SSE of Kanarraville, Utah",earthquake,0.33,0.56,0.175,10,reviewed,uu,uu
2023-10-26T03:36:17.100Z,39.16233333,-88.9675,17.47,2.58,md,19,74,0.2615,0.2,nm,nm60501233,2024-01-04T04:22:15.040Z,"6 km SSE of Herrick, Illinois",earthquake,0.31,0.44,0.089514123,9,reviewed,nm,nm
2023-10-18T10:19:00.270Z,40.4981667,-124.4586667,24.94,2.58,md,36,224,0.09514,0.1,nc,nc73948600,2023-12-26T21:25:13.040Z,"19 km WSW of Ferndale, CA",earthquake,0.41,0.35,0.235,56,reviewed,nc,nc
2023-10-09T12:04:44.760Z,33.1176667,-115.6038333,10.69,2.58,ml,54,82,0.06046,0.24,ci,ci40579440,2023-12-16T22:13:04.040Z,"8 km W of Calipatria, CA",earthquake,0.23,0.46,0.188,27,reviewed,ci,ci
2023-10-05T06:45:21.640Z,40.224,-121.1468333,4.1,2.58,md,44,50,0.0237,0.2,nc,nc73945666,2023-12-14T21:26:50.040Z,"2 km NNE of Prattville, CA",earthquake,0.37,0.46,0.141,54,reviewed,nc,nc
2023-10-02T16:14:25.170Z,47.0375,-123.9686667,36.59,2.58,ml,44,53,0.04405,0.31,uw,uw61963546,2023-12-14T21:26:50.040Z,"8 km NW of Hoquiam, Washington",earthquake,0.58,0.84,0.223521859,29,reviewed,uw,uw
2023-08-21T01:06:51.830Z,34.4391667,-119.1696667,1.96,2.58,ml,73,49,0.02668,0.27,ci,ci39645890,2023-10-28T19:15:33.040Z,"7 km E of Ojai, CA",earthquake,0.18,0.36,0.124,89,reviewed,ci,ci
2023-07-16T16:49:28.080Z,39.5731667,-122.0353333,22.9,2.58,md,30,48,0.2828,0.12,nc,nc73913686,2023-09-28T21:33:30.040Z,"15 km ENE of Willows, CA",earthquake,0.26,0.45,0.239,68,reviewed,nc,nc
2023-07-11T18:12:58.050Z,47.52616667,-122.9221667,22.95,2.58,ml,16,75,0.01366,0.22,uw,uw61939771,2023-09-16T19:16:10.040Z,"Puget Sound region, Washington",earthquake,0.67,0.79,0.16717409,11,reviewed,uw,uw
2023-06-15T17:35:14.940Z,40.4845,-124.532,17.03,2.58,md,30,265,0.1486,0.14,nc,nc73901431,2023-08-21T04:19:00.040Z,"25km WSW of Ferndale, CA",earthquake,0.79,0.36,0.173,37,reviewed,nc,nc
2023-06-10T09:43:04.110Z,38.7423333,-122.7218333,1.54,2.58,md,93,31,0.008197,0.08,nc,nc73899481,2023-08-12T17:15:15.040Z,"4km SW of Anderson Springs, CA",earthquake,0.1,0.21,0.181,97,reviewed,nc,nc
2023-06-07T06:03:42.030Z,33.9656667,-116.946,7.24,2.58,ml,104,21,0.0527,0.14,ci,ci40479760,2023-08-12T17:15:06.040Z,"5km NE of Beaumont, CA",earthquake,0.1,0.45,0.261,25,reviewed,ci,ci
2023-06-02T18:07:29.970Z,36.6508333,-121.2778333,5.89,2.58,md,58,104,0.04969,0.09,nc,nc73895471,2023-08-05T22:07:49.040Z,"16km SSE of Tres Pinos, CA",earthquake,0.15,0.38,0.117,86,reviewed,nc,nc
2023-05-26T20:45:48.640Z,38.6386667,-119.7776667,-1.24,2.58,md,44,54,0.2087,0.15,nc,nc73890320,2023-07-29T22:00:43.040Z,"6km SSE of Markleeville, CA",earthquake,0.19,1.88,0.195,45,reviewed,nc,nc
2023-05-19T19:32:09.690Z,35.5215,-118.379,7.78,2.58,ml,52,27,0.1608,0.13,ci,ci40228591,2023-07-24T01:15:45.040Z,"13km SE of Bodfish, CA",earthquake,0.13,0.6,0.248,25,reviewed,ci,ci
2023-05-13T18:45:38.570Z,44.7601667,-110.9681667,6.69,2.58,ml,21,108,0.02708,0.13,uu,uu60539831,2023-07-22T19:16:09.040Z,"15 km NE of West Yellowstone, Montana",earthquake,0.3,0.63,0.116,5,reviewed,uu,uu
2023-04-18T11:40:07.220Z,40.4046667,-124.541,26.15,2.58,md,29,250,0.1707,0.12,nc,nc73875050,2023-07-03T02:47:17.040Z,"23km WNW of Petrolia, CA",earthquake,0.85,0.58,0.327,38,reviewed,nc,nc
2023-04-17T18:52:36.930Z,33.5265,-116.6891667,8.85,2.58,ml,104,16,0.05587,0.17,ci,ci40442016,2023-07-03T02:47:26.040Z,"4km SSW of Anza, CA",earthquake,0.11,0.26,0.202,25,reviewed,ci,ci
2024-02-16T15:13:06.960Z,40.654,-121.6996667,8.6,2.59,md,33,35,0.1514,0.16,nc,nc74003566,2024-04-18T20:01:04.040Z,"15 km N of Viola, CA",earthquake,0.24,1.07,0.136,47,reviewed,nc,nc
2024-01-22T20:46:23.670Z,32.3966667,-115.234,9.39,2.59,ml,24,46,0.06423,0.34,ci,ci40464143,2024-03-30T22:32:29.040Z,"6 km NW of Delta, B.C., MX",earthquake,0.41,1.11,0.188,14,reviewed,ci,ci
2023-12-29T11:09:49.370Z,32.4108333,-115.5455,1.07,2.59,ml,41,60,0.1302,0.29,ci,ci40452415,2024-03-02T21:39:30.040Z,"19 km S of Progreso, B.C., MX",earthquake,0.3,0.74,0.141,57,reviewed,ci,ci
2023-12-05T23:25:45.830Z,32.7275,-115.428,15.74,2.59,ml,33,70,0.0792,0.3,ci,ci40616576,2024-02-10T23:47:36.040Z,"8 km NE of Calexico, CA",earthquake,0.45,0.66,0.147,37,reviewed,ci,ci
2023-11-30T03:06:55.610Z,38.8053333,-122.7806667,3.08,2.59,md,80,33,0.007914,0.06,nc,nc73969766,2024-02-06T21:53:51.040Z,"4 km NW of The Geysers, CA",earthquake,0.11,0.15,0.176,79,reviewed,nc,nc
2023-11-22T12:06:04.660Z,37.2925,-121.6631667,6.12,2.59,md,111,41,0.03438,0.08,nc,nc73965886,2024-02-01T15:13:42.040Z,"16 km E of Seven Trees, CA",earthquake,0.08,0.17,0.152,145,reviewed,nc,nc
2023-11-09T10:25:02.270Z,38.2996667,-119.31,5.57,2.59,ml,47,115,0.2278,0.15,nc,nc73960401,2024-01-13T23:10:51.040Z,"8 km NW of Bridgeport, CA",earthquake,0.25,3.44,0.237,19,reviewed,nc,nc
2023-10-09T15:57:15.400Z,34.0883333,-118.2615,11.47,2.59,ml,93,31,0.03872,0.18,ci,ci40579712,2023-12-16T22:13:05.040Z,"0 km SE of Silver Lake, CA",earthquake,0.13,0.22,0.149,26,reviewed,ci,ci
2023-10-03T16:33:49.130Z,37.4756667,-118.7001667,4.44,2.59,md,29,99,0.1026,0.07,nc,nc73945021,2023-12-14T21:26:50.040Z,"10 km S of Toms Place, CA",earthquake,0.38,1.24,0.229,38,reviewed,nc,nc
2023-10-01T00:42:04.830Z,38.3045,-119.3696667,6.99,2.59,md,38,94,0.07101,0.17,nc,nc73943981,2023-12-14T21:26:50.040Z,"13 km WNW of Bridgeport, CA",earthquake,0.26,0.53,0.215,45,reviewed,nc,nc
2023-09-25T09:10:06.490Z,36.692,-121.3443333,5.29,2.59,md,62,47,0.01553,0.19,nc,nc73941686,2023-12-09T22:00:45.040Z,"11 km SSW of Tres Pinos, CA",earthquake,0.25,0.63,0.123,72,reviewed,nc,nc
2023-09-05T20:27:18.320Z,40.2316667,-121.1555,1.28,2.59,md,58,33,0.2397,0.16,nc,nc73933496,2023-11-17T19:47:47.040Z,"2 km NE of Almanor, CA",earthquake,0.18,1.5,0.172,68,reviewed,nc,nc
2023-09-01T03:22:51.760Z,33.1606667,-115.9358333,7.47,2.59,ml,77,40,0.03741,0.18,ci,ci39656434,2023-11-04T21:36:08.040Z,"16 km S of Salton City, CA",earthquake,0.16,0.44,0.141,25,reviewed,ci,ci
2023-08-23T05:07:30.020Z,36.94,-89.1865,6.05,2.59,md,30,115,0.1659,0.15,nm,nm60546071,2023-10-28T19:15:35.040Z,"3 km ENE of Wilson City, Missouri",earthquake,0.29,3.15,0.073980052,22,reviewed,nm,nm
2023-06-22T12:44:39.360Z,40.2891667,-124.7256667,13.92,2.59,md,28,262,0.293,0.21,nc,nc73903916,2023-08-26T20:54:11.040Z,"38km W of Petrolia, CA",earthquake,0.93,1.04,0.222,30,reviewed,nc,nc
2023-05-11T23:29:43.400Z,40.203,-121.1128333,5.84,2.59,md,38,46,0.05114,0.18,nc,nc73886736,2023-07-22T19:16:55.040Z,"4km E of Prattville, CA",earthquake,0.31,0.5,0.148,37,reviewed,nc,nc
2023-05-06T14:41:30.940Z,32.7096667,-115.5463333,6.82,2.59,ml,38,59,0.05876,0.23,ci,ci40219847,2023-07-15T22:10:08.040Z,"3km SSW of Heber, CA",earthquake,0.31,0.73,0.135,55,reviewed,ci,ci
2023-05-03T00:56:43.170Z,38.8225,-122.8516667,3.01,2.59,md,80,31,0.006474,0.05,nc,nc73883161,2023-07-15T22:10:57.040Z,"10km WNW of The Geysers, CA",earthquake,0.11,0.16,0.154,83,reviewed,nc,nc
2023-04-13T02:10:55.960Z,35.8063333,-121.3408333,5.92,2.59,md,77,182,0.1167,0.09,nc,nc73872805,2023-06-17T21:36:49.040Z,"23km NW of San Simeon, CA",earthquake,0.24,0.45,0.124,70,reviewed,nc,nc
2024-04-10T14:22:52.824Z,40.7046,-74.7238,9.222,2.6,mb_lg,18,106,0.025,0.19,us,us7000mb70,2024-04-15T20:54:51.685Z,"5 km WSW of Gladstone, New Jersey",earthquake,1.49,1.742,0.086,35,reviewed,us,us
2024-04-09T10:59:15.909Z,40.4768,-119.7968,9.2,2.6,ml,10,66.92,0.311,0.2706,nn,nn00875947,2024-04-15T09:59:12.040Z,"40 km WSW of Empire, Nevada",earthquake,,2.4,0.21,6,reviewed,nn,nn
2024-04-06T14:17:12.910Z,44.371,-116.0833333,9.63,2.6,ml,10,86,0.1798,0.09,mb,mb90045228,2024-04-07T14:01:39.980Z,"7 km N of Smiths Ferry, Idaho",earthquake,0.43,1.17,0.223573805,33,reviewed,mb,mb
2024-04-06T13:02:02.789Z,32.4331,-104.6214,6.386,2.6,ml,20,106,0.651,0.88,us,us7000mag5,2024-04-06T13:18:51.040Z,"36 km NW of Whites City, New Mexico",earthquake,3.13,5.888,0.069,28,reviewed,us,us
2024-04-05T14:29:58.521Z,40.6926,-74.7465,5.62,2.6,ml,25,106,0.675,0.22,us,us7000maaw,2024-04-19T12:57:54.103Z,"7 km WSW of Gladstone, New Jersey",earthquake,1.36,6.651,0.081,20,reviewed,us,us
2024-04-04T01:38:32.820Z,31.654,-104.411,6.0999,2.6,ml,14,67,0,0.2,tx,tx2024gpwo,2024-04-04T09:31:55.720Z,"57 km S of Whites City, New Mexico",earthquake,1.115297013,0.952005353,0.1,19,reviewed,tx,tx
2024-04-01T08:46:59.672Z,38.1684,-117.784,12.2,2.6,ml,11,71.83,0.109,0.1064,nn,nn00875640,2024-04-02T08:04:37.040Z,"37 km SE of Mina, Nevada",earthquake,,0.7,0.32,5,reviewed,nn,nn
2024-03-29T05:40:54.640Z,44.3409,-116.1547,10,2.6,ml,25,54,0.316,0.85,us,us7000m8pt,2024-04-17T09:13:41.100Z,"6 km NW of Smiths Ferry, Idaho",earthquake,1.64,2.009,0.056,42,reviewed,us,us
2024-03-26T09:59:43.831Z,31.63,-104.155,6.0999,2.6,ml,13,66,0.1,0.2,tx,tx2024gabo,2024-03-26T14:40:01.093Z,"49 km NW of Toyah, Texas",earthquake,0.92275549,1.574310709,0.1,24,reviewed,tx,tx
2024-03-22T23:07:39.890Z,41.0478333,-120.1298333,19.05,2.6,md,12,217,0.2839,0.07,nc,nc74022366,2024-03-23T08:16:10.549Z,"18 km SW of Reederville, NV",earthquake,0.7,0.58,0.089,20,reviewed,nc,nc
2024-03-19T04:40:02.839Z,35.673,-97.40766667,6.68,2.6,ml,97,39,0,0.15,ok,ok2024fmwm,2024-04-19T13:08:51.534Z,"6 km ENE of Edmond, Oklahoma",earthquake,,0.3,0.19,41,reviewed,ok,ok
2024-03-13T15:34:19.930Z,28.974,-97.977,4.0771,2.6,ml,19,64,0.1,0.3,tx,tx2024fctb,2024-04-17T03:51:53.040Z,"4 km ESE of Falls City, Texas",earthquake,0.951702316,2.097618464,0.1,14,reviewed,tx,tx
2024-03-12T07:05:19.162Z,44.3532,-116.1422,5,2.6,ml,27,51,0.331,0.72,us,us7000m4tm,2024-03-19T05:45:16.881Z,"7 km NW of Smiths Ferry, Idaho",earthquake,2.07,1.941,0.056,42,reviewed,us,us
2024-03-11T05:49:32.985Z,32.6476,-104.3878,5,2.6,ml,46,55,0.486,0.3,us,us7000m4mi,2024-03-12T16:21:51.794Z,"13 km S of Atoka, New Mexico",earthquake,2.97,1.97,0.085,26,reviewed,us,us
2024-03-10T08:45:06.534Z,31.773,-101.935,5.9814,2.6,ml,18,58,0.1,0.1,tx,tx2024ewtc,2024-04-11T22:36:38.040Z,"28 km SSE of Midland, Texas",earthquake,0.615466134,1.50289821,0.1,29,reviewed,tx,tx
2024-03-08T03:21:22.505Z,44.3712,-116.1262,10,2.6,ml,27,61,0.352,0.63,us,us7000m426,2024-03-28T22:54:19.380Z,"8 km NNW of Smiths Ferry, Idaho",earthquake,1.3,2.012,0.051,50,reviewed,us,us
2024-03-08T02:14:00.164Z,44.3592,-116.1247,10,2.6,ml,24,62,0.343,0.67,us,us7000m41u,2024-03-28T22:51:39.040Z,"7 km NNW of Smiths Ferry, Idaho",earthquake,1.65,2.008,0.056,42,reviewed,us,us
2024-03-07T05:22:19.350Z,47.74666667,-124.1366667,25.24,2.6,ml,44,59,0.02629,0.28,uw,uw61988156,2024-03-20T06:29:53.040Z,"27 km NNE of Queets, Washington",earthquake,0.4,0.67,0.122003948,38,reviewed,uw,uw
2024-03-07T02:54:26.977Z,36.0099,-114.6737,5.8,2.6,ml,13,179.38,0.147,0.232,nn,nn00874297,2024-04-11T22:09:04.040Z,"14 km ENE of Boulder City, Nevada",earthquake,,3.6,0.72,2,reviewed,nn,nn
2024-03-05T22:56:18.291Z,31.736,-104.113,7.1765,2.6,ml,39,52,0,0.2,tx,tx2024eorp,2024-04-03T23:24:48.040Z,"48 km W of Mentone, Texas",earthquake,0.568548065,0.716751013,0.2,31,reviewed,tx,tx
2024-03-04T20:54:39.407Z,31.676,-104.408,6.4075,2.6,ml,13,69,0,0.1,tx,tx2024emsc,2024-04-12T14:01:11.040Z,"55 km S of Whites City, New Mexico",earthquake,1.248194387,1.326347497,0.1,14,reviewed,tx,tx
2024-03-04T07:18:23.872Z,31.624,-104.012,7.6379,2.6,ml,25,35,0,0.1,tx,tx2024elrd,2024-03-11T07:21:25.040Z,"40 km NNW of Toyah, Texas",earthquake,0.873799435,0.814081821,0.2,26,reviewed,tx,tx
2024-03-02T08:57:21.585Z,31.4507,-115.458,10,2.6,ml,40,263,0.595,0.85,us,us6000mga4,2024-04-09T04:48:15.040Z,"75 km NW of San Felipe, Mexico",earthquake,2.75,1.978,0.066,30,reviewed,us,us
2024-03-02T06:00:51.533Z,41.9523,-119.578,0.3,2.6,ml,4,128.73,0.542,0.03,nn,nn00874157,2024-04-09T04:39:14.040Z,"48 km ENE of Fort Bidwell, California",earthquake,,4.5,0.61,4,reviewed,nn,nn
2024-03-01T06:46:58.513Z,32.889,-100.903,5.1758,2.6,ml,11,48,0,0.1,tx,tx2024egdq,2024-04-09T04:32:43.040Z,"19 km N of Snyder, Texas",earthquake,0.831886335,0.672596704,0.1,18,reviewed,tx,tx
2024-02-29T01:57:29.713Z,44.369,-116.1366,10.754,2.6,ml,20,61,0.347,0.88,us,us6000mfrs,2024-04-09T23:17:45.040Z,"8 km NNW of Smiths Ferry, Idaho",earthquake,1.23,5.708,0.062,34,reviewed,us,us
2024-02-27T18:10:21.739Z,32.156,-101.107,9.9854,2.6,ml,24,104,0.2,0.1,tx,tx2024ebnr,2024-03-05T16:23:53.040Z,"23 km SSW of Westbrook, Texas",earthquake,0.566943157,1.719937648,0.1,25,reviewed,tx,tx
2024-02-27T05:43:05.695Z,31.675,-104.361,6.0999,2.6,ml,26,57,0.1,0.1,tx,tx2024eaoz,2024-03-28T13:49:28.040Z,"55 km S of Whites City, New Mexico",earthquake,0.65801471,0.727783704,0.2,16,reviewed,tx,tx
2024-02-24T06:16:22.370Z,31.474,-103.932,2.5366,2.6,ml,14,81,0.1,0.2,tx,tx2024dvdo,2024-03-06T12:37:29.040Z,"22 km NW of Toyah, Texas",earthquake,1.435304455,1.533412581,0.2,19,reviewed,tx,tx
2024-02-24T04:20:12.575Z,32.6627,-104.4009,5,2.6,ml,35,75,0.56,0.45,us,us7000m19y,2024-04-02T21:58:18.040Z,"11 km S of Atoka, New Mexico",earthquake,2.71,1.965,0.091,16,reviewed,us,us
2024-02-20T05:53:09.377Z,32.756,-100.643,8.7402,2.6,ml,22,51,0.1,0.2,tx,tx2024dnuu,2024-04-03T18:39:21.040Z,"17 km NE of Hermleigh, Texas",earthquake,0.819871762,2.039227278,0.1,16,reviewed,tx,tx
2024-02-20T05:26:57.978Z,32.759,-100.639,8.1543,2.6,ml,17,88,0.1,0.3,tx,tx2024dnty,2024-04-03T18:19:20.040Z,"17 km NE of Hermleigh, Texas",earthquake,0.829571973,1.900020985,0.1,11,reviewed,tx,tx
2024-02-17T20:35:08.402Z,44.3347,-114.8708,13.961,2.6,ml,16,47,0.229,0.3,us,us7000lzwg,2024-02-26T06:27:34.040Z,"14 km NNE of Stanley, Idaho",earthquake,1.8,5.982,0.05,52,reviewed,us,us
2024-02-16T20:57:17.898Z,44.2429,-114.99,14.109,2.6,ml,32,37,0.171,0.59,us,us7000lzr2,2024-03-13T20:49:57.040Z,"4 km NW of Stanley, Idaho",earthquake,1.85,7.476,0.039,88,reviewed,us,us
2024-02-13T20:47:07.958Z,31.682,-104.421,6.0802,2.6,ml,25,50,0,0.2,tx,tx2024dcdw,2024-02-15T18:14:06.040Z,"54 km S of Whites City, New Mexico",earthquake,1.05991844,0.838097807,0.1,13,reviewed,tx,tx
2024-02-13T17:33:53.971Z,31.525,-104.016,7.3013,2.6,ml,26,58,0,0.2,tx,tx2024dbxi,2024-03-20T14:06:04.040Z,"31 km NW of Toyah, Texas",earthquake,0.62161007,0.460941683,0.2,20,reviewed,tx,tx
2024-02-13T15:26:58.780Z,39.396,-119.7161,6.7,2.6,ml,31,39.83,0.038,0.1302,nn,nn00873356,2024-03-12T19:24:34.040Z,"11 km NNW of Virginia City, Nevada",earthquake,,0.6,0.4,11,reviewed,nn,nn
2024-02-12T11:59:22.976Z,28.955,-97.996,0.0245,2.6,ml,20,66,0,0.2,tx,tx2024czqw,2024-03-27T16:05:31.040Z,"3 km SE of Falls City, Texas",earthquake,0.767253019,1.06243392,0.1,12,reviewed,tx,tx
2024-02-12T07:17:48.060Z,28.95,-98.004,0.0245,2.6,ml,23,67,0,0.3,tx,tx2024czho,2024-03-14T07:19:34.040Z,"3 km SSE of Falls City, Texas",earthquake,1.021243948,1.70934943,0.2,11,reviewed,tx,tx
2024-02-11T18:20:52.420Z,32.21,-104.4887,5,2.6,mb_lg,32,85,0.473,0.43,us,us7000lyh9,2024-02-12T16:03:46.040Z,"11 km WNW of Whites City, New Mexico",earthquake,1.48,1.944,0.117,34,reviewed,us,us
2024-02-10T16:40:34.908Z,44.4504,-114.4912,14.508,2.6,ml,41,62,0.331,0.45,us,us7000lybk,2024-03-14T20:43:21.040Z,"21 km WSW of Challis, Idaho",earthquake,2.11,1.446,0.031,138,reviewed,us,us
2024-02-10T13:39:00.508Z,31.683,-104.352,8.4967,2.6,ml,15,57,0.1,0.2,tx,tx2024cwdd,2024-03-16T13:31:40.040Z,"54 km S of Whites City, New Mexico",earthquake,1.017876018,1.275685116,0.1,17,reviewed,tx,tx
2024-02-09T22:35:18.167Z,32.145,-101.077,9.0238,2.6,ml,34,68,0.2,0.2,tx,tx2024cuzh,2024-04-14T20:34:12.040Z,"24 km SSW of Westbrook, Texas",earthquake,0.760062354,2.472667009,0.2,24,reviewed,tx,tx
2024-02-09T21:16:26.737Z,31.67,-104.347,6.3372,2.6,ml,25,57,0.1,0.2,tx,tx2024cuws,2024-04-14T20:36:02.040Z,"56 km S of Whites City, New Mexico",earthquake,0.679313769,1.007065636,0.2,15,reviewed,tx,tx
2024-02-07T00:19:00.387Z,31.658,-104.368,6.8257,2.6,ml,15,58,0.1,0.2,tx,tx2024cpqg,2024-03-06T23:32:54.040Z,"57 km S of Whites City, New Mexico",earthquake,1.243376059,1.327898843,0.1,28,reviewed,tx,tx
2024-02-03T21:40:34.200Z,31.606,-103.944,7.3784,2.6,ml,15,80,0,0.1,tx,tx2024cjyn,2024-04-13T19:37:00.040Z,"34 km WSW of Mentone, Texas",earthquake,0.441450715,0.472300006,0.2,12,reviewed,tx,tx
2024-02-03T15:51:27.590Z,32.412,-102.029,8.3391,2.6,ml,24,39,0.1,0.1,tx,tx2024cjna,2024-04-13T19:36:36.040Z,"32 km WSW of Ackerly, Texas",earthquake,0.640315043,1.103932234,0.1,25,reviewed,tx,tx
2024-02-03T01:49:51.790Z,31.569,-104.174,7.8797,2.6,ml,28,70,0,0.1,tx,tx2024cilf,2024-04-13T19:35:40.040Z,"45 km NW of Toyah, Texas",earthquake,0.841205412,0.824115273,0.2,23,reviewed,tx,tx
2024-01-30T01:21:05.770Z,40.3835,-124.6405,24.78,2.6,md,47,227,0.244,0.13,nc,nc73996491,2024-04-13T19:27:29.040Z,"31 km WNW of Petrolia, CA",earthquake,0.69,0.99,0.301,47,reviewed,nc,nc
2024-01-27T23:08:09.856Z,31.514,-104.158,7.8026,2.6,ml,11,74,0.1,0.2,tx,tx2024bxgw,2024-03-30T22:34:35.040Z,"41 km WNW of Toyah, Texas",earthquake,2.321004239,1.747501993,0.1,14,reviewed,tx,tx
2024-01-24T02:24:58.472Z,31.691,-104.301,7.2627,2.6,ml,18,65,0,0.2,tx,tx2024bqfj,2024-03-30T22:33:01.040Z,"54 km S of Whites City, New Mexico",earthquake,0.616153797,0.682119163,0.2,14,reviewed,tx,tx
2024-01-22T20:32:52.840Z,48.27033333,-124.8703333,-0.16,2.6,ml,23,191,0.1756,0.66,uw,uw61980726,2024-03-30T22:32:29.040Z,"21 km WSW of Neah Bay, Washington",earthquake,1.48,1.86,0.119937247,16,reviewed,uw,uw
2024-01-21T21:16:21.645Z,32.008,-103.813,8.9594,2.6,ml,27,67,0,0.2,tx,tx2024bmee,2024-03-29T17:37:55.040Z,"34 km SE of Malaga, New Mexico",earthquake,1.108405838,0.730000577,0.1,13,reviewed,tx,tx
2024-01-20T15:45:33.280Z,47.45933333,-122.3553333,24.49,2.6,ml,110,21,0.01549,0.29,uw,uw61980521,2024-03-29T17:37:55.040Z,"1 km SSW of Burien, Washington",earthquake,0.24,0.54,0.227906894,85,reviewed,uw,uw
2024-01-20T13:45:11.117Z,31.645,-104.394,6.62,2.6,ml,23,72,0,0.2,tx,tx2024bjtv,2024-03-29T17:37:54.040Z,"58 km S of Whites City, New Mexico",earthquake,1.13953863,1.489270868,0,7,reviewed,tx,tx
2024-01-18T05:26:42.267Z,32.686,-100.609,6.7006,2.6,ml,16,86,0.1,0.3,tx,tx2024bfmi,2024-03-29T17:37:52.040Z,"15 km ENE of Hermleigh, Texas",earthquake,1.139931755,1.933521074,0.1,10,reviewed,tx,tx
2024-01-13T18:19:35.619Z,31.639,-103.987,8.3167,2.6,ml,24,59,0,0.3,tx,tx2024axij,2024-03-16T19:00:35.040Z,"37 km WSW of Mentone, Texas",earthquake,1.211622066,1.26815679,0.2,11,reviewed,tx,tx
2024-01-12T06:06:15.557Z,32.321,-101.826,6.3827,2.6,ml,24,34,0,0.1,tx,tx2024auoq,2024-03-16T19:00:26.040Z,"21 km N of Stanton, Texas",earthquake,0.399860621,0.468423831,0.3,18,reviewed,tx,tx
2024-01-06T12:07:27.277Z,31.663,-104.204,7.6226,2.6,ml,34,63,0.1,0.2,tx,tx2024akbn,2024-03-09T21:39:45.040Z,"54 km NW of Toyah, Texas",earthquake,0.68068884,0.881263682,0.3,25,reviewed,tx,tx
2024-01-05T08:47:08.356Z,41.7518,-81.0177,8.982,2.6,mb_lg,12,91,0.85,0.18,us,us6000m1yj,2024-03-09T21:39:31.040Z,"3 km SE of Madison, Ohio",earthquake,1.56,7.054,0.361,3,reviewed,us,us
2024-01-04T19:31:29.327Z,31.594,-104.247,8.4196,2.6,ml,17,71,0.1,0.2,tx,tx2024agzd,2024-03-09T21:39:23.040Z,"53 km NW of Toyah, Texas",earthquake,1.269379314,1.482372045,0.2,6,reviewed,tx,tx
2024-01-04T09:48:30.900Z,31.592,-104.546,7.0674,2.6,ml,18,88,0.1,0.2,tx,tx2024agfx,2024-03-09T21:39:17.040Z,"66 km SSW of Whites City, New Mexico",earthquake,0.986878741,1.942966,0.1,13,reviewed,tx,tx
2024-01-02T14:00:07.785Z,32.735,-100.657,9.3173,2.6,ml,13,81,0.1,0.2,tx,tx2024acxf,2024-03-09T21:38:44.040Z,"14 km NE of Hermleigh, Texas",earthquake,1.024720287,1.970380537,0.1,11,reviewed,tx,tx
2023-12-31T21:02:12.253Z,44.1459,-105.4633,0,2.6,ml,13,150,1.028,0.51,us,us6000m2x4,2024-03-02T21:39:37.040Z,"8 km S of Antelope Valley-Crestview, Wyoming",mining explosion,9.1,1.752,0.074,24,reviewed,us,us
2023-12-30T19:34:48.337Z,31.61,-103.986,7.2627,2.6,ml,19,42,0,0.3,tx,tx2023zosl,2024-03-02T21:39:31.040Z,"37 km NNW of Toyah, Texas",earthquake,0.829019092,1.231756646,0.2,13,reviewed,tx,tx
2023-12-28T15:44:10.711Z,29.316,-97.464,8.1434,2.6,ml,19,58,0.1,0.3,tx,tx2023zktw,2024-03-02T21:39:32.040Z,"17 km ENE of Smiley, Texas",earthquake,1.600400602,2.068712438,0.1,16,reviewed,tx,tx
2023-12-26T19:15:23.410Z,31.679,-104.394,6.3629,2.6,ml,16,68,0,0.2,tx,tx2023zhjs,2024-03-02T21:39:31.040Z,"55 km S of Whites City, New Mexico",earthquake,1.086308429,0.789270917,0.2,13,reviewed,tx,tx
2023-12-25T21:38:26.618Z,31.694,-104.365,6.4658,2.6,ml,37,66,0.1,0.2,tx,tx2023zfsy,2024-03-02T21:39:40.040Z,"53 km S of Whites City, New Mexico",earthquake,0.743558948,0.952157813,0.2,31,reviewed,tx,tx
2023-12-25T18:30:15.087Z,31.69,-104.298,7.7769,2.6,ml,32,57,0,0.2,tx,tx2023zfms,2024-03-02T21:39:40.040Z,"54 km S of Whites City, New Mexico",earthquake,0.777025468,0.86509778,0.1,18,reviewed,tx,tx
2023-12-23T19:07:18.548Z,31.7,-104.134,6.6971,2.6,ml,40,42,0.1,0.2,tx,tx2023zbwy,2024-02-27T22:57:05.040Z,"50 km W of Mentone, Texas",earthquake,0.502831503,0.618462203,0.2,30,reviewed,tx,tx
2023-12-23T04:05:20.371Z,39.6197,-119.6308,7.9,2.6,ml,33,72.22,0.063,0.1563,nn,nn00870545,2024-02-27T22:57:05.040Z,"7 km ESE of Spanish Springs, Nevada",earthquake,,1,0.27,10,reviewed,nn,nn
2023-12-22T18:14:40.824Z,32.125,-101.052,9.464,2.6,ml,12,69,0.2,0.1,tx,tx2023yzzs,2024-02-27T22:57:04.040Z,"25 km S of Westbrook, Texas",earthquake,1.145091678,2.542563978,0.1,10,reviewed,tx,tx
2023-12-22T07:50:27.098Z,40.6266,-115.937,8.7,2.6,ml,7,110.96,0.543,0.147,nn,nn00870466,2024-02-27T22:57:04.040Z,"17 km SE of Carlin, Nevada",earthquake,,8.4,0.27,4,reviewed,nn,nn
2023-12-21T15:50:40.465Z,44.3254,-115.1617,15.102,2.6,ml,28,41,0.315,0.65,us,us7000lknk,2024-02-27T22:57:03.040Z,"21 km NW of Stanley, Idaho",earthquake,0.89,7.126,0.041,80,reviewed,us,us
2023-12-18T02:47:39.190Z,35.0438333,-117.6568333,1.12,2.6,ml,56,35,0.1139,0.14,ci,ci40446591,2024-02-27T22:57:00.040Z,"5 km N of Boron, CA",earthquake,0.13,0.31,0.223,67,reviewed,ci,ci
2023-12-16T13:55:52.595Z,42.6279,-101.0161,5,2.6,mb_lg,11,93,1.036,0.68,us,us7000ljiq,2024-02-17T22:43:12.040Z,"34 km SSE of Nenzel, Nebraska",earthquake,4.1,2.005,0.104,24,reviewed,us,us
2023-12-16T08:28:45.305Z,31.675,-104.191,6.3886,2.6,ml,15,68,0.1,0.2,tx,tx2023yohj,2024-02-17T22:43:12.040Z,"54 km NW of Toyah, Texas",earthquake,0.666017623,1.199777707,0.1,21,reviewed,tx,tx
2023-12-15T08:44:41.482Z,31.729,-104.576,6.5686,2.6,ml,30,153,0,0.1,tx,tx2023ymmj,2024-02-17T22:43:10.040Z,"52 km SSW of Whites City, New Mexico",earthquake,1.796575273,0.952741734,0.1,20,reviewed,tx,tx
2023-12-09T17:54:05.456Z,32.017,-101.382,0.0245,2.6,ml,26,77,0.2,0.3,tx,tx2023ycfn,2024-02-10T23:47:46.040Z,"10 km S of Forsan, Texas",earthquake,1.18216989,1.012746117,0.1,20,reviewed,tx,tx
2023-12-09T08:33:47.143Z,31.626,-104.49,7.3141,2.6,ml,29,69,0,0.2,tx,tx2023ybmz,2024-02-10T23:47:45.040Z,"61 km S of Whites City, New Mexico",earthquake,1.287734247,0.879533299,0.1,25,reviewed,tx,tx
2023-12-08T09:18:26.577Z,38.1696,-117.8346,11.7,2.6,ml,12,77.09,0.122,0.1253,nn,nn00869877,2024-02-10T23:47:42.040Z,"34 km SE of Mina, Nevada",earthquake,,1.4,0.25,7,reviewed,nn,nn
2023-12-08T02:46:08.511Z,39.0933,-97.5654,5,2.6,mb_lg,21,99,0.744,0.48,us,us7000lh7s,2024-02-10T23:47:41.040Z,"7 km NNE of Bennington, Kansas",earthquake,3.05,1.991,0.092,31,reviewed,us,us
2023-12-06T04:48:31.365Z,31.581,-104.032,8.1882,2.6,ml,27,66,0,0.1,tx,tx2023xvtb,2024-02-10T23:47:37.040Z,"37 km NW of Toyah, Texas",earthquake,0.619854429,0.510220039,0.2,17,reviewed,tx,tx
2023-12-03T23:09:47.088Z,40.3583,-119.5986,12.3,2.6,ml,7,205.18,0.214,0.1348,nn,nn00869631,2024-02-10T23:47:28.040Z,"32 km SW of Empire, Nevada",earthquake,,4.1,0.24,5,reviewed,nn,nn
2023-12-02T15:22:24.915Z,31.638,-104.387,6.1316,2.6,ml,20,77,0,0.2,tx,tx2023xpfy,2024-02-06T21:53:51.040Z,"59 km S of Whites City, New Mexico",earthquake,0.887695076,0.916171462,0.1,16,reviewed,tx,tx
2023-11-30T21:23:45.913Z,44.7894,-114.4174,10,2.6,ml,19,49,0.439,0.37,us,us7000ley6,2024-02-06T21:53:55.040Z,"34 km NNW of Challis, Idaho",earthquake,1.71,1.992,0.054,45,reviewed,us,us
2023-11-30T18:06:17.029Z,31.629,-104.365,6.1316,2.6,ml,28,77,0.1,0.3,tx,tx2023xluj,2024-02-06T21:53:55.040Z,"60 km S of Whites City, New Mexico",earthquake,0.808587095,0.758632787,0.3,21,reviewed,tx,tx
2023-11-26T08:17:11.920Z,31.622,-104.187,4.2035,2.6,ml(texnet),31,60,0.1,0.1,tx,tx2023xdsx,2024-02-06T21:53:52.040Z,"50 km NW of Toyah, Texas",earthquake,0.522922943,1.303290172,0.1,18,reviewed,tx,tx
2023-11-26T05:15:02.310Z,44.2941,-115.0901,10,2.6,ml,28,65,0.257,0.74,us,us6000lqte,2024-02-06T21:53:52.040Z,"14 km NW of Stanley, Idaho",earthquake,1.21,2.011,0.049,54,reviewed,us,us
2023-11-26T01:49:13.099Z,32.469,-102.023,14.6484,2.6,ml(texnet),23,59,0.1,0.1,tx,tx2023xdgd,2024-02-06T21:53:52.040Z,western Texas,earthquake,0.705047019,1.271176131,0.1,18,reviewed,tx,tx
2023-11-21T23:55:06.458Z,31.626,-104.513,6.3629,2.6,ml(texnet),27,75,0,0.3,tx,tx2023wvuk,2024-02-01T15:13:42.040Z,"62 km SSW of Whites City, New Mexico",earthquake,2.041834518,0.833604479,0.2,17,reviewed,tx,tx
2023-11-21T07:46:07.730Z,33.1496667,-119.0488333,5.78,2.6,ml,11,262,0.4542,0.25,ci,ci39715962,2024-02-01T15:13:41.040Z,"36 km S of Santa Barbara Is., CA",earthquake,1.1,31.61,0.136,119,reviewed,ci,ci
2023-11-18T03:55:39.369Z,32.108,-102.216,6.8229,2.6,ml(texnet),16,64,0,0.2,tx,tx2023woug,2024-01-26T16:37:51.040Z,"17 km NW of Midland, Texas",earthquake,0.741702846,1.353352715,0.3,18,reviewed,tx,tx
2023-11-16T02:54:49.835Z,44.638,-112.5092,10.316,2.6,ml,21,97,0.093,0.69,us,us6000lnte,2024-01-26T16:37:31.040Z,"6 km E of Lima, Montana",earthquake,1.87,2.527,0.064,33,reviewed,us,us
2023-11-15T18:53:34.460Z,31.65,-104.025,7.2113,2.6,ml(texnet),31,36,0,0.2,tx,tx2023wklk,2024-01-26T16:37:43.040Z,"40 km W of Mentone, Texas",earthquake,0.809465774,0.720768237,0.2,10,reviewed,tx,tx
2023-11-14T07:42:02.727Z,32.433,-102.109,8.0945,2.6,ml(texnet),43,87,0.1,0.2,tx,tx2023whts,2024-01-26T16:37:41.040Z,"36 km SSW of Los Ybanez, Texas",earthquake,0.685466128,0.898263081,0.2,22,reviewed,tx,tx
2023-11-13T15:42:03.080Z,31.633,-104.009,6.9414,2.6,ml(texnet),44,38,0,0.2,tx,tx2023wgob,2024-01-26T16:37:59.040Z,"39 km WSW of Mentone, Texas",earthquake,0.479967119,0.517906934,0.2,24,reviewed,tx,tx
2023-11-13T03:45:57.657Z,41.3646,-67.4129,10,2.6,mb_lg,19,247,2.63,0.56,us,us6000lnc1,2024-01-26T16:37:41.040Z,"213 km E of Siasconset, Massachusetts",earthquake,11.42,2.022,0.193,7,reviewed,us,us
2023-11-12T16:20:20.059Z,31.638,-104.012,6.093,2.6,ml(texnet),30,27,0,0.1,tx,tx2023wetw,2024-01-26T16:37:57.040Z,"39 km W of Mentone, Texas",earthquake,0.498844397,0.52384977,0.1,14,reviewed,tx,tx
2023-11-12T07:18:34.146Z,31.623,-103.974,6.2087,2.6,ml(texnet),13,56,0,0.1,tx,tx2023weby,2024-01-26T16:37:56.040Z,"36 km WSW of Mentone, Texas",earthquake,0.583014823,0.676082192,0.1,15,reviewed,tx,tx
2023-11-11T12:46:47.217Z,32.31,-101.83,5.8447,2.6,ml(texnet),22,44,0,0.1,tx,tx2023wcrj,2024-01-13T23:11:35.040Z,"20 km N of Stanton, Texas",earthquake,0.45753492,0.767591965,0.1,6,reviewed,tx,tx
2023-11-10T15:33:31.292Z,38.1989,-117.8494,13,2.6,ml,11,67.61,0.107,0.1105,nn,nn00868736,2024-01-13T23:11:11.040Z,Nevada,earthquake,,1.2,0.28,5,reviewed,nn,nn
2023-11-10T09:35:04.569Z,31.668,-104.304,7.1085,2.6,ml(texnet),32,67,0,0.1,tx,tx2023wapl,2024-01-13T23:11:01.040Z,"56 km S of Whites City, New Mexico",earthquake,0.770639615,0.81693999,0.2,18,reviewed,tx,tx
2023-11-09T08:30:47.476Z,31.638,-104.01,5.1418,2.6,ml(texnet),15,42,0,0.1,tx,tx2023vyrv,2024-01-13T23:10:50.040Z,"39 km W of Mentone, Texas",earthquake,0.273980471,0.448755159,0.2,9,reviewed,tx,tx
2023-11-09T07:59:39.628Z,31.65,-104.013,4.4863,2.6,ml(texnet),15,43,0,0.1,tx,tx2023vyqu,2024-01-13T23:10:53.040Z,"39 km W of Mentone, Texas",earthquake,0.576344815,0.889667685,0.1,11,reviewed,tx,tx
2023-11-08T13:16:21.114Z,38.1913,-117.8587,10.8,2.6,ml,15,77.57,0.1,0.143,nn,nn00868602,2024-01-13T23:10:38.040Z,"31 km SE of Mina, Nevada",earthquake,,1.1,0.14,9,reviewed,nn,nn
2023-11-08T10:35:15.082Z,31.611,-103.977,6.8514,2.6,ml(texnet),15,57,0,0.1,tx,tx2023vxan,2024-01-13T23:10:36.040Z,"37 km NNW of Toyah, Texas",earthquake,0.844324769,0.949964202,0.1,19,reviewed,tx,tx
2023-11-07T15:38:31.570Z,31.63,-104.351,6.2344,2.6,ml(texnet),23,62,0.1,0.2,tx,tx2023vvox,2024-01-13T23:10:25.040Z,"60 km S of Whites City, New Mexico",earthquake,0.726958066,0.730888502,0.1,11,reviewed,tx,tx
2023-11-07T05:44:30.326Z,31.655,-104.451,6.5429,2.6,ml(texnet),46,65,0,0.2,tx,tx2023vuvj,2024-01-13T23:10:21.040Z,"58 km S of Whites City, New Mexico",earthquake,0.840225167,0.616119602,0.1,30,reviewed,tx,tx
2023-11-04T17:33:02.638Z,28.507,-98.449,8.4369,2.6,ml,18,70,0.1,0.3,tx,tx2023vqge,2024-01-10T06:01:57.040Z,"11 km ENE of Tilden, Texas",earthquake,1.70458517,3.137027153,0.2,14,reviewed,tx,tx
2023-11-04T13:22:12.211Z,31.602,-104.253,7.0313,2.6,ml(texnet),38,61,0.1,0.2,tx,tx2023vpxx,2024-01-18T21:14:27.752Z,"54 km NW of Toyah, Texas",earthquake,0.777582107,0.92838706,0.1,19,reviewed,tx,tx
2023-11-04T10:28:38.953Z,44.6196,-112.4832,11.588,2.6,ml,47,44,0.069,0.53,us,us7000l8uu,2024-01-10T06:01:55.040Z,"8 km ESE of Lima, Montana",earthquake,1.84,5.968,0.046,61,reviewed,us,us
2023-11-02T17:43:41.182Z,28.922,-98.257,8.4858,2.6,ml(texnet),16,77,0.1,0.4,tx,tx2023vmpo,2024-01-10T06:01:42.040Z,"22 km ESE of Pleasanton, Texas",earthquake,1.696028396,3.312732872,0.2,13,reviewed,tx,tx
2023-11-01T12:31:56.297Z,38.1468,-118.1934,7.8,2.6,ml,17,43.13,0.172,0.1552,nn,nn00868265,2024-01-10T06:01:33.040Z,"28 km SSW of Mina, Nevada",earthquake,,1.5,0.32,11,reviewed,nn,nn
2023-11-01T11:15:01.208Z,36.6591,-116.2671,8.2,2.6,ml,72,24.83,0.059,0.2687,nn,nn00868257,2024-01-10T06:01:32.040Z,"51 km ESE of Beatty, Nevada",earthquake,,0.7,0.36,37,reviewed,nn,nn
2023-11-01T01:24:39.530Z,37.9686667,-122.0476667,15.45,2.6,md,117,49,0.008636,0.17,nc,nc73954420,2024-01-10T06:01:30.040Z,"3 km NNE of Pleasant Hill, CA",earthquake,0.14,0.27,0.134,134,reviewed,nc,nc
2023-10-31T15:51:36.650Z,31.625,-103.993,9.8849,2.6,ml(texnet),22,54,0,0.1,tx,tx2023viuv,2024-01-10T06:01:25.040Z,"38 km WSW of Mentone, Texas",earthquake,0.762588708,0.814387018,0.3,30,reviewed,tx,tx
2023-10-31T14:22:38.464Z,44.2235,-115.0951,12.9,2.6,ml,19,70,0.214,0.8,us,us7000l7tz,2024-01-10T06:01:24.040Z,"12 km W of Stanley, Idaho",earthquake,1.81,5.802,0.053,46,reviewed,us,us
2023-10-23T04:27:38.116Z,32.837,-100.587,6.8718,2.6,ml(texnet),20,71,0,0.2,tx,tx2023utig,2024-01-04T04:21:55.040Z,"11 km W of Rotan, Texas",earthquake,1.066283924,2.573777448,0,6,reviewed,tx,tx
2023-10-19T16:51:49.130Z,37.072,-121.1306667,-0.1,2.6,md,65,43,0.0558,0.14,nc,nc73949020,2023-12-26T21:24:39.040Z,"24 km SSW of Gustine, CA",earthquake,0.17,0.24,0.163,105,reviewed,nc,nc
2023-10-18T09:31:36.359Z,31.672,-104.364,4.2035,2.6,ml(texnet),23,57,0.1,0.2,tx,tx2023ukov,2023-12-26T21:24:32.040Z,"55 km S of Whites City, New Mexico",earthquake,0.909256798,1.278211753,0.2,13,reviewed,tx,tx
2023-10-17T19:29:22.468Z,31.675,-104.408,6.7984,2.6,ml(texnet),31,87,0,0.1,tx,tx2023ujmz,2023-12-26T21:24:29.040Z,"55 km S of Whites City, New Mexico",earthquake,0.501632311,0.560328454,0.2,21,reviewed,tx,tx
2023-10-16T17:49:26.546Z,32.686,-100.691,5.7224,2.6,ml(texnet),18,82,0,0.2,tx,tx2023uhof,2023-12-26T21:24:25.040Z,western Texas,earthquake,0.776667393,1.16803424,0.2,17,reviewed,tx,tx
2023-10-11T03:13:33.498Z,38.1663,-117.8949,11.9,2.6,ml,11,86.86,0.078,0.1533,nn,nn00867125,2023-12-16T22:13:04.040Z,"31 km SE of Mina, Nevada",earthquake,,1,0.43,7,reviewed,nn,nn
2023-10-10T02:00:52.602Z,32.3584,-104.4798,10,2.6,ml,27,90,0.517,0.48,us,us6000leex,2023-12-16T22:13:06.040Z,"22 km NNW of Whites City, New Mexico",earthquake,3.17,2.011,0.081,60,reviewed,us,us
2023-09-29T14:03:31.990Z,38.8298333,-122.8188333,2.09,2.6,md,79,20,0.009388,0.06,nc,nc73943336,2023-12-09T22:00:41.040Z,"8 km NW of The Geysers, CA",earthquake,0.1,0.16,0.187,93,reviewed,nc,nc
2023-09-28T11:13:23.580Z,31.611,-104.541,5.7459,2.6,ml(texnet),20,75,0.1,0.2,tx,tx2023taec,2023-12-09T22:00:40.040Z,"64 km SSW of Whites City, New Mexico",earthquake,1.975792663,1.785301842,0.1,7,reviewed,tx,tx
2023-09-26T19:10:51.971Z,31.706,-104.165,6.4915,2.6,ml(texnet),19,52,0.1,0.1,tx,tx2023sxcu,2023-12-09T22:00:40.040Z,"53 km W of Mentone, Texas",earthquake,0.819198374,1.137363396,0.1,7,reviewed,tx,tx
2023-09-25T04:09:13.835Z,31.719,-103.998,6.3372,2.6,ml(texnet),21,45,0,0.1,tx,tx2023sudn,2023-12-09T22:00:45.040Z,"37 km W of Mentone, Texas",earthquake,0.754513238,0.875698387,0,7,reviewed,tx,tx
2023-09-23T15:49:59.191Z,32.68,-100.692,8.8771,2.6,ml(texnet),12,83,0,0.2,tx,tx2023srjq,2023-12-02T23:01:11.040Z,"8 km NE of Hermleigh, Texas",earthquake,0.953164854,1.322780591,0.1,9,reviewed,tx,tx
2023-09-23T14:09:21.319Z,31.641,-104.177,6.5686,2.6,ml(texnet),17,59,0.1,0.2,tx,tx2023srgi,2023-12-02T23:01:11.040Z,"51 km NW of Toyah, Texas",earthquake,0.868696387,1.261027452,0.1,33,reviewed,tx,tx
2023-09-19T18:18:08.442Z,40.1851,-98.3225,7.838,2.6,mb_lg,24,34,1.229,0.37,us,us7000kwqd,2024-01-18T20:55:17.887Z,"10 km E of Cowles, Nebraska",earthquake,1.79,7.27,0.076,45,reviewed,us,us
2023-09-19T04:50:24.410Z,34.0225,-116.9581667,6.84,2.6,ml,108,21,0.07325,0.16,ci,ci39668586,2023-12-02T23:01:08.040Z,"8 km E of Yucaipa, CA",earthquake,0.09,0.45,0.132,131,reviewed,ci,ci
2023-09-17T07:43:08.855Z,48.108,-115.1836,14.722,2.6,ml,52,67,0.358,0.3,us,us7000kwae,2023-12-02T23:01:06.040Z,"4 km NW of Happys Inn, Montana",earthquake,1.95,6.699,0.048,58,reviewed,us,us
2023-09-12T22:01:06.404Z,34.1545,-106.958,4.954,2.6,ml,39,59,0.017,0.7,us,us7000kvdp,2024-02-03T20:48:57.988Z,"4 km W of Lemitar, New Mexico",earthquake,4.61,5.665,0.105,12,reviewed,us,us
2023-09-12T07:01:48.195Z,40.1787,-117.7743,7.5,2.6,ml,4,250.73,0.445,0.0634,nn,nn00865740,2023-11-18T22:29:33.040Z,"59 km E of Lovelock, Nevada",earthquake,,11,0.17,3,reviewed,nn,nn
2023-09-09T23:49:39.341Z,31.73471451,-104.0999797,7.416967773,2.6,ml,18,33,0.036248799,0.1,tx,tx2023rskl,2023-11-17T19:47:52.040Z,"47 km W of Mentone, Texas",earthquake,0.605217916,0.694685606,0.1,18,reviewed,tx,tx
2023-09-06T10:47:36.533Z,37.5145,-104.7414,9.402,2.6,ml,17,68,0.393,0.33,us,us7000ktm9,2023-11-17T19:47:50.040Z,"12 km SSE of Walsenburg, Colorado",earthquake,1.6,8.494,0.077,22,reviewed,us,us
2023-09-05T16:01:20.919Z,31.74703215,-104.1719732,6.671435547,2.6,ml,25,52,0.070920625,0.1,tx,tx2023rkmz,2023-11-17T19:47:49.040Z,"51 km SSE of Whites City, New Mexico",earthquake,0.537022601,1.037233638,0.2,15,reviewed,tx,tx
2023-09-04T19:59:59.891Z,31.65367085,-104.4579551,6.799975586,2.6,ml,67,85,0.022249992,0.3,tx,tx2023rizj,2023-11-17T19:47:49.040Z,"58 km S of Whites City, New Mexico",earthquake,0.927980249,0.704977898,0.1,41,reviewed,tx,tx
2023-09-04T11:41:28.789Z,37.0428,-104.9496,7.74,2.6,ml,14,63,0.155,0.31,us,us7000kt5s,2023-11-17T19:47:49.040Z,"13 km SW of Weston, Colorado",earthquake,3,3.3,0.071,52,reviewed,us,us
2023-09-04T02:39:09.967Z,43.0971,-107.7182,11.916,2.6,ml,21,107,0.985,0.57,us,us7000kt3s,2023-11-17T19:47:49.040Z,"35 km ESE of Shoshoni, Wyoming",earthquake,4.9,8.55,0.055,44,reviewed,us,us
2023-09-02T13:28:04.194Z,31.67356557,-104.2051353,6.388647461,2.6,ml,26,58,0.05098732,0.2,tx,tx2023revi,2023-11-04T21:36:18.040Z,"55 km NW of Toyah, Texas",earthquake,0.571770592,0.734250716,0.1,16,reviewed,tx,tx
2023-09-01T09:27:48.139Z,38.6879,-97.5303,8.254,2.6,ml,23,118,0.726,0.37,us,us7000kskr,2023-11-04T21:36:09.040Z,"6 km E of Assaria, Kansas",earthquake,1.69,6.909,0.055,43,reviewed,us,us
2023-08-31T06:11:40.072Z,31.60349918,-103.9763076,8.522412109,2.6,ml,12,77,0.009623513,0.1,tx,tx2023rapz,2023-11-04T21:36:01.040Z,"36 km NNW of Toyah, Texas",earthquake,1.165591592,1.113912655,0.1,24,reviewed,tx,tx
2023-08-29T20:33:44.517Z,39.7506,-98.0743,11.315,2.6,mb_lg,28,46,1.307,0.58,us,us6000l3uw,2023-11-04T21:35:22.040Z,"7 km WSW of Formoso, Kansas",earthquake,2.1,8.583,0.074,47,reviewed,us,us
2023-08-26T14:41:30.772Z,31.62900749,-104.5007633,7.314135742,2.6,ml,26,139,0.039660286,0.2,tx,tx2023qsdh,2023-10-28T19:15:38.040Z,"61 km S of Whites City, New Mexico",earthquake,0.800820429,0.560246305,0.1,15,reviewed,tx,tx
2023-08-26T12:32:25.441Z,32.12310791,-101.0538538,6.773966471,2.6,ml,44,69,0.217702555,0.1,tx,tx2023qrzb,2023-10-28T19:15:38.040Z,western Texas,earthquake,0.625179064,2.399807701,0.1,29,reviewed,tx,tx
2023-08-20T04:15:32.740Z,34.413,-119.192,4.87,2.6,ml,73,63,0.05098,0.3,ci,ci39645098,2023-10-28T19:15:32.040Z,"6 km SE of Ojai, CA",earthquake,0.24,0.56,0.118,83,reviewed,ci,ci
2023-08-19T04:56:20.805Z,37.7577,-99.1805,5,2.6,mb_lg,21,83,0.76,1.13,us,us7000kpez,2023-10-27T21:39:04.040Z,Kansas,earthquake,2.06,1.981,0.068,57,reviewed,us,us
2023-08-18T13:32:03.823Z,38.541,-118.4342,10.5,2.6,ml,17,45.94,0.295,0.1652,nn,nn00864616,2023-10-27T21:39:03.040Z,"16 km E of Hawthorne, Nevada",earthquake,,1.4,0.19,9,reviewed,nn,nn
2023-08-17T05:18:37.127Z,28.8528,-99.0774,5,2.6,mb_lg,18,82,0.486,0.55,us,us7000knxx,2023-10-27T21:39:02.040Z,"4 km SSE of Pearsall, Texas",earthquake,1.84,2.002,0.098,31,reviewed,us,us
2023-08-15T08:05:30.042Z,31.99098862,-103.8767692,7.57121582,2.6,ml,21,46,0.049125214,0.1,tx,tx2023pxnt,2023-10-27T21:39:02.040Z,"31 km SE of Malaga, New Mexico",earthquake,0.697213541,1.294746858,0.1,43,reviewed,tx,tx
2023-08-14T22:40:43.639Z,35.2178,-112.2922,5,2.6,ml,26,44,0.385,0.41,us,us6000kzz7,2023-10-27T21:39:01.040Z,"9 km WSW of Williams, Arizona",earthquake,1.39,1.649,0.049,54,reviewed,us,us
2023-08-14T21:09:30.090Z,31.68434774,-104.4071038,6.080151367,2.6,ml,39,68,0.035307179,0.2,tx,tx2023pwsb,2023-10-27T21:39:01.040Z,"54 km S of Whites City, New Mexico",earthquake,0.829380686,0.670588174,0,7,reviewed,tx,tx
2023-08-14T19:22:19.264Z,45.1738,-106.8828,0,2.6,ml,18,150,2.054,0.91,us,us6000kzxu,2023-10-27T21:39:01.040Z,"33 km WSW of Birney, Montana",mining explosion,4.24,1.766,0.064,32,reviewed,us,us
2023-08-13T02:08:14.093Z,38.1782,-117.8375,11.4,2.6,ml,10,47.96,0.118,0.1333,nn,nn00864386,2023-10-27T21:39:00.040Z,"33 km SE of Mina, Nevada",earthquake,,1.1,0.2,7,reviewed,nn,nn
2023-08-11T03:33:28.128Z,47.5714,-70.1402,19.821,2.6,mb_lg,14,156,0.128,0.47,us,us6000kz6s,2023-10-17T22:01:30.040Z,"St. Lawrence Valley region, Quebec, Canada",earthquake,3.49,3.95,0.142,13,reviewed,us,us
2023-08-11T00:47:05.429Z,35.574646,-102.5604718,11.66491699,2.6,ml,8,91,0.532760977,0.2,tx,tx2023pprg,2023-10-17T22:01:29.040Z,"24 km WSW of Channing, Texas",earthquake,4.020282783,3.420164394,0.1,4,reviewed,tx,tx
2023-08-10T05:57:30.945Z,32.3356,-104.6141,5,2.6,ml,19,248,0.627,0.53,us,us6000kz0l,2023-10-17T22:01:29.040Z,"28 km NW of Whites City, New Mexico",earthquake,2.2,1.974,0.062,48,reviewed,us,us
2023-08-09T09:09:03.150Z,31.67605077,-104.4107968,6.080151367,2.6,ml,38,66,0.013559955,0.3,tx,tx2023pmqu,2023-10-17T22:01:28.040Z,"55 km S of Whites City, New Mexico",earthquake,1.185198745,0.946324831,0.1,21,reviewed,tx,tx
2023-08-06T04:26:48.966Z,36.9245,-104.8729,5,2.6,mb_lg,10,115,0.122,0.85,us,us6000ky7v,2023-10-17T22:01:25.040Z,"23 km S of Weston, Colorado",earthquake,2.64,1.939,0.061,71,reviewed,us,us
2023-08-01T08:40:08.898Z,31.56591324,-104.0145852,6.851391602,2.6,ml,26,57,0.045825221,0.2,tx,tx2023oxzw,2023-10-07T21:38:55.040Z,"34 km NW of Toyah, Texas",earthquake,1.009726198,1.003449655,0.1,6,reviewed,tx,tx
2023-08-01T02:32:15.610Z,37.2555,-121.6341667,5.52,2.6,md,90,42,0.03127,0.09,nc,nc73918891,2023-10-07T21:38:55.040Z,"14 km N of Morgan Hill, CA",earthquake,0.09,0.21,0.109,112,reviewed,nc,nc
2023-07-31T21:07:29.071Z,31.6763739,-104.4312567,6.234399414,2.6,ml,17,54,0.006026508,0.1,tx,tx2023oxcz,2023-10-07T21:38:55.040Z,"55 km S of Whites City, New Mexico",earthquake,0.897255089,0.556445544,0.1,28,reviewed,tx,tx
2023-07-31T02:24:56.644Z,39.9998,-117.8643,2,2.6,ml,6,131.01,0.259,0.2507,nn,nn00863761,2024-01-18T20:36:03.873Z,"55 km ESE of Lovelock, Nevada",earthquake,,1.9,0.14,3,reviewed,nn,nn
2023-07-26T17:26:10.020Z,36.3016,-114.3615,0.9,2.6,ml,8,263.09,0.672,0.1232,nn,nn00863322,2023-09-30T21:36:31.040Z,"32 km SSE of Moapa Valley, Nevada",earthquake,,12.4,0.68,6,reviewed,nn,nn
2023-07-23T22:10:41.229Z,38.1554,-117.9165,11,2.6,ml,10,67.37,0.069,0.1698,nn,nn00863161,2024-01-18T20:32:52.364Z,"31 km SSE of Mina, Nevada",earthquake,,1.5,0.51,6,reviewed,nn,nn
2023-07-22T20:10:54.124Z,45.0864,-112.7649,10.244,2.6,ml,44,37,0.265,0.54,us,us7000khny,2023-09-28T21:34:13.040Z,"17 km SW of Dillon, Montana",earthquake,0.96,6.942,0.052,48,reviewed,us,us
2023-07-22T04:14:44.508Z,31.67731546,-104.4106737,6.118713379,2.6,ml,29,69,0.013319268,0.2,tx,tx2023ofkb,2023-09-28T21:34:07.040Z,western Texas,earthquake,0.650370908,0.421034333,0.1,20,reviewed,tx,tx
2023-07-21T21:29:26.742Z,31.96929932,-102.3121904,7.947794596,2.6,ml,23,69,0.034909276,0.1,tx,tx2023oewq,2023-09-28T21:34:05.040Z,"8 km SE of Gardendale, Texas",earthquake,0.480204982,0.500386876,0.2,19,reviewed,tx,tx
2023-07-21T21:07:57.061Z,39.349,-119.9993,7.3,2.6,ml,33,38.41,0.063,0.117,nn,nn00863066,2023-09-28T21:34:05.040Z,"5 km SSE of Floriston, California",earthquake,,0.8,0.41,9,reviewed,nn,nn
2023-07-19T06:44:06.349Z,28.97186279,-98.28136489,2.421020508,2.6,ml,12,76,0.146056679,0.2,tx,tx2023oacl,2023-09-28T21:33:47.040Z,"19 km E of Pleasanton, Texas",earthquake,1.354983441,3.582712849,0,7,reviewed,tx,tx
2023-07-17T23:15:02.962Z,31.65901808,-104.2626257,6.440063477,2.6,ml,16,66,0.012751514,0.1,tx,tx2023nxsd,2023-09-28T21:33:44.040Z,"58 km S of Whites City, New Mexico",earthquake,1.286793744,0.93844031,0.1,6,reviewed,tx,tx
2023-07-15T14:07:35.740Z,43.7452,-105.2965,0,2.6,ml,10,102,0.985,0.61,us,us7000kfzb,2023-09-16T19:16:26.040Z,"15 km E of Wright, Wyoming",mining explosion,3.78,1.849,0.085,18,reviewed,us,us
2023-07-12T11:37:12.819Z,32.43530273,-102.0774581,9.29280599,2.6,ml,17,58,0.085491722,0.2,tx,tx2023nnrp,2023-09-16T19:16:11.040Z,"34 km SSW of Los Ybanez, Texas",earthquake,1.844168523,2.16581922,0.1,7,reviewed,tx,tx
2023-07-12T10:15:17.711Z,44.6291,-112.5916,10.396,2.6,ml,57,69,0.039,0.54,us,us7000kf23,2023-09-16T19:16:11.040Z,"0 km S of Lima, Montana",earthquake,1.1,7.06,0.046,63,reviewed,us,us
2023-07-06T02:45:14.665Z,31.60246617,-104.5163644,5.334619141,2.6,ml,18,149,0.0675692,0.1,tx,tx2023ncba,2023-09-09T21:54:50.040Z,"64 km SSW of Whites City, New Mexico",earthquake,2.084015826,2.13523213,0,6,reviewed,tx,tx
2023-07-04T03:54:16.030Z,46.1633,-75.5683,13.668,2.6,mb_lg,17,92,0.709,0.32,us,us6000kpze,2023-09-09T21:54:44.040Z,"35 km ESE of Saint-Raphaël, Canada",earthquake,3.62,12.395,0.084,38,reviewed,us,us
2023-06-29T17:42:25.197Z,37.2763,-104.492,5,2.6,ml,14,64,0.152,0.58,us,us6000knxb,2023-09-08T14:18:28.040Z,"6 km NNW of El Moro, Colorado",earthquake,2.47,1.864,0.066,52,reviewed,us,us
2023-06-26T23:37:52.887Z,39.6438,-119.653,9.3,2.6,ml,27,72.83,0.129,0.1522,nn,nn00861783,2023-10-16T00:14:40.733Z,"4 km E of Spanish Springs, Nevada",earthquake,,1.2,0.27,9,reviewed,nn,nn
2023-06-25T12:50:29.257Z,31.63145153,-104.4136184,7.828295898,2.6,ml,44,86,0.029344027,0.2,tx,tx2023misl,2023-09-08T14:18:40.040Z,"60 km S of Whites City, New Mexico",earthquake,1.004696464,1.060919333,0.1,28,reviewed,tx,tx
2023-06-20T00:22:44.773Z,31.69871365,-104.1353093,6.697143555,2.6,ml,17,80,0.059659917,0.1,tx,tx2023lyqh,2023-08-26T20:54:24.040Z,"50 km W of Mentone, Texas",earthquake,0.653035885,0.767550477,0.2,13,reviewed,tx,tx
2023-06-19T06:36:14.206Z,31.61110897,-103.9680033,8.445288086,2.6,ml,15,55,0.043326968,0.1,tx,tx2023lxhc,2023-08-26T20:54:23.040Z,"36 km WSW of Mentone, Texas",earthquake,0.641554087,1.172739978,0.2,11,reviewed,tx,tx
2023-06-19T02:23:39.432Z,31.65514942,-104.2970423,6.182983398,2.6,ml,20,68,0.031977095,0.2,tx,tx2023lwyt,2023-08-26T20:54:23.040Z,"58 km S of Whites City, New Mexico",earthquake,0.853707605,1.233858249,0.1,15,reviewed,tx,tx
2023-06-18T13:12:12.310Z,43.0344,-110.8299,5,2.6,ml,24,89,0.334,0.43,us,us7000k9cv,2023-08-26T20:54:22.040Z,"12 km NE of Star Valley Ranch, Wyoming",earthquake,2.41,1.934,0.057,40,reviewed,us,us
2023-06-16T16:51:30.832Z,43.0428,-110.8238,9.43,2.6,ml,49,85,0.344,0.65,us,us7000k90s,2023-08-21T04:19:11.040Z,"13 km NE of Star Valley Ranch, Wyoming",earthquake,1.1,7.227,0.045,66,reviewed,us,us
2023-06-10T01:12:05.284Z,31.72295133,-104.4074551,6.131567383,2.6,ml,34,54,0.017680305,0.2,tx,tx2023lgkw,2023-08-12T17:15:14.040Z,"50 km S of Whites City, New Mexico",earthquake,0.933110054,0.798581081,0.1,19,reviewed,tx,tx
2023-06-08T01:03:27.878Z,32.4148,-102.1104,1.9,2.6,mb_lg,22,75,0.288,0.27,us,us7000k71f,2023-08-12T17:15:08.040Z,"38 km SSW of Los Ybanez, Texas",earthquake,1.27,5.566,0.076,67,reviewed,us,us
2023-06-07T21:42:18.277Z,39.6143,-119.9636,5.7,2.6,ml,24,67.87,0.007,0.1067,nn,nn00860991,2023-08-12T17:15:08.040Z,"7 km S of Cold Springs, Nevada",earthquake,,0.9,0.19,5,reviewed,nn,nn
2023-06-03T10:49:40.586Z,31.73698065,-104.1075344,7.468383789,2.6,ml,17,38,0.041143205,0.1,tx,tx2023kujk,2023-08-05T22:07:52.040Z,"48 km W of Mentone, Texas",earthquake,0.565986253,0.795516797,0.1,18,reviewed,tx,tx
2023-05-30T13:23:31.423Z,31.59200407,-104.2465237,6.131567383,2.6,ml,24,71,0.103945242,0.2,tx,tx2023kngm,2023-08-05T22:07:40.040Z,"52 km NW of Toyah, Texas",earthquake,0.80681529,1.75956367,0.1,12,reviewed,tx,tx
2023-05-30T11:49:29.997Z,31.59875412,-104.2301677,2.660986328,2.6,ml,14,70,0.091410494,0.1,tx,tx2023kndj,2023-08-05T22:07:40.040Z,"52 km NW of Toyah, Texas",earthquake,1.54760136,1.942634179,0.1,8,reviewed,tx,tx
2023-05-30T02:00:04.324Z,31.61358556,-103.9838841,7.185595703,2.6,ml,14,56,0.013154822,0.1,tx,tx2023kmjx,2023-08-05T22:07:42.040Z,"37 km NNW of Toyah, Texas",earthquake,0.494141853,0.655357252,0.2,12,reviewed,tx,tx
2023-05-28T20:48:33.951Z,44.7585,-114.4031,10,2.6,ml,26,37,0.457,0.98,us,us7000k4p1,2023-08-05T22:07:37.040Z,southern Idaho,earthquake,2.27,1.988,0.048,58,reviewed,us,us
2023-05-27T00:14:26.950Z,40.242,-121.1451667,6.49,2.6,md,41,32,0.005696,0.17,nc,nc73890400,2023-07-29T22:00:43.040Z,"4km NE of Almanor, CA",earthquake,0.3,0.36,0.151,61,reviewed,nc,nc
2023-05-23T19:20:00.768Z,28.64593506,-98.26275276,2.665568034,2.6,ml,17,64,0.019548952,0.3,tx,tx2023kaxs,2023-07-29T22:00:32.040Z,"22 km NNW of Three Rivers, Texas",earthquake,2.342807337,2.941785538,0.2,9,reviewed,tx,tx
2023-05-23T12:23:27.109Z,37.274,-117.6054,4.534,2.6,ml,70,53,0.052,0.4,us,us7000k38r,2024-01-18T19:59:37.014Z,"53 km S of Silver Peak, Nevada",earthquake,1.08,3.182,0.033,122,reviewed,us,us
2023-05-23T09:11:05.477Z,36.997,-104.9309,6.509,2.6,ml,15,63,0.172,0.56,us,us7000k37h,2023-07-29T22:00:30.040Z,"16 km SSW of Weston, Colorado",earthquake,2.51,5.352,0.059,46,reviewed,us,us
2023-05-22T23:01:06.855Z,31.61247234,-103.9728509,8.445288086,2.6,ml,15,64,0.003854647,0.2,tx,tx2023jzjp,2023-07-29T22:00:50.040Z,"36 km WSW of Mentone, Texas",earthquake,0.788200446,0.929808807,0.1,10,reviewed,tx,tx
2023-05-20T00:17:36.624Z,41.5529,-83.4834,6.097,2.6,mb_lg,26,62,0.238,0.26,us,us6000kdbu,2023-07-24T01:15:41.040Z,"3 km SSE of Walbridge, Ohio",earthquake,1.48,4.386,0.088,34,reviewed,us,us
2023-05-19T00:49:51.217Z,31.68163958,-104.399542,6.74855957,2.6,ml,35,68,0.022508165,0.2,tx,tx2023jsfb,2023-07-24T01:16:08.040Z,"54 km S of Whites City, New Mexico",earthquake,0.714754053,0.991059637,0,7,reviewed,tx,tx
2023-05-18T19:00:00.528Z,31.67855883,-104.4137806,6.465771484,2.6,ml,27,71,0.01047713,0.2,tx,tx2023jrto,2023-07-24T01:16:11.040Z,"55 km S of Whites City, New Mexico",earthquake,0.817005818,0.662603998,0.1,17,reviewed,tx,tx
2023-05-18T08:34:54.840Z,31.1701984,-103.2609303,2.121118164,2.6,ml,15,62,0.018328373,0.2,tx,tx2023jqyx,2023-07-24T01:16:17.040Z,"20 km WSW of Coyanosa, Texas",earthquake,1.033158734,0.681572499,0.2,19,reviewed,tx,tx
2023-05-15T17:38:58.740Z,40.2321667,-121.1428333,6.76,2.6,md,36,44,0.01564,0.18,nc,nc73888511,2023-07-24T01:16:46.040Z,"3km NNE of Prattville, CA",earthquake,0.29,0.43,0.152,52,reviewed,nc,nc
2023-05-14T17:01:28.753Z,36.4553,-113.5342,5,2.6,ml,26,65,0.29,0.56,us,us6000kbw3,2023-07-24T01:16:56.040Z,"56 km SE of Scenic, Arizona",earthquake,1.62,1.895,0.034,114,reviewed,us,us
2023-05-10T21:09:35.673Z,38.4043,-96.8577,7.868,2.6,mb_lg,35,60,0.722,0.48,us,us6000kazc,2023-07-22T19:16:40.040Z,"13 km SE of Lincolnville, Kansas",earthquake,3.46,7.117,0.068,56,reviewed,us,us
2023-05-09T16:56:54.108Z,31.61250891,-103.9966558,8.92088623,2.6,ml,34,46,0.019427145,0.2,tx,tx2023jbdz,2023-07-22T19:16:06.040Z,"38 km NNW of Toyah, Texas",earthquake,0.51339219,0.494184149,0.2,17,reviewed,tx,tx
2023-05-08T03:53:41.415Z,31.64947838,-104.4659875,6.182983398,2.6,ml,27,66,0.029727519,0.1,tx,tx2023iyip,2023-07-22T19:16:21.040Z,"58 km S of Whites City, New Mexico",earthquake,1.254066313,0.719011019,0.1,19,reviewed,tx,tx
2023-05-05T02:13:15.635Z,29.11102295,-97.73747702,2.616658529,2.6,ml,20,61,0.080964222,0.2,tx,tx2023issu,2023-07-15T22:09:44.040Z,"17 km S of Nixon, Texas",earthquake,0.740007248,1.697118733,0.1,12,reviewed,tx,tx
2023-05-04T13:50:14.581Z,29.10736084,-97.73127298,12.05619303,2.6,ml,19,46,0.082601786,0.2,tx,tx2023irug,2023-07-15T22:09:39.040Z,"18 km S of Nixon, Texas",earthquake,1.34850934,1.174391374,0.1,14,reviewed,tx,tx
2023-05-04T07:56:11.871Z,32.22925225,-103.0823148,5.231787109,2.6,ml,20,72,0.127456703,0.2,tx,tx2023irip,2023-07-15T22:09:37.040Z,New Mexico,earthquake,1.20559606,2.583830499,0.2,20,reviewed,tx,tx
2023-05-02T23:53:47.370Z,35.8708333,-117.7186667,8.8,2.6,ml,43,41,0.0726,0.15,ci,ci40217607,2023-07-15T22:10:57.040Z,"18km ESE of Little Lake, CA",earthquake,0.13,0.38,0.204,32,reviewed,ci,ci
2023-05-02T17:25:07.215Z,44.3305,-115.2529,20.159,2.6,ml,18,63,0.823,0.65,us,us7000jxj7,2023-07-15T22:10:55.040Z,"28 km WNW of Stanley, Idaho",earthquake,2.71,5.149,0.105,12,reviewed,us,us
2023-04-28T23:14:34.150Z,32.7045,-115.5388333,8.64,2.6,ml,43,47,0.06687,0.25,ci,ci40213575,2023-07-11T01:44:51.040Z,"3km SSW of Heber, CA",earthquake,0.26,0.69,0.24,26,reviewed,ci,ci
2023-04-27T22:28:32.415Z,31.65432745,-104.2798131,7.93112793,2.6,ml,35,123,0.021471532,0.3,tx,tx2023ifqv,2023-07-11T01:44:31.040Z,"58 km S of Whites City, New Mexico",earthquake,0.742391936,0.867649115,0.2,18,reviewed,tx,tx
2023-04-27T21:55:45.756Z,32.86560059,-100.93488,5.428955078,2.6,ml,21,64,0.020049052,0.2,tx,tx2023ifpt,2023-07-11T01:44:31.040Z,"16 km N of Snyder, Texas",earthquake,0.694442099,0.929843937,0.1,10,reviewed,tx,tx
2023-04-27T02:40:40.693Z,31.67923928,-104.4151327,6.645727539,2.6,ml,46,56,0.009239617,0.2,tx,tx2023iedr,2023-07-11T01:44:38.040Z,"55 km S of Whites City, New Mexico",earthquake,0.688764701,0.578000931,0.1,25,reviewed,tx,tx
2023-04-25T08:30:52.708Z,31.6100989,-103.9603331,8.483850098,2.6,ml,33,53,0.007281849,0.2,tx,tx2023iayh,2023-07-11T01:44:37.040Z,western Texas,earthquake,0.505798311,0.498958174,0.2,25,reviewed,tx,tx
2023-04-24T08:07:33.386Z,32.3893,-104.4672,10,2.6,ml,24,127,0.499,0.26,us,us6000k6qj,2023-07-11T01:44:41.040Z,"22 km W of Carlsbad, New Mexico",earthquake,2.3,2.01,0.091,22,reviewed,us,us
2023-04-20T02:03:03.220Z,36.3148,-106.7948,5,2.6,ml,26,96,1.393,0.68,us,us6000k5n5,2023-07-03T02:47:03.040Z,"9 km N of Capulin, New Mexico",earthquake,3.56,1.586,0.052,48,reviewed,us,us
2023-04-19T06:37:00.360Z,35.79016667,-96.96533333,7.95,2.6,ml,78,32,0,0.13,ok,ok2023hpvk,2023-07-03T02:47:10.040Z,"4 km ESE of Carney, Oklahoma",earthquake,,0.6,0.24,48,reviewed,ok,ok
2023-04-14T05:30:33.480Z,43.86,-76.0249,6.377,2.6,mb_lg,30,40,0.45,0.41,us,us6000k48t,2023-06-17T21:36:52.040Z,"1 km W of Adams Center, New York",earthquake,2.59,7.667,0.068,57,reviewed,us,us
2024-04-12T19:24:48.360Z,33.7903333,-118.1463333,13.95,2.61,ml,74,70,0.04368,0.24,ci,ci40711856,2024-04-17T16:09:35.168Z,"2 km SE of Long Beach, CA",earthquake,0.23,0.36,0.232,26,reviewed,ci,ci
2024-02-24T03:02:42.470Z,44.67233333,-110.461,5.49,2.61,ml,22,110,0.05412,0.18,uu,uu80047036,2024-04-02T21:55:09.040Z,"38 km SSE of Mammoth, Wyoming",earthquake,0.53,1.07,0.402885782,4,reviewed,uu,uu
2024-02-16T09:49:03.900Z,36.794,-121.5235,6.45,2.61,md,87,33,0.0293,0.17,nc,nc74003491,2024-02-22T18:05:49.395Z,"6 km SSE of San Juan Bautista, CA",earthquake,0.15,0.26,0.131,121,reviewed,nc,nc
2024-02-09T22:58:29.120Z,34.0528333,-118.8988333,13.32,2.61,ml,67,138,0.06173,0.25,ci,ci40664808,2024-03-15T22:26:40.040Z,"10 km WNW of Malibu, CA",earthquake,0.3,0.41,0.168,145,reviewed,ci,ci
2024-01-21T15:13:55.870Z,35.6381667,-117.4216667,5.14,2.61,ml,37,66,0.02694,0.12,ci,ci40463671,2024-03-29T17:37:55.040Z,"14 km S of Searles Valley, CA",earthquake,0.14,0.23,0.159,60,reviewed,ci,ci
2024-01-13T10:43:55.380Z,35.66533333,-97.3915,6.62,2.61,ml,92,38,0,0.13,ok,ok2024awth,2024-03-16T18:59:18.040Z,"5 km W of Arcadia, Oklahoma",earthquake,,0.3,0.22,40,reviewed,ok,ok
2024-01-04T04:29:20.140Z,33.991,-116.982,17.17,2.61,ml,107,22,0.06944,0.16,ci,ci40454935,2024-03-09T21:39:12.040Z,"7 km E of Calimesa, CA",earthquake,0.11,0.27,0.21,24,reviewed,ci,ci
2023-11-29T03:55:41.000Z,32.7495,-115.868,4.98,2.61,ml,65,29,0.1115,0.26,ci,ci39719370,2024-02-06T21:53:51.040Z,"12 km E of Ocotillo, CA",earthquake,0.2,0.56,0.148,26,reviewed,ci,ci
2023-11-18T08:56:05.710Z,38.7908333,-122.7581667,1.95,2.61,md,91,44,0.009852,0.05,nc,nc73964111,2024-01-26T16:37:26.040Z,"2 km N of The Geysers, CA",earthquake,0.09,0.13,0.173,113,reviewed,nc,nc
2023-10-21T12:53:58.890Z,36.7466667,-121.3835,11.41,2.61,md,74,54,0.04914,0.14,nc,nc73949690,2023-12-26T21:25:14.040Z,"7 km SW of Tres Pinos, CA",earthquake,0.15,0.26,0.117,88,reviewed,nc,nc
2023-10-15T21:09:31.460Z,34.5628333,-119.1348333,4.11,2.61,ml,81,30,0.1256,0.28,ci,ci40582864,2023-12-26T21:24:20.040Z,"16 km NE of Ojai, CA",earthquake,0.18,0.79,0.151,92,reviewed,ci,ci
2023-08-16T13:04:19.260Z,37.053,-121.5043333,7.22,2.61,md,73,28,,0.08,nc,nc73924731,2023-12-04T04:42:58.495Z,"8 km NE of Gilroy, CA",earthquake,0.13,0.36,0.116,73,reviewed,nc,nc
2023-07-26T15:35:14.700Z,39.4948333,-122.9483333,6.77,2.61,md,41,56,0.1845,0.1,nc,nc73917006,2023-09-30T21:36:31.040Z,"10 km N of Lake Pillsbury, CA",earthquake,0.14,0.76,0.272,67,reviewed,nc,nc
2023-06-09T15:26:50.460Z,38.8345,-122.8153333,2.24,2.61,md,87,25,0.01183,0.07,nc,nc73899136,2023-08-12T17:15:13.040Z,"8km W of Cobb, CA",earthquake,0.08,0.13,0.162,102,reviewed,nc,nc
2023-05-20T08:20:51.820Z,33.3818333,-116.904,13.44,2.61,ml,114,18,0.04461,0.2,ci,ci40229159,2023-07-24T01:15:34.040Z,"5km NW of Palomar Observatory, CA",earthquake,0.12,0.32,0.193,63,reviewed,ci,ci
2023-05-11T23:38:30.250Z,40.2036667,-121.106,6.24,2.61,md,35,50,0.05333,0.16,nc,nc73886751,2023-07-22T19:16:06.040Z,"4km E of Prattville, CA",earthquake,0.25,0.53,0.203,46,reviewed,nc,nc
2024-03-11T23:07:48.740Z,38.828,-122.7951667,1.18,2.62,md,87,26,0.01106,0.08,nc,nc74015936,2024-03-20T03:58:53.040Z,"6 km W of Cobb, CA",earthquake,0.08,0.13,0.144,89,reviewed,nc,nc
2024-02-26T12:44:30.380Z,40.3608333,-124.8095,13.19,2.62,md,60,238,0.3642,0.25,nc,nc74008141,2024-03-28T13:47:57.040Z,"45 km W of Petrolia, CA",earthquake,1.24,1.18,0.183,47,reviewed,nc,nc
2024-02-03T22:25:18.300Z,34.296,-116.8933333,5.23,2.62,ml,96,24,0.04056,0.13,ci,ci40661472,2024-04-13T19:37:02.040Z,"6 km NW of Big Bear City, CA",earthquake,0.09,0.28,0.133,171,reviewed,ci,ci
2024-02-01T09:32:28.790Z,40.1686667,-121.0503333,4.41,2.62,md,21,73,0.1074,0.07,nc,nc73997246,2024-04-13T19:32:18.040Z,"2 km E of Canyondam, CA",earthquake,0.25,0.48,0.142,49,reviewed,nc,nc
2024-01-17T09:16:23.180Z,40.4068333,-123.5126667,26.36,2.62,md,40,60,0.08537,0.12,nc,nc73990541,2024-03-29T17:37:52.040Z,"32 km WSW of Hayfork, CA",earthquake,0.33,0.5,0.158,40,reviewed,nc,nc
2023-12-22T05:32:43.760Z,38.8465,-122.816,1.46,2.62,md,79,28,0.009966,0.06,nc,nc73979346,2024-02-27T22:57:04.040Z,"8 km WNW of Cobb, CA",earthquake,0.1,0.14,0.175,81,reviewed,nc,nc
2023-12-16T08:45:01.530Z,40.4411667,-124.729,24.11,2.62,md,61,225,0.3007,0.16,nc,nc73976956,2024-02-17T22:43:12.040Z,"40 km WNW of Petrolia, CA",earthquake,0.94,2.07,0.338,49,reviewed,nc,nc
2023-09-20T01:30:55.810Z,49.27066667,-119.5378333,-0.7,2.62,ml,8,184,0.07725,0.2,uw,uw61960946,2024-01-18T20:55:34.690Z,"9 km SSE of Okanagan Falls, Canada",explosion,0.93,31.61,0.102329308,5,reviewed,uw,uw
2023-08-21T12:52:15.090Z,34.4241667,-119.169,6.64,2.62,ml,69,25,0.02898,0.31,ci,ci39646434,2023-10-28T19:15:33.040Z,"7 km ESE of Ojai, CA",earthquake,0.25,0.7,0.153,79,reviewed,ci,ci
2023-08-16T01:23:47.730Z,33.7695,-116.1448333,4.44,2.62,ml,75,71,0.06942,0.15,ci,ci40537792,2023-10-27T21:39:02.040Z,"8 km NE of Indio, CA",earthquake,0.11,0.35,0.165,94,reviewed,ci,ci
2023-07-12T18:20:52.600Z,37.4623333,-117.8658333,6.93,2.62,md,24,128,0.3189,0.08,nc,nc73911981,2023-09-16T19:16:12.040Z,"14 km NE of Deep Springs, CA",earthquake,0.3,1.88,0.302,29,reviewed,nc,nc
2023-07-07T21:27:17.000Z,33.9026667,-119.4111667,0.06,2.62,ml,30,136,0.3193,0.24,ci,ci39607082,2023-09-09T21:54:57.040Z,"17km SE of Santa Cruz Is. (E end), CA",earthquake,0.45,1.1,0.187,34,reviewed,ci,ci
2023-06-23T14:48:01.950Z,31.8845,-116.5813333,19.81,2.62,ml,22,120,0.1879,0.15,ci,ci40492920,2023-08-26T20:54:10.040Z,"4km ENE of Ensenada, B.C., MX",earthquake,0.38,1.09,0.123,22,reviewed,ci,ci
2023-06-13T15:51:56.810Z,35.644,-118.3205,7.43,2.62,ml,47,39,0.05704,0.14,ci,ci40484736,2023-08-21T04:18:48.040Z,"14km ENE of Lake Isabella, CA",earthquake,0.13,0.45,0.235,26,reviewed,ci,ci
2023-05-30T01:49:18.090Z,36.2525,-89.44683333,6.64,2.62,md,47,51,0.03085,0.12,nm,nm60527016,2023-08-05T22:07:39.040Z,"3 km ESE of Ridgely, Tennessee",earthquake,0.16,0.42,0.112852308,45,reviewed,nm,nm
2023-05-26T11:38:13.410Z,34.3533333,-116.5366667,10.75,2.62,ml,77,44,0.06417,0.14,ci,ci40234031,2023-07-29T22:00:40.040Z,"28km NNW of Yucca Valley, CA",earthquake,0.12,0.43,0.102,27,reviewed,ci,ci
2023-05-19T12:19:31.680Z,40.1925,-121.126,4.92,2.62,md,17,83,0.0571,0.08,nc,nc73889901,2023-07-24T01:15:52.040Z,"3km ESE of Prattville, CA",earthquake,0.3,0.72,0.144,40,reviewed,nc,nc
2023-05-11T17:16:36.640Z,47.44833333,-123.2816667,44.04,2.62,ml,68,33,0.06406,0.27,uw,uw61923556,2023-07-22T19:16:50.040Z,"11 km WNW of Hoodsport, Washington",earthquake,0.42,0.64,0.205023204,50,reviewed,uw,uw
2024-03-16T11:19:58.030Z,40.3363333,-124.5288333,23.8,2.63,md,27,267,0.1502,0.08,nc,nc74018286,2024-04-19T12:45:55.040Z,"21 km W of Petrolia, CA",earthquake,0.57,0.38,0.192,39,reviewed,nc,nc
2024-03-09T08:05:42.290Z,36.7781667,-118.1921667,12.39,2.63,ml,26,68,0.02541,0.19,ci,ci40684256,2024-03-20T07:15:18.040Z,"3 km S of Independence, CA",earthquake,0.28,0.47,0.2,68,reviewed,ci,ci
2024-03-03T04:11:50.460Z,33.2641667,-116.4338333,4.88,2.63,ml,98,15,0.01454,0.18,ci,ci40680280,2024-03-05T22:30:52.040Z,"6 km W of Borrego Springs, CA",earthquake,0.11,0.31,0.161,134,reviewed,ci,ci
2023-12-10T21:54:14.690Z,35.7015,-121.0925,9.12,2.63,md,68,79,0.05336,0.09,nc,nc73974346,2024-02-17T22:43:05.040Z,"11 km NE of San Simeon, CA",earthquake,0.12,0.28,0.114,90,reviewed,nc,nc
2023-11-26T15:13:40.530Z,38.2768333,-119.3365,7.06,2.63,md,39,65,0.2627,0.13,nc,nc73967706,2024-04-05T15:19:01.986Z,"10 km WNW of Bridgeport, CA",earthquake,0.26,3.19,0.24,37,reviewed,nc,nc
2023-11-11T17:24:22.240Z,39.1155,-111.4621667,4.82,2.63,ml,18,50,0.1427,0.19,uu,uu60554082,2024-01-13T23:11:38.040Z,"21 km E of Mayfield, Utah",earthquake,0.46,3.81,0.113,17,reviewed,uu,uu
2023-10-10T13:50:01.970Z,33.7906667,-115.5751667,5.35,2.63,ml,34,51,0.09862,0.19,ci,ci40580496,2023-12-16T22:13:06.040Z,"18 km WNW of Desert Center, CA",earthquake,0.23,0.79,0.153,25,reviewed,ci,ci
2023-09-16T13:11:14.050Z,40.7228333,-124.607,21.19,2.63,md,73,225,0.2995,0.19,nc,nc73937486,2023-11-18T22:29:35.040Z,"33 km WNW of Ferndale, CA",earthquake,0.58,0.48,0.266,64,reviewed,nc,nc
2023-08-13T01:56:54.320Z,36.26166667,-89.46866667,6.62,2.63,md,46,42,0.03468,0.08,nm,nm60544561,2023-10-27T21:39:00.040Z,southeastern Missouri,earthquake,0.21,0.39,0.081672384,40,reviewed,nm,nm
2023-08-10T21:02:36.050Z,40.3685,-122.1545,58.63,2.63,md,24,77,0.1436,0.24,nc,nc73922646,2023-10-17T22:01:29.040Z,"15 km SE of Anderson, CA",earthquake,0.98,1.83,0.24,42,reviewed,nc,nc
2023-08-10T16:25:20.920Z,32.3921667,-115.1331667,11.26,2.63,ml,19,74,0.0594,0.24,ci,ci40533336,2023-10-17T22:01:29.040Z,"7 km NE of Delta, B.C., MX",earthquake,0.47,0.71,0.154,25,reviewed,ci,ci
2023-08-08T08:23:48.190Z,35.603,-117.4103333,6.25,2.63,ml,33,78,0.06293,0.12,ci,ci40531704,2023-10-17T22:01:27.040Z,"18 km S of Trona, CA",earthquake,0.15,0.37,0.145,87,reviewed,ci,ci
2023-08-04T09:12:28.600Z,37.66866667,-84.46883333,17,2.63,md,15,92,0.3663,0.19,se,se60500998,2023-10-07T21:38:57.040Z,"11 km ENE of Lancaster, Kentucky",earthquake,0.41,1.89,0.009784551,3,reviewed,se,se
2023-06-16T23:19:57.570Z,34.011,-118.8636667,7.13,2.63,ml,67,106,0.04764,0.23,ci,ci40487480,2023-08-21T04:19:15.040Z,"5km W of Malibu, CA",earthquake,0.29,0.51,0.158,25,reviewed,ci,ci
2023-06-12T13:47:54.210Z,36.9628333,-121.6011667,7.99,2.63,md,84,23,0.05816,0.14,nc,nc73900336,2023-08-21T04:18:44.040Z,"6km SSW of Gilroy, CA",earthquake,0.15,0.35,0.126,102,reviewed,nc,nc
2023-06-03T06:55:44.200Z,35.6456667,-118.3198333,8.01,2.63,ml,44,65,0.05581,0.17,ci,ci40476720,2023-08-05T22:07:51.040Z,"14km ESE of Wofford Heights, CA",earthquake,0.15,0.41,0.143,62,reviewed,ci,ci
2023-05-14T18:13:59.760Z,40.1993333,-121.0813333,7.61,2.63,md,39,39,0.06885,0.14,nc,nc73888076,2023-07-24T01:16:56.040Z,"3km N of Canyondam, CA",earthquake,0.23,0.4,0.136,66,reviewed,nc,nc
2023-04-19T22:14:25.719Z,35.10333333,-96.30333333,2.51,2.63,ml,98,60,0,0.28,ok,ok2023hraj,2023-07-03T02:47:05.040Z,"5 km WNW of Horntown, Oklahoma",earthquake,,0.7,0.2,37,reviewed,ok,ok
2024-04-05T18:45:42.940Z,33.267,-116.435,5,2.64,ml,95,14,0.01499,0.18,ci,ci40706152,2024-04-13T16:20:27.323Z,"6 km WNW of Borrego Springs, CA",earthquake,0.1,0.28,0.123,26,reviewed,ci,ci
2024-04-04T01:33:20.210Z,35.666,-97.38816667,7,2.64,ml,93,41,0,0.13,ok,ok2024gpwj,2024-04-05T21:03:52.306Z,"5 km W of Arcadia, Oklahoma",earthquake,,0.3,0.22,42,reviewed,ok,ok
2024-02-12T15:03:11.050Z,32.8141667,-115.5801667,13.63,2.64,ml,51,58,0.05961,0.24,ci,ci40667928,2024-02-13T22:00:11.040Z,"4 km NW of El Centro, CA",earthquake,0.24,0.43,0.204,79,reviewed,ci,ci
2024-02-12T14:46:07.760Z,32.777,-115.5461667,11.08,2.64,ml,51,53,0.04837,0.27,ci,ci40667880,2024-02-13T21:57:52.040Z,"2 km SE of El Centro, CA",earthquake,0.28,0.44,0.172,84,reviewed,ci,ci
2024-02-12T10:25:25.410Z,32.8183333,-115.5885,12.13,2.64,ml,52,42,0.05953,0.3,ci,ci40667048,2024-02-19T12:57:01.040Z,"4 km SSW of Imperial, CA",earthquake,0.28,0.65,0.217,25,reviewed,ci,ci
2024-02-09T03:07:05.290Z,32.5511667,-115.5048333,11.16,2.64,ml,49,44,0.06611,0.29,ci,ci40664320,2024-03-01T22:25:26.040Z,"8 km ESE of Progreso, B.C., MX",earthquake,0.26,0.58,0.28,24,reviewed,ci,ci
2023-12-26T11:48:01.020Z,35.9273333,-117.6836667,2.38,2.64,ml,34,60,0.111,0.17,ci,ci40451183,2024-03-02T21:39:40.040Z,"20 km E of Little Lake, CA",earthquake,0.23,0.37,0.126,63,reviewed,ci,ci
2023-11-28T01:20:34.259Z,35.12583333,-97.566,6.75,2.64,ml,93,41,0,0.21,ok,ok2023xgwe,2024-02-06T21:53:53.040Z,"2 km NNE of Cole, Oklahoma",earthquake,,0.3,0.27,42,reviewed,ok,ok
2023-11-24T13:57:50.600Z,40.6046667,-121.8283333,14.58,2.64,md,40,35,0.09779,0.13,nc,nc73966801,2024-02-01T15:13:44.040Z,"14 km NNE of Shingletown, CA",earthquake,0.22,0.48,0.146,52,reviewed,nc,nc
2023-10-20T21:11:58.200Z,37.3886667,-121.7391667,6.74,2.64,md,122,33,0.07852,0.09,nc,nc73949470,2023-12-26T21:25:14.040Z,"8 km ENE of Alum Rock, CA",earthquake,0.07,0.25,0.145,125,reviewed,nc,nc
2023-09-30T17:25:19.230Z,40.5076667,-124.443,29.62,2.64,md,32,238,0.08662,0.1,nc,nc73943851,2023-12-09T22:00:42.040Z,"17 km WSW of Ferndale, CA",earthquake,0.59,0.59,0.346,49,reviewed,nc,nc
2023-09-28T17:56:18.920Z,38.2968333,-119.3776667,6.9,2.64,md,39,105,0.0716,0.1,nc,nc73943081,2023-12-09T22:00:41.040Z,"14 km WNW of Bridgeport, CA",earthquake,0.24,0.47,0.212,40,reviewed,nc,nc
2023-09-16T16:49:57.560Z,34.0333333,-116.7355,11.98,2.64,ml,101,21,0.06005,0.16,ci,ci39667082,2023-11-18T22:29:35.040Z,"14 km NNE of Cabazon, CA",earthquake,0.1,0.3,0.189,130,reviewed,ci,ci
2023-09-01T01:35:48.710Z,37.4161667,-121.7886667,3.16,2.64,md,95,30,0.03537,0.08,nc,nc73931501,2023-11-04T21:36:07.040Z,"6 km NNE of Alum Rock, CA",earthquake,0.1,0.29,0.113,79,reviewed,nc,nc
2023-08-28T15:16:35.540Z,37.469,-118.8205,2.74,2.64,md,29,73,0.1139,0.06,nc,nc73930141,2023-11-04T21:35:41.040Z,"16 km SW of Toms Place, CA",earthquake,0.36,1.42,0.186,47,reviewed,nc,nc
2023-08-21T04:48:26.280Z,34.4168333,-119.1958333,1.81,2.64,ml,77,29,0.05222,0.31,ci,ci39646050,2023-10-28T19:15:33.040Z,"6 km SE of Ojai, CA",earthquake,0.22,0.44,0.12,71,reviewed,ci,ci
2023-08-12T01:19:54.760Z,37.8676667,-121.7873333,13.85,2.64,md,104,117,0.05844,0.15,nc,nc73923216,2024-02-29T02:49:00.464Z,"8 km SW of Brentwood, CA",earthquake,0.2,0.33,0.148,114,reviewed,nc,nc
2023-08-11T08:55:42.670Z,35.9746667,-120.53,4.34,2.64,md,54,29,0.01382,0.07,nc,nc73922881,2023-10-17T22:01:30.040Z,"12 km NW of Parkfield, CA",earthquake,0.12,0.15,0.109,61,reviewed,nc,nc
2023-07-24T04:35:00.790Z,37.3478333,-121.7056667,8.24,2.64,md,107,28,0.05066,0.08,nc,nc73916041,2023-09-30T21:36:39.040Z,"11 km E of Alum Rock, CA",earthquake,0.08,0.23,0.164,146,reviewed,nc,nc
2023-07-17T07:17:26.790Z,31.6021667,-114.4051667,5.95,2.64,ml,8,123,0.5674,0.25,ci,ci39614554,2023-09-28T21:33:36.040Z,"87km SE of Estacion Coahuila, B.C., MX",earthquake,0.61,31.61,0.212,29,reviewed,ci,ci
2023-06-22T08:04:45.620Z,46.62933333,-121.9576667,8.17,2.64,ml,26,121,0.06207,0.1,uw,uw61934991,2023-08-26T20:54:11.040Z,"15 km SSE of Ashford, Washington",earthquake,0.31,0.27,0.197414179,15,reviewed,uw,uw
2023-06-08T12:17:14.280Z,40.369,-124.968,14.71,2.64,md,44,248,0.4848,0.26,nc,nc73898656,2023-08-12T17:15:10.040Z,"58km W of Petrolia, CA",earthquake,1.32,2.42,0.264,40,reviewed,nc,nc
2023-06-01T00:25:31.000Z,40.4675,-124.7641667,23.56,2.64,md,45,234,0.3256,0.16,nc,nc73894866,2023-08-05T22:07:43.040Z,"44km WNW of Petrolia, CA",earthquake,1.06,3.57,0.25,38,reviewed,nc,nc
2023-05-29T08:31:46.070Z,40.6716667,-121.8896667,15.4,2.64,md,36,69,0.05325,0.15,nc,nc73891250,2023-08-05T22:07:38.040Z,"15km SSE of Round Mountain, CA",earthquake,0.24,0.48,0.162,49,reviewed,nc,nc
2023-05-02T02:15:11.300Z,36.25233333,-89.4475,6.74,2.64,md,54,50,0.03111,0.11,nm,nm60523246,2023-07-15T22:10:50.040Z,southeastern Missouri,earthquake,0.14,0.37,0.04239499,35,reviewed,nm,nm
2023-04-13T00:52:21.540Z,33.3735,-116.884,13.37,2.64,ml,104,19,0.1104,0.18,ci,ci40440312,2023-06-17T21:36:49.040Z,"3km NW of Palomar Observatory, CA",earthquake,0.11,0.34,0.221,26,reviewed,ci,ci
2024-04-03T10:18:10.170Z,32.4063333,-115.2343333,12.32,2.65,ml,29,57,0.0612,0.32,ci,ci40704344,2024-04-20T07:40:13.040Z,"7 km NW of Delta, B.C., MX",earthquake,0.42,1.21,0.229,21,reviewed,ci,ci
2024-03-30T20:03:40.180Z,34.6515,-116.2881667,4.96,2.65,ml,28,55,0.117,0.13,ci,ci40702464,2024-04-14T05:06:28.040Z,"14 km WSW of Ludlow, CA",earthquake,0.15,0.68,0.141,123,reviewed,ci,ci
2024-03-09T14:27:01.180Z,34.16383333,-80.73116667,2.86,2.65,md,17,63,0.04022,0.33,se,se60572666,2024-04-13T17:09:25.040Z,"5 km E of Elgin, South Carolina",earthquake,0.56,0.79,0.120157262,14,reviewed,se,se
2024-02-17T13:05:15.780Z,36.602,-121.2103333,6.7,2.65,md,67,69,0.03629,0.11,nc,nc74003946,2024-03-23T19:23:26.040Z,"10 km NW of Pinnacles, CA",earthquake,0.16,0.29,0.114,125,reviewed,nc,nc
2024-01-28T12:05:18.860Z,35.3858333,-118.9898333,18.59,2.65,ml,49,60,0.05984,0.24,ci,ci39758674,2024-03-30T22:34:45.040Z,"5 km SE of Oildale, CA",earthquake,0.23,0.54,0.124,63,reviewed,ci,ci
2023-12-04T18:24:12.490Z,33.9951667,-116.8426667,18.25,2.65,ml,88,24,0.0493,0.14,ci,ci40615688,2024-02-10T23:47:31.040Z,"8 km NNE of Banning, CA",earthquake,0.11,0.23,0.185,24,reviewed,ci,ci
2023-11-05T05:14:26.920Z,32.8633333,-115.7538333,9.69,2.65,ml,51,37,0.02493,0.25,ci,ci39708274,2024-01-13T23:10:02.040Z,"17 km W of Imperial, CA",earthquake,0.23,0.51,0.187,26,reviewed,ci,ci
2023-10-05T07:26:44.180Z,41.1688333,-124.195,17.21,2.65,md,40,178,0.1197,0.17,nc,nc73945676,2023-12-14T21:26:50.040Z,"13 km NNW of Trinidad, CA",earthquake,0.6,0.31,0.119,27,reviewed,nc,nc
2023-09-01T20:43:01.300Z,36.26766667,-97.26883333,5.56,2.65,ml,98,27,0,0.21,ok,ok2023rdog,2023-11-04T21:36:15.040Z,"2 km SE of Perry, Oklahoma",earthquake,,0.3,0.23,37,reviewed,ok,ok
2023-08-24T17:38:13.350Z,36.2125,-118.3043333,2.85,2.65,ml,30,88,0.2903,0.18,ci,ci39649714,2023-10-28T19:15:36.040Z,"28 km WSW of Olancha, CA",earthquake,0.2,1.8,0.179,29,reviewed,ci,ci
2023-08-22T03:57:00.490Z,36.224,-120.2666667,13.99,2.65,md,43,193,0.06721,0.11,nc,nc73926931,2023-10-28T19:15:34.040Z,"12 km NE of Coalinga, CA",earthquake,0.45,0.27,0.11,65,reviewed,nc,nc
2023-08-15T19:43:14.260Z,36.0121667,-120.5758333,4.29,2.65,md,71,43,0.03192,0.11,nc,nc73924491,2023-10-27T21:39:02.040Z,"18 km NW of Parkfield, CA",earthquake,0.18,0.26,0.113,75,reviewed,nc,nc
2023-08-05T10:01:49.170Z,35.7603333,-117.5871667,4.26,2.65,ml,32,68,0.1266,0.13,ci,ci40530200,2023-10-07T21:38:59.040Z,"17 km W of Searles Valley, CA",earthquake,0.16,0.54,0.158,94,reviewed,ci,ci
2023-06-09T00:00:57.900Z,37.4485,-118.6538333,3.61,2.65,md,24,97,0.1194,0.08,nc,nc73898881,2023-08-12T17:15:10.040Z,"6km NW of Round Valley, CA",earthquake,0.31,1.55,0.169,46,reviewed,nc,nc
2023-06-08T22:09:02.740Z,34.2056667,-118.0143333,15.05,2.65,ml,30,46,0.04061,0.12,ci,ci40481072,2023-08-12T17:15:27.040Z,"6km NE of Sierra Madre, CA",earthquake,0.23,0.45,0.157,10,reviewed,ci,ci
2023-04-18T15:14:40.370Z,32.6916667,-115.6781667,15.4,2.65,ml,57,32,0.05862,0.27,ci,ci40442384,2023-07-03T02:47:17.040Z,"15km WSW of Heber, CA",earthquake,0.28,0.46,0.298,25,reviewed,ci,ci
2024-04-12T06:23:57.480Z,37.0646667,-121.511,6.14,2.66,md,90,29,0.04445,0.1,nc,nc74033106,2024-04-18T22:49:23.788Z,"8 km NE of Gilroy, CA",earthquake,0.12,0.31,0.146,93,reviewed,nc,nc
2024-04-04T11:21:56.510Z,37.399,-118.635,10.85,2.66,md,35,84,0.1943,0.06,nc,nc74029126,2024-04-07T00:22:40.500Z,"4 km WSW of Round Valley, CA",earthquake,0.22,0.93,0.147,53,reviewed,nc,nc
2024-03-03T23:06:47.530Z,32.9155,-116.2421667,8.41,2.66,ml,72,45,0.06458,0.2,ci,ci40680472,2024-03-18T04:01:59.040Z,"27 km SSW of Ocotillo Wells, CA",earthquake,0.14,0.55,0.132,25,reviewed,ci,ci
2024-01-20T16:26:40.110Z,38.7863333,-122.7643333,2.61,2.66,md,90,28,0.01472,0.07,nc,nc73991926,2024-03-29T17:37:55.040Z,"1 km NW of The Geysers, CA",earthquake,0.09,0.15,0.127,100,reviewed,nc,nc
2023-12-09T18:28:06.030Z,33.1576667,-115.6565,2.64,2.66,ml,58,39,0.03814,0.25,ci,ci40618128,2024-02-10T23:47:46.040Z,"14 km WNW of Calipatria, CA",earthquake,0.19,0.35,0.134,44,reviewed,ci,ci
2023-12-01T08:02:48.080Z,32.7703333,-115.8586667,5.91,2.66,ml,78,40,0.1337,0.25,ci,ci39720714,2024-02-06T21:53:51.040Z,"13 km ENE of Ocotillo, CA",earthquake,0.18,1.43,0.201,27,reviewed,ci,ci
2023-11-11T13:53:22.980Z,40.314,-111.0805,11.97,2.66,ml,36,60,0.3299,0.21,uu,uu60554077,2024-01-13T23:11:36.040Z,"15 km E of Independence, Utah",earthquake,0.32,0.65,0.182,17,reviewed,uu,uu
2023-11-03T02:25:52.780Z,35.7658333,-117.5826667,6.37,2.66,ml,35,63,0.1332,0.13,ci,ci39705786,2024-01-10T06:01:44.040Z,"16 km W of Searles Valley, CA",earthquake,0.15,0.62,0.16,24,reviewed,ci,ci
2023-10-28T16:04:46.100Z,38.5598333,-119.5071667,5.05,2.66,md,18,113,0.0279,0.06,nc,nc73952810,2024-01-04T04:22:39.040Z,"6 km NNW of Walker, CA",earthquake,0.21,0.37,0.258,44,reviewed,nc,nc
2023-10-20T13:47:54.920Z,47.61233333,-121.7306667,14.39,2.66,ml,66,57,0.08549,0.17,uw,uw61958152,2023-12-26T21:24:44.040Z,Washington,earthquake,0.22,0.41,0.204980481,114,reviewed,uw,uw
2023-10-08T07:00:14.290Z,37.3973333,-121.7506667,5.37,2.66,md,125,29,0.06608,0.1,nc,nc73947011,2023-12-16T22:13:05.040Z,"8 km ENE of Alum Rock, CA",earthquake,0.08,0.29,0.156,150,reviewed,nc,nc
2023-08-24T18:08:21.140Z,33.9728333,-118.3053333,8,2.66,ml,76,41,0.048,0.25,ci,ci39649738,2023-10-28T19:15:36.040Z,"4 km ENE of Inglewood, CA",earthquake,0.18,0.43,0.177,90,reviewed,ci,ci
2023-08-21T01:43:34.280Z,34.4426667,-119.1621667,2.07,2.66,ml,71,25,0.02118,0.3,ci,ci39645914,2023-10-28T19:15:33.040Z,"7 km E of Ojai, CA",earthquake,0.23,0.48,0.118,69,reviewed,ci,ci
2023-08-20T22:15:35.620Z,34.4255,-119.182,1.67,2.66,ml,58,27,0.03851,0.3,ci,ci39645602,2023-10-28T19:15:33.040Z,"6 km ESE of Ojai, CA",earthquake,0.22,0.47,0.223,40,reviewed,ci,ci
2023-08-03T07:59:15.590Z,37.47,-118.5236667,11.83,2.66,md,33,79,0.1371,0.07,nc,nc73919676,2023-10-07T21:38:57.040Z,"9 km NE of Round Valley, CA",earthquake,0.31,0.8,0.145,42,reviewed,nc,nc
2023-07-29T01:10:34.830Z,33.9108333,-119.2538333,-0.05,2.66,ml,47,120,0.2713,0.31,ci,ci39624810,2023-09-30T21:36:33.040Z,"27 km SSW of Port Hueneme, CA",earthquake,0.36,1.1,0.117,84,reviewed,ci,ci
2023-07-27T07:38:21.690Z,37.853,-122.237,8.61,2.66,md,109,31,0.02321,0.08,nc,nc73917236,2023-10-18T16:52:25.202Z,"3 km N of Piedmont, CA",earthquake,0.12,0.17,0.117,79,reviewed,nc,nc
2023-05-12T11:23:04.600Z,40.1946667,-121.129,5.39,2.66,md,27,64,0.05444,0.1,nc,nc73887086,2023-07-22T19:16:07.040Z,"3km ESE of Prattville, CA",earthquake,0.25,0.7,0.175,43,reviewed,nc,nc
2023-05-01T02:15:12.140Z,32.3691667,-115.2566667,20.87,2.66,ml,25,53,0.06474,0.28,ci,ci40216351,2023-07-15T22:10:42.040Z,"6km WNW of Delta, B.C., MX",earthquake,0.58,1.2,0.218,33,reviewed,ci,ci
2023-04-23T10:36:05.080Z,36.9448333,-121.4428333,2.33,2.66,md,81,37,0.07226,0.12,nc,nc73876905,2023-07-11T01:44:33.040Z,"12km NNW of Hollister, CA",earthquake,0.11,0.5,0.136,97,reviewed,nc,nc
2023-04-12T03:53:04.050Z,33.944,-115.6633333,5.43,2.66,ml,45,85,0.2318,0.13,ci,ci40439912,2023-06-17T21:36:47.040Z,"35km NW of Desert Center, CA",earthquake,0.15,0.74,0.151,91,reviewed,ci,ci
2024-04-12T18:21:42.120Z,40.1585,-122.1166667,26.56,2.67,md,18,95,0.05043,0.12,nc,nc74033331,2024-04-16T16:50:35.609Z,"10 km ESE of Red Bluff, CA",earthquake,0.56,0.43,0.161,30,reviewed,nc,nc
2024-03-17T11:14:19.220Z,33.806,-116.1848333,6.23,2.67,ml,78,57,0.0319,0.15,ci,ci40688376,2024-04-13T16:55:06.217Z,"10 km NNE of Indio, CA",earthquake,0.11,0.36,0.159,167,reviewed,ci,ci
2024-02-03T05:36:23.870Z,35.53316667,-96.75933333,7.28,2.67,ml,27,77,0.017996468,0.16,ok,ok2024cist,2024-04-13T19:35:55.040Z,"8 km NW of Prague, Oklahoma",earthquake,,0.4,0.11,8,reviewed,ok,ok
2024-01-15T05:48:16.620Z,47.88333333,-122.0106667,28.03,2.67,ml,67,43,0.03894,0.25,uw,uw61979961,2024-03-29T17:37:51.040Z,"1 km S of Roosevelt, Washington",earthquake,0.3,0.46,0.19340447,64,reviewed,uw,uw
2024-01-13T12:55:03.720Z,35.67183333,-97.4075,6.24,2.67,ml,95,38,0,0.13,ok,ok2024awxp,2024-03-16T18:59:15.040Z,"6 km ENE of Edmond, Oklahoma",earthquake,,0.3,0.22,44,reviewed,ok,ok
2024-01-08T02:39:05.140Z,36.464,-121.0398333,4.04,2.67,md,67,116,0.01702,0.1,nc,nc73986296,2024-03-16T18:59:57.040Z,"12 km SE of Pinnacles, CA",earthquake,0.15,0.28,0.146,98,reviewed,nc,nc
2023-10-24T19:51:04.640Z,32.7491667,-115.4133333,15.26,2.67,ml,37,69,0.06269,0.27,ci,ci40586488,2024-01-04T04:22:07.040Z,"8 km SSW of Holtville, CA",earthquake,0.32,0.52,0.121,25,reviewed,ci,ci
2023-09-23T22:02:35.160Z,37.4305,-121.7723333,11.1,2.67,md,129,31,0.02984,0.09,nc,nc73940946,2023-12-02T23:01:11.040Z,"9 km NE of Alum Rock, CA",earthquake,0.09,0.25,0.16,150,reviewed,nc,nc
2023-08-10T06:53:10.080Z,36.8731667,-121.6125,6.06,2.67,md,83,42,,0.18,nc,nc73922426,2023-10-17T22:01:29.040Z,"3 km ESE of Aromas, CA",earthquake,0.18,0.4,0.112,83,reviewed,nc,nc
2023-06-05T22:40:20.730Z,33.1833333,-119.0903333,-0.06,2.67,ml,13,202,0.3006,0.18,ci,ci40479144,2023-08-12T17:15:04.040Z,"32km S of Santa Barbara Is., CA",earthquake,0.86,31.61,0.13,105,reviewed,ci,ci
2023-06-03T07:25:00.480Z,35.6446667,-118.3231667,8.03,2.67,ml,44,62,0.0555,0.17,ci,ci40476760,2023-08-05T22:07:52.040Z,"14km ESE of Wofford Heights, CA",earthquake,0.15,0.48,0.138,62,reviewed,ci,ci
2023-06-02T11:09:28.640Z,40.232,-121.1438333,6.6,2.67,md,40,28,0.01573,0.25,nc,nc73895386,2023-08-05T22:07:47.040Z,"3km NNE of Prattville, CA",earthquake,0.4,0.55,0.154,78,reviewed,nc,nc
2023-06-01T02:15:53.830Z,33.812,-118.171,7.67,2.67,ml,88,66,0.03166,0.29,ci,ci40239415,2024-04-12T19:28:47.172Z,"1km NNW of Signal Hill, CA",earthquake,0.26,0.48,0.243,28,reviewed,ci,ci
2023-05-29T13:40:01.580Z,37.2701667,-117.5828333,5.93,2.67,ml,16,169,0.06258,0.18,ci,ci40236791,2023-08-05T22:07:38.040Z,"64km E of Big Pine, CA",earthquake,0.67,0.47,0.137,40,reviewed,ci,ci
2023-04-12T00:12:37.220Z,39.2096667,-120.3928333,4.9,2.67,md,26,43,0.1603,0.11,nc,nc73870960,2023-06-17T21:36:47.040Z,"21km WNW of Sunnyside-Tahoe City, CA",earthquake,0.22,1.12,0.128,25,reviewed,nc,nc
2024-02-27T08:36:40.440Z,37.028,-121.7783333,2.38,2.68,md,99,52,0.06066,0.16,nc,nc74008701,2024-04-12T13:46:52.040Z,"5 km NNE of Corralitos, CA",earthquake,0.12,0.43,0.127,133,reviewed,nc,nc
2024-02-20T01:22:43.930Z,36.84866667,-90.78116667,15.19,2.68,md,19,163,0.2906,0.19,nm,nm60570671,2024-04-02T02:07:37.040Z,"4 km ENE of Grandin, Missouri",earthquake,0.54,0.67,0.069524213,15,reviewed,nm,nm
2024-02-12T09:01:15.080Z,32.8366667,-115.5683333,11.66,2.68,ml,9,89,0.05357,0.21,ci,ci37623988,2024-03-27T12:39:15.040Z,"1 km S of Imperial, CA",earthquake,0.78,1.54,0.118,5,reviewed,ci,ci
2023-12-06T15:04:25.430Z,35.818,-116.796,0.48,2.68,ml,23,69,0.3812,0.19,ci,ci40616856,2024-02-10T23:47:38.040Z,"50 km WSW of Shoshone, CA",earthquake,0.24,0.91,0.183,71,reviewed,ci,ci
2023-11-27T12:03:11.030Z,41.1038333,-123.299,37.8,2.68,md,63,70,0.2099,0.19,nc,nc73968381,2024-02-06T21:53:51.040Z,"33 km ENE of Willow Creek, CA",earthquake,0.27,0.33,0.2,57,reviewed,nc,nc
2023-08-06T18:57:01.940Z,36.1153333,-117.8801667,2.44,2.68,ml,35,83,0.02061,0.15,ci,ci40530928,2023-10-17T22:01:26.040Z,"10 km NE of Coso Junction, CA",earthquake,0.19,0.23,0.218,25,reviewed,ci,ci
2023-07-19T04:37:48.650Z,33.9705,-118.2051667,15.07,2.68,ml,122,23,0.04677,0.23,ci,ci39615986,2023-09-28T21:33:46.040Z,"2km WSW of Bell, CA",earthquake,0.15,0.25,0.169,151,reviewed,ci,ci
2023-06-17T21:15:03.500Z,34.499,-116.2313333,1.99,2.68,ml,39,71,0.1949,0.12,ci,ci40487888,2023-08-21T04:19:22.040Z,"26km SSW of Ludlow, CA",earthquake,0.13,0.63,0.135,115,reviewed,ci,ci
2023-05-28T08:41:55.540Z,32.4125,-115.2186667,7.45,2.68,ml,33,48,0.07335,0.29,ci,ci40235911,2023-08-05T22:07:36.040Z,"7km NNW of Delta, B.C., MX",earthquake,0.32,1.02,0.167,35,reviewed,ci,ci
2023-05-05T07:47:17.370Z,34.51866667,-97.70466667,14.46,2.68,ml,80,65,0,0.3,ok,ok2023itdu,2023-09-25T15:31:29.048Z,"7 km NNW of Velma, Oklahoma",earthquake,,1.3,0.23,25,reviewed,ok,ok
2023-04-25T11:55:47.190Z,33.3678333,-116.417,12.47,2.68,ml,111,13,0.0585,0.2,ci,ci40445232,2023-07-11T01:45:00.040Z,"13km NNW of Borrego Springs, CA",earthquake,0.11,0.4,0.155,114,reviewed,ci,ci
2024-01-03T15:27:20.590Z,33.2146667,-115.5651667,2.99,2.69,ml,49,93,0.05628,0.22,ci,ci40454583,2024-03-09T21:39:04.040Z,"5 km WSW of Niland, CA",earthquake,0.23,0.36,0.178,26,reviewed,ci,ci
2023-12-29T03:57:54.270Z,32.416,-115.5236667,4.42,2.69,ml,37,58,0.1309,0.29,ci,ci40452295,2024-03-02T21:39:30.040Z,"19 km SSE of Progreso, B.C., MX",earthquake,0.32,1.35,0.216,26,reviewed,ci,ci
2023-10-02T12:16:11.900Z,38.8428333,-122.7675,1.05,2.69,md,89,36,0.006952,0.05,nc,nc73944536,2023-12-14T21:26:49.040Z,"4 km WNW of Cobb, CA",earthquake,0.1,0.12,0.16,120,reviewed,nc,nc
2023-09-30T14:45:11.850Z,38.3046667,-119.3678333,5.85,2.69,md,42,94,0.07204,0.19,nc,nc73943811,2023-12-09T22:00:42.040Z,"13 km WNW of Bridgeport, CA",earthquake,0.28,0.83,0.238,47,reviewed,nc,nc
2023-08-25T14:13:27.180Z,33.8275,-118.2498333,10.57,2.69,ml,59,67,0.0564,0.28,ci,ci39650530,2024-04-12T19:38:42.386Z,"3 km E of Carson, CA",earthquake,0.28,0.57,0.116,23,reviewed,ci,ci
2023-08-24T00:25:10.340Z,38.8205,-122.7958333,3.35,2.69,md,84,25,0.01149,0.06,nc,nc73927661,2023-10-28T19:15:36.040Z,"6 km NW of The Geysers, CA",earthquake,0.11,0.15,0.208,68,reviewed,nc,nc
2023-07-13T18:13:23.220Z,38.8318333,-122.7881667,1.88,2.69,md,88,31,0.006783,0.1,nc,nc73912381,2023-09-16T19:16:13.040Z,"6 km W of Cobb, CA",earthquake,0.11,0.15,0.195,89,reviewed,nc,nc
2023-05-23T00:31:14.620Z,35.6385,-117.4471667,6.13,2.69,ml,36,62,0.03271,0.13,ci,ci40231903,2023-07-29T22:00:30.040Z,"15km SSW of Searles Valley, CA",earthquake,0.14,0.29,0.142,94,reviewed,ci,ci
2023-04-28T14:48:45.530Z,32.6986667,-115.5333333,9.17,2.69,ml,37,47,0.07426,0.25,ci,ci40212839,2023-07-11T01:44:50.040Z,"4km S of Heber, CA",earthquake,0.27,0.65,0.268,24,reviewed,ci,ci
2024-04-10T21:40:03.727Z,32.317,-101.817,4.8096,2.7,ml,18,48,0,0.1,tx,tx2024hcje,2024-04-11T00:52:50.577Z,"20 km N of Stanton, Texas",earthquake,0.768469703,1.917136505,0.1,29,reviewed,tx,tx
2024-03-29T10:51:57.790Z,31.618,-104.525,6.6382,2.7,ml,10,82,0.1,0.2,tx,tx2024gfpu,2024-03-29T20:13:54.431Z,"63 km SSW of Whites City, New Mexico",earthquake,3.204206014,2.322165561,0,6,reviewed,tx,tx
2024-03-23T21:54:59.195Z,32.144,-101.068,0.6348,2.7,ml,22,67,0.2,0.3,tx,tx2024fvmr,2024-04-14T01:03:28.040Z,"23 km SSW of Westbrook, Texas",earthquake,1.60763654,1.725150041,0.1,15,reviewed,tx,tx
2024-03-21T17:47:24.424Z,31.942,-102.036,9.2529,2.7,ml,22,69,0.1,0.1,tx,tx2024frnm,2024-03-24T15:27:18.040Z,"7 km SSE of Midland, Texas",earthquake,0.364975421,0.719571979,0.1,18,reviewed,tx,tx
2024-03-20T13:55:05.420Z,40.3616667,-124.8251667,25.29,2.7,md,54,243,0.3761,0.22,nc,nc74020656,2024-03-25T10:46:21.040Z,"46 km W of Petrolia, CA",earthquake,1.17,7.24,0.279,45,reviewed,nc,nc
2024-03-17T02:50:33.014Z,44.3319,-114.8298,10,2.7,ml,34,49,0.226,0.71,us,us6000mjdu,2024-04-07T01:15:22.941Z,"15 km NE of Stanley, Idaho",earthquake,1.91,1.991,0.043,72,reviewed,us,us
2024-03-13T21:42:05.025Z,41.9096,-119.5845,3.2,2.7,ml,4,132.42,0.535,0.1697,nn,nn00874727,2024-04-17T05:35:07.040Z,"47 km E of Fort Bidwell, California",earthquake,,4.7,0.13,4,reviewed,nn,nn
2024-03-13T06:10:59.738Z,31.623,-104.5,7.2534,2.7,ml,21,70,0,0.2,tx,tx2024fcal,2024-03-20T09:42:10.040Z,"62 km S of Whites City, New Mexico",earthquake,2.25344571,1.165285988,0.1,24,reviewed,tx,tx
2024-03-11T22:11:38.045Z,28.976,-97.986,0.0244,2.7,ml,16,67,0.1,0.2,tx,tx2024ezpd,2024-03-20T03:39:09.040Z,"3 km ESE of Falls City, Texas",earthquake,0.71695529,1.502654295,0.1,19,reviewed,tx,tx
2024-03-11T14:19:14.928Z,44.2671,-115.2088,15.466,2.7,ml,34,64,0.306,0.82,us,us7000m4nn,2024-03-24T18:07:26.040Z,"22 km WNW of Stanley, Idaho",earthquake,1.38,7.244,0.036,102,reviewed,us,us
2024-03-10T12:47:57.309Z,31.747,-104.159,6.0999,2.7,ml,23,60,0,0.2,tx,tx2024exbb,2024-03-28T15:04:07.040Z,"51 km SSE of Whites City, New Mexico",earthquake,0.561823518,0.757607232,0.1,18,reviewed,tx,tx
2024-03-08T00:14:33.277Z,39.4042,-119.6898,8.5,2.7,ml,23,74.09,0.06,0.1577,nn,nn00874356,2024-04-13T03:23:49.040Z,"11 km NNW of Virginia City, Nevada",earthquake,,1,0.39,6,reviewed,nn,nn
2024-03-06T00:01:42.777Z,33.301,-98.628,4.0527,2.7,ml,18,74,0.5,0.3,tx,tx2024eotv,2024-04-11T21:53:41.040Z,"13 km ESE of Olney, Texas",earthquake,2.057104354,2.673506046,0.2,8,reviewed,tx,tx
2024-03-04T02:28:51.580Z,39.262,-110.5963333,9.58,2.7,ml,27,66,0.1611,0.18,uu,uu80059666,2024-03-04T23:07:37.040Z,"23 km SE of Elmo, Utah",earthquake,0.33,0.71,0.116975413,14,reviewed,uu,uu
2024-03-03T09:17:32.804Z,31.612,-103.974,7.1765,2.7,ml,12,61,0,0.1,tx,tx2024ejzq,2024-04-10T14:56:15.040Z,"37 km WSW of Mentone, Texas",earthquake,0.706231988,0.748227462,0.1,10,reviewed,tx,tx
2024-03-02T14:30:06.182Z,41.9906,-119.6012,0,2.7,ml,5,125.3,0.53,0.2293,nn,nn00874160,2024-03-24T17:28:43.040Z,"47 km ENE of Fort Bidwell, California",earthquake,,0,0.64,5,reviewed,nn,nn
2024-03-02T04:31:41.437Z,41.9621,-119.5801,0,2.7,ml,4,128.05,0.541,0.0858,nn,nn00874155,2024-03-21T23:17:40.040Z,"48 km ENE of Fort Bidwell, California",earthquake,,3.6,0.58,4,reviewed,nn,nn
2024-03-01T15:21:14.224Z,32.656,-104.3903,8.394,2.7,ml,19,101,0.492,0.4,us,us6000mg2y,2024-03-24T15:04:32.040Z,"12 km S of Atoka, New Mexico",earthquake,2.94,8.515,0.121,9,reviewed,us,us
2024-02-29T05:53:40.291Z,32.745,-100.643,6.1035,2.7,ml,20,46,0.1,0.2,tx,tx2024eegj,2024-03-14T04:11:08.040Z,"16 km NE of Hermleigh, Texas",earthquake,0.757011904,2.276807519,0.1,25,reviewed,tx,tx
2024-02-28T17:25:26.958Z,31.4127,-114.3592,8.856,2.7,ml,19,149,0.563,1.13,us,us6000mfmh,2024-04-08T16:02:27.040Z,"33 km SSE of Golfo de Santa Clara, Mexico",earthquake,1.58,7.984,0.056,42,reviewed,us,us
2024-02-24T17:44:07.066Z,31.602,-104.253,6.2537,2.7,ml,33,71,0.1,0.2,tx,tx2024dwah,2024-03-20T18:09:23.040Z,"54 km NW of Toyah, Texas",earthquake,0.999088048,1.111156451,0.2,25,reviewed,tx,tx
2024-02-22T13:20:38.310Z,31.675,-104.195,5.3821,2.7,ml,21,69,0.1,0.1,tx,tx2024dsap,2024-03-16T18:17:20.040Z,"55 km NW of Toyah, Texas",earthquake,0.571479359,1.127056157,0,7,reviewed,tx,tx
2024-02-18T14:51:58.363Z,29.084,-97.82,5.835,2.7,ml,16,85,0,0.2,tx,tx2024dkvo,2024-02-26T18:28:30.040Z,"21 km SSW of Nixon, Texas",earthquake,0.984792529,2.163763451,0.1,10,reviewed,tx,tx
2024-02-17T13:09:16.078Z,28.975,-97.974,3.9062,2.7,ml,16,63,0,0.2,tx,tx2024diwr,2024-04-18T19:59:15.040Z,"4 km ESE of Falls City, Texas",earthquake,2.833192066,0.927678467,0.1,10,reviewed,tx,tx
2024-02-14T07:09:57.031Z,44.593,-114.2805,5,2.7,ml,37,34,0.634,0.49,us,us7000lz3v,2024-03-27T12:47:12.040Z,"10 km NNW of Challis, Idaho",earthquake,1.49,1.91,0.049,54,reviewed,us,us
2024-02-12T22:56:02.533Z,42.729,-111.1655,5,2.7,ml,41,72,0.06,0.74,us,us7000lytb,2024-04-14T21:32:52.040Z,"15 km WSW of Auburn, Wyoming",earthquake,1.75,1.963,0.037,96,reviewed,us,us
2024-02-10T17:56:01.795Z,44.4364,-115.2081,19.498,2.7,ml,69,35,0.42,0.64,us,us7000lyc8,2024-03-07T17:36:09.040Z,"32 km NW of Stanley, Idaho",earthquake,2.11,6.861,0.03,150,reviewed,us,us
2024-02-10T05:34:51.119Z,31.679,-104.286,7.4684,2.7,ml,16,88,0,0.2,tx,tx2024cvne,2024-02-24T08:11:55.040Z,"55 km S of Whites City, New Mexico",earthquake,1.069351236,1.022096379,0.1,37,reviewed,tx,tx
2024-02-09T16:45:31.108Z,33.9486,-105.9079,5,2.7,ml,11,158,0.687,0.21,us,us7000ly1u,2024-03-03T21:06:26.850Z,"34 km N of Carrizozo, New Mexico",earthquake,3.72,1.983,0.097,14,reviewed,us,us
2024-02-04T20:12:38.865Z,44.2583,-105.3163,0,2.7,ml,14,112,0.931,0.33,us,us7000lxu8,2024-04-13T19:37:52.040Z,"8 km ENE of Sleepy Hollow, Wyoming",mining explosion,5.61,1.911,0.066,30,reviewed,us,us
2024-02-03T17:50:18.002Z,28.943,-97.967,4.6219,2.7,ml,14,65,0,0.3,tx,tx2024cjqy,2024-04-13T19:36:47.040Z,"6 km SE of Falls City, Texas",earthquake,1.258929825,2.031221625,0.2,11,reviewed,tx,tx
2024-01-29T13:23:26.090Z,44.5339,-114.7037,10,2.7,ml,20,39,0.44,0.57,us,us7000lupv,2024-04-13T19:26:28.040Z,"37 km W of Challis, Idaho",earthquake,1.8,1.992,0.039,86,reviewed,us,us
2024-01-27T02:09:29.601Z,32.411,-102.032,6.2115,2.7,ml,29,68,0.1,0.1,tx,tx2024bvrl,2024-03-30T22:34:23.040Z,"32 km WSW of Ackerly, Texas",earthquake,0.434228977,2.242131606,0.1,14,reviewed,tx,tx
2024-01-24T23:31:56.224Z,44.1713,-105.4445,0,2.7,ml,9,104,1.015,1.13,us,us7000lurv,2024-03-30T22:32:12.040Z,"6 km SSE of Antelope Valley-Crestview, Wyoming",mining explosion,4.08,1.802,0.069,30,reviewed,us,us
2024-01-24T00:22:40.233Z,31.741,-104.111,6.4015,2.7,ml,21,70,0,0.2,tx,tx2024bqbi,2024-03-30T22:32:57.040Z,"48 km W of Mentone, Texas",earthquake,0.551993614,0.473975751,0.2,12,reviewed,tx,tx
2024-01-23T21:02:27.789Z,31.694,-104.299,7.2499,2.7,ml,33,64,0,0.1,tx,tx2024bpus,2024-03-30T22:32:54.040Z,"53 km S of Whites City, New Mexico",earthquake,0.487858212,0.676131342,0.1,28,reviewed,tx,tx
2024-01-22T13:53:12.435Z,32.755,-100.644,8.6814,2.7,ml,12,80,0.1,0.1,tx,tx2024bnlb,2024-03-30T22:32:21.040Z,"17 km NE of Hermleigh, Texas",earthquake,0.899564765,1.415170646,0.1,6,reviewed,tx,tx
2024-01-19T23:18:13.288Z,32.1008,-93.3169,5,2.7,mb_lg,18,115,0.793,0.66,us,us6000m59a,2024-03-29T17:37:55.040Z,"5 km NNE of Edgefield, Louisiana",earthquake,3.25,2.009,0.154,11,reviewed,us,us
2024-01-19T19:02:04.514Z,32.1216,-93.3547,5,2.7,ml,19,78,0.757,0.6,us,us6000m596,2024-03-29T17:37:55.040Z,"7 km SW of Hall Summit, Louisiana",earthquake,2.09,2.003,0.115,10,reviewed,us,us
2024-01-19T00:59:03.910Z,31.672,-104.183,6.1187,2.7,ml,47,65,0.1,0.1,tx,tx2024bgzb,2024-03-29T17:37:53.040Z,"54 km NW of Toyah, Texas",earthquake,0.393111205,0.4469555,0.2,37,reviewed,tx,tx
2024-01-18T14:33:37.141Z,31.652,-104.347,7.9311,2.7,ml,45,70,0.1,0.1,tx,tx2024bgej,2024-03-29T17:37:53.040Z,"58 km S of Whites City, New Mexico",earthquake,0.540400733,0.855149417,0.2,50,reviewed,tx,tx
2024-01-18T06:35:46.120Z,32.689,-100.612,8.1923,2.7,ml,18,86,0.1,0.3,tx,tx2024bfop,2024-03-29T17:37:53.040Z,"15 km ENE of Hermleigh, Texas",earthquake,1.135458046,2.060560279,0.1,11,reviewed,tx,tx
2024-01-17T09:21:51.858Z,31.7,-104.411,1.9412,2.7,ml,17,72,0,0.2,tx,tx2024bdyp,2024-03-29T17:37:52.040Z,"52 km S of Whites City, New Mexico",earthquake,0.995328551,1.807484828,0.2,13,reviewed,tx,tx
2024-01-09T09:23:56.644Z,31.634,-104.021,6.6843,2.7,ml,42,25,0,0.1,tx,tx2024apiq,2024-03-16T19:00:09.040Z,"40 km WSW of Mentone, Texas",earthquake,0.448394954,0.435575035,0.2,32,reviewed,tx,tx
2024-01-08T04:11:21.021Z,31.616,-104.108,8.0854,2.7,ml,16,76,0,0.2,tx,tx2024ancv,2024-03-16T18:59:58.040Z,"44 km NW of Toyah, Texas",earthquake,0.932415472,1.019268809,0.2,12,reviewed,tx,tx
2024-01-07T20:50:05.237Z,31.64,-104.387,6.1316,2.7,ml,23,76,0,0.2,tx,tx2024amog,2024-03-09T21:40:02.040Z,"59 km S of Whites City, New Mexico",earthquake,0.889606229,0.699552764,0.1,19,reviewed,tx,tx
2024-01-06T21:59:27.519Z,31.766,-103.791,7.2113,2.7,ml,32,42,0.1,0.1,tx,tx2024akva,2024-03-09T21:39:49.040Z,"19 km WNW of Mentone, Texas",earthquake,0.816242058,1.710498931,0.1,34,reviewed,tx,tx
2024-01-06T19:00:43.148Z,31.618,-104.104,9.525,2.7,ml,30,56,0,0.3,tx,tx2024akpd,2024-03-09T21:39:47.040Z,"44 km NW of Toyah, Texas",earthquake,0.988891388,0.763473881,0.2,22,reviewed,tx,tx
2024-01-05T23:29:18.952Z,31.627,-104.505,6.8514,2.7,ml,26,75,0,0.2,tx,tx2024ajcm,2024-03-09T21:39:41.040Z,"62 km SSW of Whites City, New Mexico",earthquake,1.051674393,0.707037733,0.2,21,reviewed,tx,tx
2024-01-05T18:42:23.742Z,47.5303,-92.8055,0,2.7,ml,10,78,0.977,0.24,us,us6000m3yf,2024-03-09T21:41:09.040Z,"4 km NNW of Buhl, Minnesota",mining explosion,3.77,1.984,0.105,12,reviewed,us,us
2024-01-03T10:37:29.642Z,31.3644,-114.3433,10,2.7,ml,31,144,0.543,1.43,us,us6000m1uf,2024-03-09T21:39:23.040Z,"38 km SSE of Golfo de Santa Clara, Mexico",earthquake,2.72,1.893,0.059,38,reviewed,us,us
2024-01-02T19:27:14.996Z,32.752,-100.648,8.0701,2.7,ml,25,80,0.1,0.2,tx,tx2024adia,2024-03-09T21:38:48.040Z,"16 km NE of Hermleigh, Texas",earthquake,0.641426192,1.228425578,0.1,21,reviewed,tx,tx
2024-01-02T15:04:29.846Z,31.562,-104.143,6.9028,2.7,ml,21,66,0,0.2,tx,tx2024aczj,2024-03-09T21:38:45.040Z,"43 km NW of Toyah, Texas",earthquake,0.97799582,0.809169941,0.2,15,reviewed,tx,tx
2023-12-29T17:49:35.715Z,37.8215,-114.2836,0.4,2.7,ml,10,179.01,0.736,0.147,nn,nn00870915,2024-03-02T21:39:30.040Z,"9 km ENE of Panaca, Nevada",earthquake,,3,0.53,6,reviewed,nn,nn
2023-12-23T04:15:31.220Z,43.2166,-71.4451,5,2.7,mb_lg,38,99,0.662,0.61,us,us7000ll0w,2024-04-17T03:55:37.799Z,"5 km SW of Chichester, New Hampshire",earthquake,1.1,1.979,0.12,18,reviewed,us,us
2023-12-20T18:47:31.131Z,45.0495,-106.7734,0,2.7,ml,10,107,1.684,0.33,us,us7000lkfd,2024-02-27T22:56:55.040Z,"31 km NNE of Sheridan, Wyoming",mining explosion,4.35,1.812,0.081,20,reviewed,us,us
2023-12-20T18:07:43.960Z,31.673,-104.328,7.9311,2.7,ml,27,57,0.1,0.2,tx,tx2023ywim,2024-02-27T22:57:02.040Z,"55 km S of Whites City, New Mexico",earthquake,0.837100666,1.032428824,0.2,21,reviewed,tx,tx
2023-12-20T02:46:21.816Z,44.1194,-115.0512,5,2.7,ml,29,75,0.148,0.76,us,us7000lk8a,2024-02-27T22:57:02.040Z,"14 km SW of Stanley, Idaho",earthquake,1.15,1.911,0.039,87,reviewed,us,us
2023-12-20T01:42:44.420Z,31.742,-104.119,7.5198,2.7,ml,26,58,0,0.2,tx,tx2023yvbz,2024-02-27T22:57:02.040Z,"49 km W of Mentone, Texas",earthquake,0.613841566,0.877933326,0.2,19,reviewed,tx,tx
2023-12-19T16:01:07.982Z,39.6231,-119.6351,6.3,2.7,ml,31,73.17,0.059,0.16,nn,nn00870310,2024-02-27T22:57:01.040Z,"6 km ESE of Spanish Springs, Nevada",earthquake,,1,0.28,10,reviewed,nn,nn
2023-12-18T11:06:09.868Z,43.0622,-101.7177,9.441,2.7,mb_lg,19,68,1.595,0.57,us,us7000lju6,2024-02-27T22:57:00.040Z,"12 km S of Martin, South Dakota",earthquake,1.83,7.719,0.228,5,reviewed,us,us
2023-12-16T08:28:01.268Z,32.758,-100.645,7.5321,2.7,ml,17,50,0.1,0.2,tx,tx2023yohi,2024-02-17T22:43:12.040Z,"17 km NE of Hermleigh, Texas",earthquake,0.793846382,1.233036842,0.1,12,reviewed,tx,tx
2023-12-13T02:40:18.057Z,44.7724,-114.4035,16.448,2.7,ml,54,27,0.458,0.54,us,us7000lijv,2024-02-17T22:43:07.040Z,"32 km NNW of Challis, Idaho",earthquake,1.77,7.061,0.038,93,reviewed,us,us
2023-12-06T07:05:15.684Z,31.652,-104.317,8.7024,2.7,ml,50,69,0,0.2,tx,tx2023xvxo,2024-02-10T23:47:37.040Z,western Texas,earthquake,0.833604865,0.82602655,0.1,28,reviewed,tx,tx
2023-12-05T09:06:27.663Z,31.743,-104.124,6.5943,2.7,ml,43,53,0,0.3,tx,tx2023xugb,2024-02-10T23:47:33.040Z,"49 km W of Mentone, Texas",earthquake,0.638624296,0.811603682,0.2,24,reviewed,tx,tx
2023-11-30T16:37:14.872Z,29.016,-98.306,8.388,2.7,ml,12,87,0.1,0.2,tx,tx2023xlrm,2024-02-06T21:53:51.040Z,"17 km ENE of Pleasanton, Texas",earthquake,1.995288285,2.829600441,0.1,15,reviewed,tx,tx
2023-11-28T06:46:59.895Z,31.677,-104.404,6.2601,2.7,ml(texnet),23,69,0,0.2,tx,tx2023xhha,2024-02-06T21:53:53.040Z,"55 km S of Whites City, New Mexico",earthquake,0.894874533,0.903977966,0,7,reviewed,tx,tx
2023-11-24T11:19:04.840Z,31.74,-104.111,6.2344,2.7,ml(texnet),14,53,0,0.1,tx,tx2023xahx,2024-02-01T15:13:43.040Z,"48 km W of Mentone, Texas",earthquake,0.602966531,0.711156838,0.1,19,reviewed,tx,tx
2023-11-23T15:22:02.358Z,37.064,-105.0114,3.918,2.7,ml,25,64,0.192,0.79,us,us6000lq9w,2024-02-01T15:13:43.040Z,"9 km SSE of Stonewall Gap, Colorado",earthquake,2.87,5.597,0.045,91,reviewed,us,us
2023-11-21T17:43:13.524Z,31.592,-104.549,3.3192,2.7,ml(texnet),9,163,0.1,0.2,tx,tx2023wvic,2024-02-01T15:13:42.040Z,"66 km SSW of Whites City, New Mexico",earthquake,0,2.221586858,0.2,7,automatic,tx,tx
2023-11-21T13:32:02.033Z,28.937,-98.145,7.5076,2.7,ml(texnet),17,84,0.2,0.3,tx,tx2023wuzu,2024-02-01T15:13:42.040Z,"13 km WSW of Falls City, Texas",earthquake,1.386812267,3.480533826,0.1,12,reviewed,tx,tx
2023-11-17T23:32:31.463Z,32.127,-101.114,5.3067,2.7,ml(texnet),12,58,0.2,0.2,tx,tx2023wolq,2024-01-26T16:37:51.040Z,"23 km E of Forsan, Texas",earthquake,1.558166732,2.524989541,0.1,30,reviewed,tx,tx
2023-11-17T07:08:49.947Z,35.24,-101.579,4.7931,2.7,ml(texnet),9,79,0.1,0.3,tx,tx2023wnfe,2024-01-26T16:37:47.040Z,"21 km WSW of Panhandle, Texas",earthquake,1.89672328,1.234054668,0.2,7,reviewed,tx,tx
2023-11-14T17:06:17.027Z,31.633,-103.977,4.859,2.7,ml(texnet),16,52,0,0.1,tx,tx2023wimi,2024-01-26T16:37:41.040Z,"36 km WSW of Mentone, Texas",earthquake,0.492296172,0.598581671,0.2,14,reviewed,tx,tx
2023-11-12T15:05:12.160Z,37.5171667,-118.7815,4.86,2.7,md,35,58,0.05708,0.04,nc,nc73962066,2024-01-26T16:37:39.040Z,"10 km WSW of Toms Place, CA",earthquake,0.29,0.6,0.134,55,reviewed,nc,nc
2023-11-09T15:58:22.009Z,31.632,-104.509,7.5712,2.7,ml(texnet),28,74,0,0.2,tx,tx2023vzgq,2024-01-13T23:10:54.040Z,"61 km SSW of Whites City, New Mexico",earthquake,1.110195207,0.637483587,0.1,18,reviewed,tx,tx
2023-11-09T05:42:09.502Z,31.668,-104.184,6.4015,2.7,ml(texnet),30,67,0.1,0.1,tx,tx2023vymg,2024-01-13T23:10:48.040Z,"53 km NW of Toyah, Texas",earthquake,0.391249026,0.602575905,0.2,14,reviewed,tx,tx
2023-11-09T04:58:20.866Z,31.669,-104.184,6.1316,2.7,ml(texnet),19,58,0.1,0.2,tx,tx2023vyku,2024-01-13T23:10:48.040Z,"54 km NW of Toyah, Texas",earthquake,0.59814786,1.251812091,0.1,32,reviewed,tx,tx
2023-11-05T06:20:14.330Z,31.668,-104.497,5.9773,2.7,ml(texnet),14,67,0,0.2,tx,tx2023vrfn,2024-01-13T23:10:03.040Z,"57 km SSW of Whites City, New Mexico",earthquake,1.9703096,1.213722689,0.1,32,reviewed,tx,tx
2023-11-03T09:51:24.210Z,32.497,-102.291,3.7905,2.7,ml(texnet),15,64,0.1,0.3,tx,tx2023vnvm,2024-01-10T06:01:47.040Z,"31 km NE of Andrews, Texas",earthquake,1.389577639,2.02283693,0.2,11,reviewed,tx,tx
2023-10-30T13:09:22.107Z,38.1462,-117.8758,12.8,2.7,ml,14,73.07,0.101,0.154,nn,nn00868136,2024-01-10T06:01:17.040Z,"33 km SE of Mina, Nevada",earthquake,,0.8,0.39,8,reviewed,nn,nn
2023-10-29T07:33:01.446Z,44.2595,-115.0701,10,2.7,ml,36,67,0.222,0.41,us,us7000l7cd,2024-01-10T06:01:08.040Z,"11 km WNW of Stanley, Idaho",earthquake,2.66,2.001,0.052,48,reviewed,us,us
2023-10-29T03:03:59.910Z,34.151,-117.5158333,10.73,2.7,ml,131,15,0.03436,0.2,ci,ci40590512,2024-01-10T06:01:07.040Z,"7 km ENE of Rancho Cucamonga, CA",earthquake,0.11,0.22,0.185,191,reviewed,ci,ci
2023-10-28T10:11:35.366Z,32.747,-100.651,7.4587,2.7,ml(texnet),22,64,0.1,0.2,tx,tx2023vcxg,2024-01-04T04:22:37.040Z,"16 km NE of Hermleigh, Texas",earthquake,0.728439441,1.668258125,0,7,reviewed,tx,tx
2023-10-28T06:25:38.180Z,39.5353,-118.4203,9.3,2.7,ml,10,101.47,0.324,0.1462,nn,nn00868046,2024-01-04T04:22:35.040Z,"28 km ENE of Fallon Station, Nevada",earthquake,,2.5,0.38,5,reviewed,nn,nn
2023-10-19T08:53:46.036Z,43.6437,-97.0323,8.707,2.7,ml,11,56,0.316,0.46,us,us6000lgjc,2023-12-26T21:24:37.040Z,"3 km E of Humboldt, South Dakota",earthquake,3.19,7.76,0.148,6,reviewed,us,us
2023-10-16T01:34:10.039Z,42.6021,-111.455,5,2.7,ml,31,91,0.308,0.18,us,us6000lftl,2023-12-26T21:24:21.040Z,"13 km ESE of Soda Springs, Idaho",earthquake,1.3,1.836,0.031,134,reviewed,us,us
2023-10-15T19:52:11.602Z,39.6305,-119.6182,8.7,2.7,ml,27,92.43,0.151,0.1493,nn,nn00867360,2023-12-26T21:24:19.040Z,"7 km ESE of Spanish Springs, Nevada",earthquake,,1.8,0.27,8,reviewed,nn,nn
2023-10-15T10:00:54.115Z,37.9678,-117.9161,0,2.7,ml,10,63.86,0.197,0.1331,nn,nn00867338,2023-12-26T21:24:19.040Z,"34 km NW of Silver Peak, Nevada",earthquake,,0,0.13,7,reviewed,nn,nn
2023-10-14T05:56:30.763Z,42.9529,-111.5106,6.487,2.7,ml,44,67,0.067,0.48,us,us6000lfhi,2023-12-16T22:13:08.040Z,"34 km NNE of Soda Springs, Idaho",earthquake,1.28,6.365,0.041,78,reviewed,us,us
2023-10-14T03:40:12.538Z,42.9716,-111.4993,5,2.7,ml,37,67,0.066,0.55,us,us6000lfh3,2023-12-16T22:13:08.040Z,"36 km NNE of Soda Springs, Idaho",earthquake,1.83,1.969,0.033,118,reviewed,us,us
2023-10-13T17:19:21.667Z,42.951,-111.4996,1.524,2.7,ml,72,54,0.059,0.59,us,us6000lfdb,2023-12-16T22:13:08.040Z,"34 km NNE of Soda Springs, Idaho",earthquake,1.39,2.111,0.033,118,reviewed,us,us
2023-10-12T01:34:02.260Z,38.6881667,-122.5043333,6.63,2.7,md,95,44,0.06647,0.14,nc,nc73946265,2023-12-16T22:13:07.040Z,"12 km SE of Middletown, CA",earthquake,0.13,0.35,0.172,110,reviewed,nc,nc
2023-10-11T14:48:55.005Z,38.1815,-117.7594,10.3,2.7,ml,13,67.57,0.112,0.1449,nn,nn00867144,2023-12-16T22:13:07.040Z,"38 km SE of Mina, Nevada",earthquake,,1.2,0.37,9,reviewed,nn,nn
2023-10-10T12:09:11.371Z,32.3685,-104.4707,9.424,2.7,ml,32,90,0.512,0.35,us,us6000leh6,2023-12-16T22:13:06.040Z,"23 km NNW of Whites City, New Mexico",earthquake,1.91,8.389,0.059,72,reviewed,us,us
2023-10-10T01:53:35.746Z,31.4853,-115.6373,14.041,2.7,ml,46,69,0.157,0.52,us,us6000leew,2023-12-16T22:13:05.040Z,"60 km ENE of San Vicente, Mexico",earthquake,0.95,6.224,0.059,38,reviewed,us,us
2023-10-10T01:24:03.879Z,32.407,-102.036,8.8282,2.7,ml(texnet),27,58,0.1,0.1,tx,tx2023tviq,2023-12-16T22:13:06.040Z,"32 km WSW of Ackerly, Texas",earthquake,0.957943566,1.998260483,0.1,7,reviewed,tx,tx
2023-10-07T16:20:08.105Z,30.855,-103.491,7.3913,2.7,ml(texnet),16,72,0.2,0.1,tx,tx2023tqzr,2023-12-14T21:26:50.040Z,western Texas,earthquake,1.189728567,3.193684235,0.2,18,reviewed,tx,tx
2023-10-05T04:35:44.659Z,31.605,-103.944,7.3913,2.7,ml(texnet),15,49,0,0.1,tx,tx2023tmll,2023-12-14T21:26:53.040Z,western Texas,earthquake,0.62582136,0.788816551,0.1,16,reviewed,tx,tx
2023-10-05T01:03:33.558Z,31.616,-104.491,8.5224,2.7,ml(texnet),46,69,0.1,0.2,tx,tx2023tmel,2023-12-14T21:26:52.040Z,"62 km S of Whites City, New Mexico",earthquake,1.050475608,1.219505494,0.1,37,reviewed,tx,tx
2023-10-04T06:01:38.559Z,31.613,-103.978,7.0571,2.7,ml(texnet),15,56,0,0.1,tx,tx2023tksu,2023-12-14T21:26:52.040Z,"37 km WSW of Mentone, Texas",earthquake,0.599106666,1.046916478,0.1,33,reviewed,tx,tx
2023-10-04T02:48:51.896Z,32.679,-100.691,6.9941,2.7,ml(texnet),13,83,0,0.1,tx,tx2023tkml,2023-12-14T21:26:52.040Z,western Texas,earthquake,1.066806863,1.573580112,0.1,23,reviewed,tx,tx
2023-10-02T04:55:20.370Z,36.8023333,-121.5421667,7.12,2.7,md,79,23,0.02651,0.16,nc,nc73944421,2023-12-14T21:26:51.040Z,"5 km S of San Juan Bautista, CA",earthquake,0.16,0.26,0.105,130,reviewed,nc,nc
2023-09-28T15:55:43.483Z,31.603,-104.564,6.4658,2.7,ml(texnet),23,77,0.1,0.2,tx,tx2023tanj,2024-01-18T20:58:25.915Z,"65 km SSW of Whites City, New Mexico",earthquake,1.984926892,1.776621523,0.1,7,reviewed,tx,tx
2023-09-27T20:21:21.600Z,44.4155,-115.13,10,2.7,ml,17,44,0.714,0.99,us,us6000lb7g,2023-12-09T22:00:40.040Z,"26 km NW of Stanley, Idaho",earthquake,1.69,1.989,0.055,44,reviewed,us,us
2023-09-24T23:59:29.388Z,45.7301,-73.4849,5.178,2.7,mb_lg,32,82,0.249,0.58,us,us7000kxw7,2023-12-09T22:00:45.040Z,"1 km N of Charlemagne, Canada",earthquake,5.2,7.726,0.117,19,reviewed,us,us
2023-09-24T07:11:42.633Z,31.678,-104.52,5.4889,2.7,ml(texnet),29,146,0,0.3,tx,tx2023ssob,2024-01-18T20:57:32.186Z,"56 km SSW of Whites City, New Mexico",earthquake,1.063387978,0.554554154,0.2,19,reviewed,tx,tx
2023-09-23T16:36:41.177Z,31.498,-103.581,4.8205,2.7,ml(texnet),20,71,0.1,0.3,tx,tx2023srle,2023-12-02T23:01:11.040Z,western Texas,earthquake,1.197062793,1.247607921,0.3,12,reviewed,tx,tx
2023-09-23T11:59:56.558Z,37.1985,-114.6956,0,2.7,ml,12,121.76,0.351,0.1064,nn,nn00866289,2023-12-02T23:01:11.040Z,"45 km ESE of Alamo, Nevada",earthquake,,0,0.36,9,reviewed,nn,nn
2023-09-14T09:46:44.040Z,35.4138333,-117.1861667,1.82,2.7,ml,29,81,0.183,0.12,ci,ci39664754,2023-11-18T22:29:34.040Z,"41 km E of Johannesburg, CA",earthquake,0.18,0.72,0.139,111,reviewed,ci,ci
2023-09-13T05:18:31.195Z,31.62901529,-104.3635558,6.851391602,2.7,ml,18,76,0.064429581,0.1,tx,tx2023ryhu,2023-11-18T22:29:33.040Z,"60 km S of Whites City, New Mexico",earthquake,0.961058656,1.219660307,0,6,reviewed,tx,tx
2023-09-04T15:59:03.813Z,31.67983578,-104.5260411,6.388647461,2.7,ml,47,147,0.024305752,0.2,tx,tx2023rirj,2023-11-17T19:47:49.040Z,"56 km SSW of Whites City, New Mexico",earthquake,0.913606081,0.499617111,0.1,31,reviewed,tx,tx
2023-09-03T07:48:46.117Z,31.60373983,-103.9352931,6.915661621,2.7,ml,25,46,0.038341483,0.2,tx,tx2023rgfs,2023-11-17T19:47:48.040Z,"33 km WSW of Mentone, Texas",earthquake,0.436769811,0.484274386,0.2,13,reviewed,tx,tx
2023-09-02T20:21:54.718Z,32.0038481,-103.8302184,6.607165527,2.7,ml,25,48,0.02488819,0.2,tx,tx2023rfjb,2023-11-04T21:36:19.040Z,"33 km SE of Malaga, New Mexico",earthquake,0.427348474,0.532945083,0.1,13,reviewed,tx,tx
2023-09-02T06:07:45.626Z,31.60789016,-103.9685271,8.342456055,2.7,ml,17,66,0.002827189,0.1,tx,tx2023regw,2023-11-04T21:36:17.040Z,"36 km NNW of Toyah, Texas",earthquake,0.557412518,0.533333489,0.1,8,reviewed,tx,tx
2023-08-30T11:40:38.537Z,32.00167485,-103.8254851,8.136791992,2.7,ml,21,54,0.020519599,0.1,tx,tx2023qzfj,2023-11-04T21:35:50.040Z,"33 km SE of Malaga, New Mexico",earthquake,0.694435062,0.778922215,0.1,41,reviewed,tx,tx
2023-08-27T18:01:06.903Z,37.0186,-105.0025,5,2.7,ml,11,86,0.204,0.35,us,us7000krda,2023-11-04T21:35:37.040Z,"15 km SSE of Stonewall Gap, Colorado",earthquake,1.75,1.623,0.057,56,reviewed,us,us
2023-08-25T13:37:33.020Z,37.426,-118.5366667,7.87,2.7,md,31,62,0.1688,0.06,nc,nc73928376,2023-10-28T19:15:37.040Z,"6 km ENE of Round Valley, CA",earthquake,0.29,1.72,0.145,47,reviewed,nc,nc
2023-08-22T06:18:27.919Z,31.61059383,-103.9852154,6.799975586,2.7,ml,13,59,0.013969664,0.1,tx,tx2023qkeu,2023-10-28T19:15:34.040Z,"37 km NNW of Toyah, Texas",earthquake,1.121479388,1.051441511,0.1,29,reviewed,tx,tx
2023-08-22T02:46:57.136Z,28.90777588,-97.61546415,3.00793457,2.7,ml,20,111,0.051953752,0.4,tx,tx2023qjxs,2023-10-28T19:15:34.040Z,"1 km SSW of Nordheim, Texas",earthquake,1.523344404,2.383999096,0.2,5,reviewed,tx,tx
2023-08-20T23:57:19.156Z,31.66845374,-104.3773531,4.897583008,2.7,ml,17,57,0.043052613,0.1,tx,tx2023qhws,2023-10-28T19:15:33.040Z,"56 km S of Whites City, New Mexico",earthquake,0.82502449,1.085232598,0.1,21,reviewed,tx,tx
2023-08-19T17:30:26.339Z,31.6657674,-104.3660257,5.977319336,2.7,ml,33,66,0.053077349,0.3,tx,tx2023qfoh,2023-10-27T21:39:04.040Z,"56 km S of Whites City, New Mexico",earthquake,1.003527306,0.864347597,0.2,14,reviewed,tx,tx
2023-08-19T17:29:41.574Z,31.67470372,-104.3701405,5.591699219,2.7,ml,14,59,0.047861587,0.1,tx,tx2023qfok,2023-10-27T21:39:04.040Z,"55 km S of Whites City, New Mexico",earthquake,0.882658437,1.23469905,0.1,25,reviewed,tx,tx
2023-08-18T18:20:17.371Z,44.2901,-114.8301,13.104,2.7,ml,36,94,0.576,0.6,us,us7000kpax,2023-10-27T21:39:04.040Z,"11 km NE of Stanley, Idaho",earthquake,2.34,7.432,0.037,96,reviewed,us,us
2023-08-16T00:01:59.300Z,31.68130116,-104.380696,6.131567383,2.7,ml,41,68,0.038545919,0.2,tx,tx2023pyth,2023-10-27T21:39:02.040Z,"54 km S of Whites City, New Mexico",earthquake,0.707651945,0.698188664,0,7,reviewed,tx,tx
2023-08-14T12:04:20.133Z,31.68399314,-104.390949,6.234399414,2.7,ml,54,65,0.04474048,0.2,tx,tx2023pwac,2023-10-27T21:39:01.040Z,"54 km S of Whites City, New Mexico",earthquake,0.705157757,0.826325737,0.1,32,reviewed,tx,tx
2023-08-12T11:03:45.021Z,31.73062341,-103.9615245,7.159887695,2.7,ml,21,39,0.015246151,0.1,tx,tx2023pshd,2023-10-17T22:01:31.040Z,"34 km W of Mentone, Texas",earthquake,0.867567705,1.018662831,0.1,39,reviewed,tx,tx
2023-08-11T22:43:42.320Z,32.4283333,-115.4853333,11.07,2.7,ml,37,56,0.1361,0.26,ci,ci40534808,2023-10-17T22:01:30.040Z,"19 km SSE of Progreso, B.C., MX",earthquake,0.27,0.73,0.235,25,reviewed,ci,ci
2023-08-09T03:41:00.814Z,44.6569,-114.3656,10,2.7,ml,46,66,0.36,0.78,us,us6000kysm,2023-10-17T22:01:28.040Z,"19 km NNW of Challis, Idaho",earthquake,1.83,1.646,0.04,82,reviewed,us,us
2023-08-08T18:21:00.560Z,32.372,-115.1196667,16.95,2.7,ml,16,75,0.07642,0.2,ci,ci40531952,2023-10-17T22:01:28.040Z,"7 km ENE of Delta, B.C., MX",earthquake,0.46,0.75,0.122,25,reviewed,ci,ci
2023-08-08T15:55:19.467Z,31.6521,-104.3933,5,2.7,ml,32,66,0.033,0.37,us,us6000kynp,2023-10-17T22:01:28.040Z,"58 km S of Whites City, New Mexico",earthquake,1.24,1.66,0.056,62,reviewed,us,us
2023-08-08T09:44:18.392Z,38.1714,-117.9992,7.2,2.7,ml,13,68.66,0.03,0.1597,nn,nn00864131,2023-10-17T22:01:27.040Z,"26 km SSE of Mina, Nevada",earthquake,,1.2,0.38,8,reviewed,nn,nn
2023-08-04T16:19:22.638Z,31.68906913,-104.3877638,7.159887695,2.7,ml,46,67,0.050081892,0.2,tx,tx2023pebl,2024-01-18T20:38:05.129Z,"53 km S of Whites City, New Mexico",earthquake,0.690428603,0.92516839,0,7,reviewed,tx,tx
2023-08-02T15:54:43.132Z,44.0851,-105.4437,0,2.7,ml,17,123,1.015,0.53,us,us6000kxcm,2023-10-07T21:38:54.040Z,"15 km S of Antelope Valley-Crestview, Wyoming",mining explosion,6.44,1.701,0.066,34,reviewed,us,us
2023-07-26T11:06:13.156Z,31.59886894,-104.5055696,6.157275391,2.7,ml,11,144,0.069970373,0.1,tx,tx2023onfp,2023-09-30T21:36:31.040Z,"65 km S of Whites City, New Mexico",earthquake,2.224551142,1.650774526,0.1,6,reviewed,tx,tx
2023-07-23T11:29:43.301Z,31.732936,-104.5540647,5.46315918,2.7,ml,40,151,0.02620104,0.1,tx,tx2023ohtw,2023-09-30T21:36:38.040Z,"51 km SSW of Whites City, New Mexico",earthquake,1.599624648,0.851390506,0.2,37,reviewed,tx,tx
2023-07-22T09:38:54.357Z,31.66508308,-104.3652124,6.157275391,2.7,ml,24,69,0.057660078,0.1,tx,tx2023ofus,2023-09-28T21:34:08.040Z,"56 km S of Whites City, New Mexico",earthquake,1.037668702,1.573004327,0,7,reviewed,tx,tx
2023-07-22T07:26:41.762Z,31.68052088,-104.4296804,5.668823242,2.7,ml,16,74,0.024444663,0.2,tx,tx2023ofqj,2023-09-28T21:34:07.040Z,"55 km S of Whites City, New Mexico",earthquake,1.054525266,1.061622298,0.1,7,reviewed,tx,tx
2023-07-22T02:18:49.661Z,29.38751221,-97.42313879,2.518839518,2.7,ml,14,74,0.191480373,0.3,tx,tx2023ofgf,2023-09-28T21:34:06.040Z,"12 km SSE of Gonzales, Texas",earthquake,2.968775843,2.279434413,0.2,6,reviewed,tx,tx
2023-07-16T21:16:09.611Z,31.67426702,-104.2027177,6.465771484,2.7,ml,21,62,0.053077373,0.1,tx,tx2023nvsr,2023-09-28T21:33:32.040Z,"55 km NW of Toyah, Texas",earthquake,0.815135975,0.935827618,0.1,7,reviewed,tx,tx
2023-07-16T02:04:52.963Z,31.61279927,-103.9783664,7.352697754,2.7,ml,20,53,0.008394186,0.1,tx,tx2023nugs,2023-09-28T21:33:23.040Z,"37 km WSW of Mentone, Texas",earthquake,0.381387262,0.352901188,0.1,10,reviewed,tx,tx
2023-07-15T11:30:59.945Z,31.6757,-104.2817,5,2.7,ml,21,70,0.187,0.47,us,us7000kfys,2023-09-16T19:16:17.040Z,"56 km S of Whites City, New Mexico",earthquake,1.09,1.682,0.07,39,reviewed,us,us
2023-07-12T08:17:29.403Z,31.68425588,-104.1563514,6.350085449,2.7,ml,51,52,0.073086718,0.2,tx,tx2023nnkz,2023-09-16T19:16:11.040Z,western Texas,earthquake,0.473113677,0.580358296,0,7,reviewed,tx,tx
2023-07-05T17:37:42.746Z,31.68714375,-104.1530049,8.496704102,2.7,ml,46,51,0.070030789,0.2,tx,tx2023nbiz,2023-09-09T21:54:49.040Z,"52 km W of Mentone, Texas",earthquake,0.616116777,0.763663087,0.1,25,reviewed,tx,tx
2023-07-04T01:28:26.238Z,38.5372,-118.1562,7.4,2.7,ml,15,61.23,0.364,0.1749,nn,nn00862105,2023-09-09T21:54:44.040Z,"16 km NNW of Mina, Nevada",earthquake,,1.4,0.23,9,reviewed,nn,nn
2023-07-03T20:09:52.913Z,38.5408,-118.1561,7.6,2.7,ml,12,61.07,0.367,0.174,nn,nn00862098,2023-09-09T21:54:42.040Z,"17 km NNW of Mina, Nevada",earthquake,,1.9,0.28,8,reviewed,nn,nn
2023-07-02T22:45:33.332Z,31.52915022,-104.0133316,8.650952148,2.7,ml,62,57,0.035238423,0.3,tx,tx2023mwgr,2023-09-09T21:54:38.040Z,"31 km NW of Toyah, Texas",earthquake,0.77926704,0.714319189,0.1,27,reviewed,tx,tx
2023-07-02T10:03:13.446Z,31.505,-104.5154,5,2.7,ml,26,81,0.164,0.45,us,us6000kplf,2023-09-09T21:54:36.040Z,western Texas,earthquake,2.7,1.939,0.105,56,reviewed,us,us
2023-06-27T02:58:11.013Z,44.3323,-115.1577,10,2.7,ml,34,108,0.8,0.58,us,us6000knc5,2023-09-08T14:18:23.040Z,"21 km NW of Stanley, Idaho",earthquake,1.69,2.013,0.039,88,reviewed,us,us
2023-06-26T15:31:23.770Z,34.1373333,-117.4208333,6.61,2.7,ml,99,16,0.0405,0.18,ci,ci40495808,2023-09-08T14:18:42.040Z,"6km NE of Fontana, CA",earthquake,0.14,0.37,0.211,24,reviewed,ci,ci
2023-06-25T19:35:15.960Z,33.818,-117.0006667,13.29,2.7,ml,119,17,0.02905,0.17,ci,ci40495112,2023-09-08T14:18:40.040Z,"5km NW of San Jacinto, CA",earthquake,0.1,0.29,0.25,25,reviewed,ci,ci
2023-06-20T21:24:17.316Z,29.13848877,-97.70025276,8.779256185,2.7,ml,14,77,0.064246086,0.2,tx,tx2023mafx,2023-08-26T20:54:24.040Z,"15 km SSE of Nixon, Texas",earthquake,1.462589261,2.413307534,0.2,10,reviewed,tx,tx
2023-06-20T20:52:08.478Z,31.52480915,-104.1740107,6.28581543,2.7,ml,20,74,0.067487355,0.2,tx,tx2023maev,2023-08-26T20:54:24.040Z,"43 km WNW of Toyah, Texas",earthquake,0.863850692,1.230297517,0.2,15,reviewed,tx,tx
2023-06-10T11:42:26.050Z,33.9555,-117.7156667,13.4,2.7,ml,127,15,0.05188,0.21,ci,ci40482456,2023-08-12T17:15:15.040Z,"6km SE of Chino Hills, CA",earthquake,0.13,0.29,0.164,75,reviewed,ci,ci
2023-06-09T16:03:24.304Z,32.83172607,-100.5458032,6.48050944,2.7,ml,21,78,0.043409413,0.2,tx,tx2023lfsu,2023-08-12T17:15:13.040Z,"7 km WSW of Rotan, Texas",earthquake,0.972520102,1.349025917,0.1,14,reviewed,tx,tx
2023-06-09T15:36:10.453Z,31.49183669,-104.037328,6.28581543,2.7,ml,18,67,0.045438024,0.2,tx,tx2023lfrx,2023-08-12T17:15:13.040Z,"30 km NW of Toyah, Texas",earthquake,1.217140331,1.012528885,0.1,28,reviewed,tx,tx
2023-06-07T10:55:48.024Z,31.95073992,-103.3367116,6.902807617,2.7,ml,13,83,0.039785157,0.1,tx,tx2023lbro,2023-08-12T17:15:07.040Z,"22 km SW of Jal, New Mexico",earthquake,0.922440265,0.774364822,0.2,12,reviewed,tx,tx
2023-06-06T23:20:12.910Z,31.5678333,-116.0745,10.95,2.7,ml,12,87,0.267,0.21,ci,ci40479672,2023-08-12T17:15:06.040Z,"49km ESE of Maneadero, B.C., MX",earthquake,1.33,4.24,0.122,66,reviewed,ci,ci
2023-06-06T07:07:56.303Z,37.4152,-117.0927,14.1,2.7,ml,34,115.26,0.367,0.1803,nn,nn00860898,2023-08-12T17:15:04.040Z,"34 km SSE of Goldfield, Nevada",earthquake,,1,0.45,17,reviewed,nn,nn
2023-05-30T07:31:32.210Z,47.90483333,-124.2413333,-0.23,2.7,ml,27,84,0.1114,0.37,uw,uw61920282,2023-08-05T22:07:40.040Z,"11 km ESE of Forks, Washington",earthquake,0.5,1.14,0.146838747,21,reviewed,uw,uw
2023-05-29T06:57:52.971Z,31.74043255,-104.2503114,7.314135742,2.7,ml,20,67,0.015914522,0.2,tx,tx2023kkyg,2023-08-05T22:07:38.040Z,"49 km SSE of Whites City, New Mexico",earthquake,0.931234843,0.740410262,0.1,15,reviewed,tx,tx
2023-05-28T11:46:39.720Z,31.65996641,-104.2572505,6.388647461,2.7,ml,23,66,0.120367438,0.3,tx,tx2023kjmh,2023-08-05T22:07:37.040Z,"58 km S of Whites City, New Mexico",earthquake,1.112222208,1.36697323,0.2,18,reviewed,tx,tx
2023-05-26T05:34:58.885Z,31.61466608,-103.9694983,6.889953613,2.7,ml,15,50,0.004012249,0.1,tx,tx2023kfiz,2023-07-29T22:00:39.040Z,"36 km WSW of Mentone, Texas",earthquake,0.450843127,0.502152505,0.1,25,reviewed,tx,tx
2023-05-24T01:12:14.664Z,31.62079716,-103.9562095,7.314135742,2.7,ml,23,50,0.014777664,0.1,tx,tx2023kbji,2023-07-29T22:00:33.040Z,"35 km WSW of Mentone, Texas",earthquake,0.678964115,0.72832632,0,6,reviewed,tx,tx
2023-05-23T17:33:34.192Z,37.2674,-117.5828,12.634,2.7,ml,74,38,0.061,0.47,us,us7000k3av,2023-07-29T22:00:31.040Z,"54 km S of Silver Peak, Nevada",earthquake,0.65,5.76,0.029,153,reviewed,us,us
2023-05-21T08:55:13.813Z,38.1544,-117.884,7.1,2.7,ml,36,68.85,0.091,0.2959,nn,nn00859915,2023-07-29T22:00:25.040Z,"32 km SE of Mina, Nevada",earthquake,,1.2,0.79,20,reviewed,nn,nn
2023-05-13T05:44:05.518Z,31.61667063,-104.1859122,2.943774414,2.7,ml,18,61,0.064157221,0.1,tx,tx2023jhpt,2023-07-22T19:17:15.040Z,"50 km NW of Toyah, Texas",earthquake,0.925963189,1.468389792,0.1,27,reviewed,tx,tx
2023-05-12T07:40:00.038Z,31.61039422,-104.1000667,8.625244141,2.7,ml,33,52,0.037155875,0.2,tx,tx2023jfyb,2023-07-22T19:16:59.040Z,"43 km NW of Toyah, Texas",earthquake,0.716165176,0.688025557,0.2,19,reviewed,tx,tx
2023-05-09T17:07:30.545Z,31.61101753,-103.9959764,8.136791992,2.7,ml,16,39,0.020559028,0.1,tx,tx2023jbeh,2023-07-22T19:16:31.040Z,"38 km NNW of Toyah, Texas",earthquake,0.649793301,0.853791454,0.2,30,reviewed,tx,tx
2023-05-06T13:35:06.934Z,31.61422667,-104.510836,8.085375977,2.7,ml,70,74,0.055138951,0.2,tx,tx2023ivku,2023-07-15T22:10:07.040Z,"63 km SSW of Whites City, New Mexico",earthquake,0.901554812,0.716129754,0.1,42,reviewed,tx,tx
2023-05-05T01:24:18.457Z,29.11834717,-97.73747702,0.024454753,2.7,ml,22,62,0.086190291,0.2,tx,tx2023isre,2023-07-15T22:09:44.040Z,Southern Texas,earthquake,0.733173091,1.778263557,0.1,18,reviewed,tx,tx
2023-05-04T22:11:03.012Z,29.11834717,-97.73540901,0.024454753,2.7,ml,13,61,0.087427994,0.1,tx,tx2023isku,2023-07-15T22:09:48.040Z,"16 km S of Nixon, Texas",earthquake,0.848937372,1.781188165,0.1,16,reviewed,tx,tx
2023-05-01T16:59:04.753Z,31.57812796,-104.1727475,6.799975586,2.7,ml,28,62,0.040071726,0.1,tx,tx2023imoa,2023-07-15T22:10:47.040Z,"46 km NW of Toyah, Texas",earthquake,0.577725774,0.596162991,0.2,23,reviewed,tx,tx
2023-04-29T13:59:02.494Z,37.1912,-104.7476,6.296,2.7,mb_lg,7,110,0.075,0.22,us,us7000jwyr,2023-07-11T01:44:34.040Z,"7 km N of Segundo, Colorado",earthquake,2.34,1.716,0.161,24,reviewed,us,us
2023-04-28T08:05:07.918Z,31.65757734,-104.2739176,8.239624023,2.7,ml,52,66,0.016012987,0.2,tx,tx2023igjw,2023-07-11T01:44:31.040Z,"58 km S of Whites City, New Mexico",earthquake,0.655494633,0.770232951,0.1,29,reviewed,tx,tx
2023-04-21T14:56:32.892Z,31.56370808,-104.1605551,8.470996094,2.7,ml,23,69,0.033030492,0.2,tx,tx2023hucx,2023-07-03T02:46:48.040Z,"44 km NW of Toyah, Texas",earthquake,0.835095513,0.856864946,0.1,19,reviewed,tx,tx
2023-04-17T19:26:57.567Z,31.66158037,-104.2976314,7.314135742,2.7,ml,20,58,0.101353479,0.2,tx,tx2023hndv,2023-07-03T02:47:26.040Z,"57 km S of Whites City, New Mexico",earthquake,0.988236743,1.660048474,0.1,22,reviewed,tx,tx
2023-04-17T00:30:44.128Z,31.65680412,-104.3662173,9.447900391,2.7,ml,40,58,0.056118069,0.3,tx,tx2023hlsj,2023-07-03T02:47:38.040Z,"57 km S of Whites City, New Mexico",earthquake,1.175298487,1.692270964,0.1,23,reviewed,tx,tx
2023-04-12T16:51:27.331Z,44.3561,-115.183,10,2.7,ml,45,38,0.782,0.66,us,us6000k3vf,2023-06-17T21:36:48.040Z,"24 km NW of Stanley, Idaho",earthquake,2.33,2.011,0.042,74,reviewed,us,us
2024-03-25T08:25:39.290Z,36.3013333,-119.6953333,23.15,2.71,md,68,39,0.1088,0.25,nc,nc74023526,2024-03-28T22:46:53.974Z,"2 km SE of Armona, CA",earthquake,0.26,0.24,0.174,106,reviewed,nc,nc
2024-03-25T06:58:26.060Z,40.5208333,-124.3845,18.28,2.71,md,35,220,0.05771,0.09,nc,nc74023506,2024-03-27T07:59:32.040Z,"12 km WSW of Ferndale, CA",earthquake,0.4,0.25,0.113,48,reviewed,nc,nc
2024-02-21T09:06:29.850Z,39.4925,-122.947,9.43,2.71,md,61,30,0.1837,0.12,nc,nc74005466,2024-04-03T04:21:51.040Z,"9 km N of Lake Pillsbury, CA",earthquake,0.14,0.56,0.246,99,reviewed,nc,nc
2024-01-14T17:02:22.840Z,33.4226667,-116.6286667,7.97,2.71,ml,120,17,0.07517,0.23,ci,ci40459743,2024-03-16T18:59:03.040Z,"15 km SSE of Anza, CA",earthquake,0.12,0.4,0.195,24,reviewed,ci,ci
2024-01-05T18:38:35.100Z,37.352,-119.8491667,27.9,2.71,md,11,87,0.1077,0.08,nc,nc73985486,2024-03-09T21:39:37.040Z,"11 km W of Ahwahnee, CA",earthquake,0.69,0.84,0.161,65,reviewed,nc,nc
2023-12-29T14:30:53.490Z,35.7446667,-121.2485,4.99,2.71,md,60,179,0.09915,0.07,nc,nc73982676,2024-03-02T21:39:33.040Z,"12 km NNW of San Simeon, CA",earthquake,0.21,0.51,0.122,64,reviewed,nc,nc
2023-12-11T06:58:13.680Z,32.7726667,-115.4433333,15.34,2.71,ml,48,33,0.03269,0.28,ci,ci40619024,2024-02-17T22:43:06.040Z,"7 km SW of Holtville, CA",earthquake,0.29,0.48,0.135,58,reviewed,ci,ci
2023-11-15T19:20:45.520Z,36.4593333,-121.0343333,7.9,2.71,md,65,118,0.01948,0.08,nc,nc73963286,2024-01-26T16:37:32.040Z,"13 km SE of Pinnacles, CA",earthquake,0.16,0.28,0.15,99,reviewed,nc,nc
2023-11-15T02:22:23.890Z,36.4606667,-121.0396667,8.15,2.71,md,69,116,0.01571,0.08,nc,nc73963016,2024-01-26T16:37:33.040Z,"12 km SE of Pinnacles, CA",earthquake,0.15,0.26,0.13,134,reviewed,nc,nc
2023-11-11T05:11:50.760Z,40.312,-111.0738333,10.87,2.71,ml,39,60,0.3275,0.21,uu,uu60554027,2024-01-13T23:11:31.040Z,Utah,earthquake,0.36,0.67,0.18,18,reviewed,uu,uu
2023-10-25T08:28:56.270Z,37.4945,-118.8046667,6.53,2.71,md,31,84,0.08554,0.04,nc,nc73951105,2024-01-04T04:22:10.040Z,"13 km SW of Toms Place, CA",earthquake,0.37,0.79,0.121,60,reviewed,nc,nc
2023-10-11T15:35:45.660Z,34.072,-118.1051667,10.18,2.71,ml,111,24,0.02539,0.18,ci,ci40581104,2024-02-10T03:04:09.425Z,"2 km ENE of Monterey Park, CA",earthquake,0.13,0.22,0.172,22,reviewed,ci,ci
2023-09-22T08:19:17.179Z,36.41533333,-96.87583333,7.32,2.71,ml,95,58,0,0.24,ok,ok2023sozh,2023-12-02T23:01:09.040Z,"10 km NW of Pawnee, Oklahoma",earthquake,,0.3,0.24,33,reviewed,ok,ok
2023-09-19T22:30:03.350Z,34.47283333,-97.775,13.92,2.71,ml,78,48,0.13677316,0.44,ok,ok2023skov,2023-12-02T23:01:08.040Z,"9 km W of Velma, Oklahoma",earthquake,,1.6,0.22,24,reviewed,ok,ok
2023-09-15T18:02:26.810Z,40.231,-121.1586667,0.03,2.71,md,62,32,0.2421,0.19,nc,nc73937126,2023-11-18T22:29:35.040Z,"2 km NE of Almanor, CA",earthquake,0.21,1.57,0.164,83,reviewed,nc,nc
2023-09-10T14:28:43.200Z,33.2341667,-116.7765,11.77,2.71,ml,102,13,0.01498,0.2,ci,ci39662258,2023-11-18T22:29:32.040Z,"2 km SW of Lake Henshaw, CA",earthquake,0.13,0.47,0.172,117,reviewed,ci,ci
2023-08-22T12:33:01.650Z,34.4155,-119.1696667,13.18,2.71,ml,77,26,0.03411,0.32,ci,ci39647354,2023-10-28T19:15:34.040Z,"8 km ESE of Ojai, CA",earthquake,0.27,0.83,0.16,24,reviewed,ci,ci
2023-08-21T05:26:37.230Z,34.4103333,-119.195,1.96,2.71,ml,75,50,0.05443,0.31,ci,ci39646114,2023-10-28T19:15:33.040Z,"6 km SE of Ojai, CA",earthquake,0.21,0.42,0.206,11,reviewed,ci,ci
2023-07-27T06:51:02.060Z,40.4715,-124.5118333,26.21,2.71,md,42,228,0.1331,0.12,nc,nc73917221,2023-09-30T21:36:32.040Z,"24 km WSW of Ferndale, CA",earthquake,0.51,0.44,0.216,54,reviewed,nc,nc
2023-07-06T09:50:51.970Z,36.716,-80.72533333,0.08,2.71,md,17,71,0.4599,0.34,se,se60533036,2023-09-09T21:54:51.040Z,"5 km S of Hillsville, Virginia",earthquake,0.54,3.23,0.182232647,15,reviewed,se,se
2023-05-15T07:17:49.289Z,35.24,-97.26683333,24.46,2.71,ml,100,34,0,0.2,ok,ok2023jljw,2023-07-24T01:16:49.040Z,"12 km E of Hall Park, Oklahoma",earthquake,,0.5,0.25,31,reviewed,ok,ok
2024-04-05T02:03:34.380Z,40.0371667,-121.298,5.55,2.72,md,64,23,0.2406,0.22,nc,nc74029566,2024-04-06T23:29:04.480Z,"5 km NW of Belden, CA",earthquake,0.26,0.98,0.167,70,reviewed,nc,nc
2024-03-11T09:20:44.010Z,32.085,-115.5493333,-0.43,2.72,ml,26,96,0.1555,0.37,ci,ci40685440,2024-03-14T18:02:11.364Z,"39 km WSW of Alberto Oviedo Mota, B.C., MX",earthquake,0.53,1.3,0.197,22,reviewed,ci,ci
2024-01-27T18:22:23.550Z,37.4373333,-121.3066667,-0.44,2.72,md,98,140,0.05516,0.2,nc,nc73995331,2024-03-30T22:34:30.040Z,"15 km SW of Westley, CA",earthquake,0.16,0.19,0.145,148,reviewed,nc,nc
2023-12-12T07:04:41.770Z,38.794,-122.7276667,0.9,2.72,md,95,24,0.008937,0.07,nc,nc73975001,2024-02-17T22:43:06.040Z,"3 km NE of The Geysers, CA",earthquake,0.09,0.14,0.173,114,reviewed,nc,nc
2023-11-29T22:34:23.100Z,38.7571667,-122.731,1.52,2.72,md,84,31,0.006525,0.1,nc,nc73969671,2024-02-06T21:53:51.040Z,"3 km SE of The Geysers, CA",earthquake,0.13,0.18,0.152,86,reviewed,nc,nc
2023-11-13T17:18:10.640Z,35.8853333,-121.4885,6.93,2.72,md,78,191,0.1021,0.12,nc,nc73962476,2024-01-26T16:37:37.040Z,"16 km SSE of Lopez Point, CA",earthquake,0.24,0.41,0.125,75,reviewed,nc,nc
2023-08-12T18:38:51.700Z,44.06,-110.3035,8.69,2.72,ml,31,83,0.1664,0.22,uu,uu60547487,2024-01-18T20:41:20.084Z,"54 km NNE of Kelly, Wyoming",earthquake,0.43,0.94,0.243,12,reviewed,uu,uu
2023-07-17T17:43:57.570Z,40.2346667,-121.1626667,6.2,2.72,md,32,37,0.01855,0.16,nc,nc73914016,2023-09-28T21:33:39.040Z,"2 km NNE of Almanor, CA",earthquake,0.33,0.37,0.155,47,reviewed,nc,nc
2023-06-24T14:26:54.940Z,36.12366667,-83.70066667,15.45,2.72,md,28,48,0.1494,0.23,se,se60530806,2023-08-26T20:54:08.040Z,"3 km S of Blaine, Tennessee",earthquake,0.31,0.91,0.053848699,24,reviewed,se,se
2024-03-19T16:11:44.250Z,44.54466667,-115.2193333,7.57,2.73,ml,22,54,0.5135,0.2,mb,mb90043408,2024-03-19T20:47:09.870Z,"42 km NNW of Stanley, Idaho",earthquake,0.39,0.82,0.227877139,37,reviewed,mb,mb
2024-02-15T00:31:47.950Z,37.4116667,-118.5508333,3.88,2.73,md,29,77,0.05923,0.08,nc,nc74002916,2024-03-10T23:35:23.040Z,"4 km E of Round Valley, CA",earthquake,0.21,0.73,0.153,45,reviewed,nc,nc
2024-01-29T01:59:42.840Z,32.9233333,-116.0016667,7.9,2.73,ml,75,23,0.04553,0.26,ci,ci39758954,2024-04-13T19:26:00.040Z,"21 km N of Ocotillo, CA",earthquake,0.17,0.69,0.12,25,reviewed,ci,ci
2023-12-25T03:50:46.470Z,34.1345,-117.4365,5.59,2.73,ml,135,19,0.03489,0.21,ci,ci40450695,2024-03-02T21:39:39.040Z,"5 km NNE of Fontana, CA",earthquake,0.11,0.33,0.154,141,reviewed,ci,ci
2023-10-28T07:02:01.890Z,38.5521667,-119.5068333,4.94,2.73,md,18,112,0.03523,0.05,nc,nc73952660,2024-01-04T04:22:35.040Z,"5 km NNW of Walker, CA",earthquake,0.24,0.34,0.225,44,reviewed,nc,nc
2023-10-17T23:14:47.490Z,32.138,-115.1351667,19.64,2.73,ml,21,88,0.1266,0.25,ci,ci40583624,2023-12-26T21:24:30.040Z,"10 km SSE of Alberto Oviedo Mota, B.C., MX",earthquake,0.47,0.65,0.221,21,reviewed,ci,ci
2023-09-12T17:25:20.000Z,47.64583333,-117.6878333,7.77,2.73,ml,12,63,0.1153,0.08,uw,uw61950352,2023-11-18T22:29:33.040Z,Washington,earthquake,0.35,1.29,0.143609042,4,reviewed,uw,uw
2023-09-10T04:11:00.950Z,38.5985,-87.9445,21.39,2.73,md,27,70,0.1814,0.3,nm,nm60550471,2023-11-18T22:29:32.040Z,"9 km E of Parkersburg, Illinois",earthquake,0.5,0.85,0.117969153,15,reviewed,nm,nm
2023-08-22T23:44:12.250Z,46.86666667,-121.8845,7.83,2.73,ml,71,45,0.04714,0.14,uw,uw61943417,2023-10-28T19:15:35.040Z,"16 km NE of Ashford, Washington",earthquake,0.13,0.11,0.186685448,52,reviewed,uw,uw
2023-08-20T21:42:46.530Z,34.443,-119.1996667,0.81,2.73,ml,14,77,0.05174,0.27,ci,ci37565916,2023-08-21T21:23:02.924Z,"4 km E of Ojai, CA",earthquake,0.41,0.97,0.12,3,reviewed,ci,ci
2023-07-16T21:16:02.030Z,31.5416667,-115.6738333,6.31,2.73,ml,16,68,0.1769,0.15,ci,ci39614394,2023-09-28T21:33:32.040Z,"87km ESE of Maneadero, B.C., MX",earthquake,0.2,1.12,0.112,44,reviewed,ci,ci
2023-07-02T05:24:49.180Z,45.91533333,-122.9891667,27.42,2.73,ml,74,37,0.07952,0.15,uw,uw61929027,2024-01-18T20:23:23.583Z,"11 km W of Deer Island, Oregon",earthquake,0.19,0.38,0.154254684,115,reviewed,uw,uw
2024-03-10T03:50:28.930Z,44.771,-111.1273333,9.6,2.74,ml,24,53,0.02922,0.14,uu,uu80062431,2024-04-03T22:49:26.040Z,"5 km E of Hebgen Lake Estates, Montana",earthquake,0.34,0.52,0.23928756,6,reviewed,uu,uu
2024-02-11T10:39:31.880Z,40.4375,-124.3761667,29.04,2.74,md,38,213,0.04814,0.12,nc,nc74001081,2024-04-10T13:54:49.040Z,"15 km NNW of Petrolia, CA",earthquake,0.44,0.38,0.2,68,reviewed,nc,nc
2024-01-23T20:14:32.080Z,36.22633333,-89.24616667,3.9,2.74,md,60,74,0.05438,0.21,nm,nm60566096,2024-03-30T22:32:53.040Z,"5 km WNW of Trimble, Tennessee",earthquake,0.25,0.39,0.074142028,22,reviewed,nm,nm
2023-12-20T06:14:47.060Z,34.296,-117.0261667,7.95,2.74,ml,109,36,0.04267,0.15,ci,ci40448319,2024-02-27T22:57:02.040Z,"12 km WNW of Big Bear Lake, CA",earthquake,0.1,0.29,0.144,110,reviewed,ci,ci
2023-12-01T04:56:52.440Z,33.696,-115.9533333,2.2,2.74,ml,67,61,0.05096,0.16,ci,ci39720618,2024-02-06T21:53:55.040Z,"18 km NE of Mecca, CA",earthquake,0.13,0.27,0.122,25,reviewed,ci,ci
2023-11-20T05:07:22.040Z,40.9576667,-121.5611667,15.68,2.74,md,38,36,0.1605,0.09,nc,nc73964836,2024-02-01T15:13:41.040Z,"11 km WSW of Fall River Mills, CA",earthquake,0.18,0.88,0.139,45,reviewed,nc,nc
2023-09-08T22:51:47.460Z,40.9661667,-121.558,13.6,2.74,md,38,37,0.09799,0.1,nc,nc73934851,2023-11-17T19:47:46.040Z,"11 km WSW of Fall River Mills, CA",earthquake,0.18,0.71,0.127,53,reviewed,nc,nc
2023-05-14T18:31:07.660Z,40.1873333,-121.0958333,2.72,2.74,md,41,43,0.07125,0.15,nc,nc73888086,2023-07-24T01:16:56.040Z,"3km NW of Canyondam, CA",earthquake,0.31,0.71,0.154,69,reviewed,nc,nc
2023-05-12T02:40:37.760Z,40.2295,-121.1576667,6.42,2.74,md,40,44,0.02046,0.15,nc,nc73886846,2023-07-22T19:16:06.040Z,"2km NE of Almanor, CA",earthquake,0.28,0.4,0.177,76,reviewed,nc,nc
2023-05-04T11:38:17.699Z,35.251,-98.04666667,5.39,2.74,ml,94,48,0.040492054,0.21,ok,ok2023irpx,2023-07-15T22:09:39.040Z,"10 km NW of Pocasset, Oklahoma",earthquake,,0.4,0.25,45,reviewed,ok,ok
2023-04-17T09:39:19.270Z,36.5648333,-121.0786667,11.08,2.74,md,66,78,0.0343,0.14,nc,nc73874625,2023-07-03T02:47:33.040Z,"7km ENE of Pinnacles, CA",earthquake,0.17,0.24,0.133,124,reviewed,nc,nc
2024-02-25T21:53:12.090Z,40.1311667,-121.0488333,-0.25,2.75,md,24,74,0.1379,0.11,nc,nc74007836,2024-04-14T21:39:14.040Z,"5 km SSE of Canyondam, CA",earthquake,0.25,2.6,0.122,39,reviewed,nc,nc
2024-02-01T19:16:23.990Z,36.6848333,-121.3298333,4.87,2.75,ml,32,102,0.02626,0.09,nc,nc71132694,2024-04-13T19:33:43.040Z,"12 km S of Tres Pinos, CA",earthquake,0.19,0.31,0.199,3,reviewed,nc,nc
2024-01-26T01:43:37.210Z,31.6216667,-116.0028333,9.38,2.75,ml,20,66,0.296,0.17,ci,ci39757282,2024-03-30T22:33:41.040Z,"54 km E of Maneadero, B.C., MX",earthquake,0.22,0.92,0.142,23,reviewed,ci,ci
2024-01-17T02:13:41.670Z,40.545,-123.2953333,30.87,2.75,md,33,54,0.05318,0.13,nc,nc73990421,2024-03-29T17:37:52.040Z,"10 km W of Hayfork, CA",earthquake,0.39,0.56,0.149,53,reviewed,nc,nc
2023-12-09T06:37:04.670Z,38.8218333,-122.7628333,2.37,2.75,md,101,35,0.01025,0.04,nc,nc73973536,2024-02-10T23:47:45.040Z,"3 km W of Cobb, CA",earthquake,0.09,0.14,0.167,121,reviewed,nc,nc
2023-11-21T12:36:26.370Z,38.163,-112.6021667,2.85,2.75,ml,30,61,0.317,0.22,uu,uu60554767,2024-02-01T15:13:42.040Z,"13 km SSE of Beaver, Utah",earthquake,0.3,1.95,0.147,16,reviewed,uu,uu
2023-11-17T14:11:20.380Z,32.3985,-115.1836667,18.73,2.75,ml,22,62,0.08021,0.34,ci,ci39714210,2024-01-26T16:37:28.040Z,"5 km N of Delta, B.C., MX",earthquake,0.61,1.34,0.223,18,reviewed,ci,ci
2023-09-16T06:42:19.210Z,36.673,-89.53216667,11.62,2.75,md,64,36,0.0549,0.12,nm,nm60551786,2023-12-28T17:14:01.942Z,"9 km N of New Madrid, Missouri",earthquake,0.16,0.26,0.08278537,55,reviewed,nm,nm
2023-09-10T10:28:30.140Z,44.7615,-110.9393333,10.5,2.75,ml,22,101,0.04766,0.17,uu,uu60549792,2023-11-18T22:29:32.040Z,"17 km NE of West Yellowstone, Montana",earthquake,0.4,0.65,0.141,7,reviewed,uu,uu
2023-07-16T22:30:07.950Z,42.20633333,-119.3931667,8.26,2.75,ml,7,180,0.3791,0.29,uw,uw61932197,2023-09-28T21:33:32.040Z,"47 km ESE of Plush, Oregon",earthquake,1.47,6.32,0.060019254,3,reviewed,uw,uw
2023-07-04T03:31:13.270Z,34.291,-116.8376667,5.89,2.75,ml,94,22,0.0575,0.13,ci,ci40503104,2023-09-09T21:54:44.040Z,"3km NNE of Big Bear City, CA",earthquake,0.08,0.31,0.159,198,reviewed,ci,ci
2023-06-13T00:34:43.979Z,35.36266667,-98.079,8.76,2.75,ml,97,31,0,0.29,ok,ok2023llwd,2023-08-21T04:18:45.040Z,"12 km WSW of Union City, Oklahoma",earthquake,,1,0.23,47,reviewed,ok,ok
2023-06-02T11:54:47.450Z,35.504,-118.3945,5.55,2.75,ml,49,28,0.1712,0.17,ci,ci40475704,2023-08-05T22:07:47.040Z,"13km SE of Bodfish, CA",earthquake,0.13,0.86,0.18,83,reviewed,ci,ci
2023-05-17T07:59:31.739Z,36.70133333,-97.6705,4,2.75,ml,95,51,0,0.13,ok,ok2023jpcg,2023-07-24T01:16:27.040Z,"10 km W of Lamont, Oklahoma",earthquake,,0.4,0.27,48,reviewed,ok,ok
2024-01-07T22:46:46.430Z,40.211,-121.1591667,2.61,2.76,md,44,38,0.03814,0.18,nc,nc73986226,2024-03-09T21:40:04.040Z,"0 km NNW of Prattville, CA",earthquake,0.25,0.44,0.164,62,reviewed,nc,nc
2024-01-05T06:02:35.790Z,46.85333333,-121.9918333,6.67,2.76,ml,61,31,0.02977,0.15,uw,uw61978931,2024-03-09T21:39:30.040Z,"10 km NNE of Ashford, Washington",earthquake,0.16,0.26,0.222819917,45,reviewed,uw,uw
2023-11-11T05:16:07.630Z,44.8023333,-110.5081667,7.49,2.76,ml,22,76,0.08976,0.17,uu,uu60554032,2024-01-18T21:20:23.445Z,"24 km SE of Mammoth, Wyoming",earthquake,0.36,0.72,0.307,5,reviewed,uu,uu
2023-11-06T01:11:01.780Z,35.9381667,-120.4875,9.61,2.76,md,67,58,0.01539,0.1,nc,nc73956620,2024-01-13T23:10:08.040Z,"7 km NW of Parkfield, CA",earthquake,0.13,0.17,0.104,96,reviewed,nc,nc
2023-10-05T12:39:46.280Z,46.24533333,-120.6288333,-0.43,2.76,ml,27,103,0.07564,0.15,uw,uw61964221,2023-12-14T21:26:53.040Z,"17 km SSE of White Swan, Washington",earthquake,0.36,0.84,0.166198163,17,reviewed,uw,uw
2023-09-05T11:15:27.700Z,33.931,-116.637,12.07,2.76,ml,107,24,0.04935,0.14,ci,ci39658594,2023-11-17T19:47:47.040Z,"9 km WNW of Garnet, CA",earthquake,0.09,0.29,0.154,24,reviewed,ci,ci
2023-08-05T15:17:37.190Z,40.7073333,-121.473,11.58,2.76,md,33,54,0.109,0.15,nc,nc73920686,2023-10-07T21:38:59.040Z,"25 km SE of Burney, CA",earthquake,0.25,0.83,0.154,52,reviewed,nc,nc
2023-06-28T14:23:24.840Z,37.2133333,-119.5218333,31.89,2.76,md,46,63,0.263,0.18,nc,nc73906356,2023-09-08T14:18:25.040Z,"2km SSW of North Fork, CA",earthquake,0.29,0.87,0.241,43,reviewed,nc,nc
2023-05-26T05:40:15.880Z,44.7783333,-110.7978333,7.68,2.76,ml,24,93,0.03882,0.19,uu,uu60540926,2023-07-29T22:00:39.040Z,"23 km SSW of Mammoth, Wyoming",earthquake,0.36,0.55,0.288,6,reviewed,uu,uu
2023-05-23T23:28:54.080Z,35.576,-82.86166667,1.28,2.76,md,27,50,0.1015,0.24,se,se60526596,2023-07-29T22:00:32.040Z,"4 km N of West Canton, North Carolina",earthquake,0.44,1.62,0.054216527,14,reviewed,se,se
2023-04-29T19:08:48.320Z,32.7211667,-115.5416667,9.84,2.76,ml,43,40,0.05441,0.23,ci,ci40214839,2023-07-11T01:44:54.040Z,"2km SW of Heber, CA",earthquake,0.28,0.59,0.288,25,reviewed,ci,ci
2023-04-12T03:35:39.390Z,37.4281667,-113.1265,11.32,2.76,ml,18,79,0.07194,0.23,uu,uu60536881,2023-06-17T21:36:47.040Z,"13 km SSE of Kanarraville, Utah",earthquake,0.47,0.74,0.306,18,reviewed,uu,uu
2024-04-03T13:38:33.100Z,38.7875,-122.7656667,2.15,2.77,md,90,29,0.01391,0.06,nc,nc74028476,2024-04-10T14:16:34.040Z,"1 km NW of The Geysers, CA",earthquake,0.09,0.15,0.175,146,reviewed,nc,nc
2024-03-18T02:55:06.290Z,34.2635,-97.55833333,14,2.77,ml,17,127,1.051893583,0.43,ok,ok2024fkxn,2024-03-26T15:49:58.826Z,"7 km WNW of Healdton, Oklahoma",earthquake,,4.6,0.25,4,reviewed,ok,ok
2023-12-14T20:37:21.790Z,44.26166667,-120.8853333,-1.6,2.77,ml,17,148,0.1846,0.11,uw,uw61976681,2024-02-17T22:43:04.040Z,"5 km SW of Prineville, Oregon",explosion,0.47,31.61,0.063387786,11,reviewed,uw,uw
2023-10-26T09:05:43.060Z,33.083,-115.7165,8.85,2.77,ml,56,43,0.09523,0.24,ci,ci40587976,2024-01-04T04:22:17.040Z,"10 km WNW of Westmorland, CA",earthquake,0.18,0.65,0.189,26,reviewed,ci,ci
2023-09-26T00:26:42.480Z,39.7425,-120.5643333,5.01,2.77,md,19,66,0.1021,0.12,nc,nc73941941,2023-12-09T22:00:45.040Z,"0 km NNE of Valley Ranch, CA",earthquake,0.28,0.9,0.129,38,reviewed,nc,nc
2023-08-30T20:11:39.733Z,31.01496887,-103.3143406,3.972094727,2.77,mlv,24,56,0.095743254,0.4,tx,tx2023qzwg,2023-11-04T21:35:55.040Z,"34 km SW of Coyanosa, Texas",earthquake,0.95790531,1.189350124,0.181194019,19,reviewed,tx,tx
2023-08-03T02:30:59.860Z,40.4298333,-124.716,24.81,2.77,md,48,226,0.3081,0.14,nc,nc73919586,2023-10-07T21:38:57.040Z,"38 km WNW of Petrolia, CA",earthquake,0.91,3,0.292,43,reviewed,nc,nc
2023-07-24T14:46:32.680Z,31.8623333,-114.6958333,5.99,2.77,ml,10,169,0.3777,0.43,ci,ci39620522,2023-09-30T21:36:39.040Z,"47km SE of Estacion Coahuila, B.C., MX",earthquake,1.21,31.61,0.233,21,reviewed,ci,ci
2023-07-19T04:41:00.380Z,33.972,-118.2088333,14.94,2.77,ml,108,24,0.04515,0.24,ci,ci39615994,2023-09-28T21:33:46.040Z,"2km ENE of Walnut Park, CA",earthquake,0.15,0.28,0.167,117,reviewed,ci,ci
2023-07-05T08:10:54.460Z,41.285,-123.4735,38.95,2.77,md,59,53,0.0166,0.19,nc,nc73909051,2023-09-09T21:54:47.040Z,"10km S of Somes Bar, CA",earthquake,0.27,0.36,0.166,49,reviewed,nc,nc
2023-05-21T10:09:07.340Z,35.9531667,-117.6913333,3.69,2.77,ml,31,42,0.03364,0.17,ci,ci40230247,2023-07-29T22:00:25.040Z,"20km E of Little Lake, CA",earthquake,0.17,0.49,0.141,93,reviewed,ci,ci
2023-05-13T13:33:04.800Z,40.2105,-121.1568333,5.84,2.77,md,36,34,0.03817,0.17,nc,nc73887621,2023-07-22T19:17:17.040Z,"0km N of Prattville, CA",earthquake,0.31,0.45,0.179,73,reviewed,nc,nc
2023-05-12T17:30:47.620Z,33.9791667,-116.7351667,17.35,2.77,ml,94,20,0.07689,0.14,ci,ci40223751,2023-07-22T19:17:09.040Z,"8km NE of Cabazon, CA",earthquake,0.1,0.25,0.169,25,reviewed,ci,ci
2023-05-01T18:45:54.550Z,36.25083333,-89.44883333,6.22,2.77,md,34,49,0.03086,0.11,nm,nm60523031,2023-07-15T22:10:47.040Z,"3 km ESE of Ridgely, Tennessee",earthquake,0.19,0.48,0.120368627,31,reviewed,nm,nm
2023-05-01T02:04:31.040Z,32.7126667,-115.5443333,10.22,2.77,ml,39,47,0.0579,0.23,ci,ci40216343,2023-07-15T22:10:42.040Z,"2km SW of Heber, CA",earthquake,0.26,0.51,0.176,58,reviewed,ci,ci
2024-01-10T03:33:50.110Z,38.3848333,-119.5405,8.93,2.78,ml,20,90,0.08668,0.04,nc,nc73987281,2024-03-16T18:59:43.040Z,"15 km SSW of Walker, CA",earthquake,0.31,0.57,0.241,13,reviewed,nc,nc
2023-12-31T20:17:44.060Z,39.0103333,-123.306,4.27,2.78,md,64,52,0.04029,0.08,nc,nc73983491,2024-03-02T21:39:35.040Z,"5 km E of Boonville, CA",earthquake,0.1,0.32,0.244,98,reviewed,nc,nc
2023-11-09T10:25:20.980Z,38.2983333,-119.3086667,7.48,2.78,md,8,178,0.2295,0.11,nc,nc71132094,2024-01-13T23:10:56.040Z,"8 km NW of Bridgeport, CA",earthquake,0.7,2.64,0.088,4,reviewed,nc,nc
2023-10-19T02:04:05.280Z,38.1195,-121.6381667,7.78,2.78,md,73,89,0.04197,0.38,nc,nc73948795,2023-12-26T21:24:36.040Z,"5 km SSW of Isleton, CA",earthquake,0.35,0.78,0.184,110,reviewed,nc,nc
2023-09-20T00:03:39.090Z,40.8551667,-124.0793333,16.75,2.78,md,30,147,0.05335,0.12,nc,nc73939161,2023-12-02T23:01:08.040Z,"1 km SSE of Arcata, CA",earthquake,0.42,0.26,0.152,39,reviewed,nc,nc
2023-08-24T00:45:49.300Z,34.4301667,-119.1636667,1.78,2.78,ml,76,48,0.02265,0.32,ci,ci39649034,2023-10-28T19:15:36.040Z,"8 km ESE of Ojai, CA",earthquake,0.21,0.42,0.14,95,reviewed,ci,ci
2023-08-20T22:23:05.100Z,34.438,-119.1863333,2.03,2.78,ml,72,29,0.04038,0.28,ci,ci39645634,2023-10-28T19:15:33.040Z,"5 km ESE of Ojai, CA",earthquake,0.2,0.48,0.137,61,reviewed,ci,ci
2023-07-23T18:51:04.280Z,31.2576667,-116.817,9.56,2.78,ml,10,270,0.894,0.19,ci,ci39619946,2023-07-24T20:21:42.175Z,"56km SSW of Maneadero, B.C., MX",earthquake,1.05,1.33,0.106,22,reviewed,ci,ci
2023-07-21T18:59:02.810Z,40.4051667,-124.7836667,19.21,2.78,md,61,226,0.3477,0.18,nc,nc73915306,2023-09-28T21:34:04.040Z,"43 km WNW of Petrolia, CA",earthquake,0.87,0.59,0.183,56,reviewed,nc,nc
2023-07-16T21:01:55.220Z,31.5888333,-114.4248333,5.95,2.78,ml,8,123,0.5481,0.29,ci,ci39614386,2023-09-28T21:33:32.040Z,"87km SE of Estacion Coahuila, B.C., MX",earthquake,0.71,31.61,0.141,17,reviewed,ci,ci
2023-06-03T16:15:18.690Z,36.2525,-89.44616667,7.24,2.78,md,56,51,0.03048,0.18,nm,nm60527461,2023-08-05T22:07:54.040Z,"3 km ESE of Ridgely, Tennessee",earthquake,0.19,0.41,0.105159563,44,reviewed,nm,nm
2024-02-12T14:42:46.180Z,32.8091667,-115.5776667,12.63,2.79,ml,49,58,0.05693,0.24,ci,ci40667856,2024-02-13T21:55:10.040Z,"3 km NW of El Centro, CA",earthquake,0.24,0.56,0.177,25,reviewed,ci,ci
2024-02-12T09:30:33.630Z,32.8,-115.5753333,11.87,2.79,ml,55,46,0.05096,0.26,ci,ci40666688,2024-02-19T07:49:21.040Z,"2 km NW of El Centro, CA",earthquake,0.22,0.37,0.309,24,reviewed,ci,ci
2023-12-26T06:20:10.430Z,35.7073333,-117.5155,7.52,2.79,ml,42,41,0.08578,0.11,ci,ci40451087,2024-03-02T21:39:40.040Z,"12 km WSW of Searles Valley, CA",earthquake,0.14,0.43,0.138,25,reviewed,ci,ci
2023-10-10T11:52:40.930Z,38.6873333,-122.5065,6.27,2.79,md,118,28,0.06621,0.16,nc,nc73948511,2023-12-16T22:13:06.040Z,"12 km SE of Middletown, CA",earthquake,0.13,0.4,0.158,164,reviewed,nc,nc
2023-08-31T13:52:06.470Z,32.9665,-115.8608333,10.76,2.79,ml,66,30,0.03287,0.23,ci,ci39655834,2023-11-04T21:36:04.040Z,"24 km WSW of Westmorland, CA",earthquake,0.19,0.47,0.202,24,reviewed,ci,ci
2023-07-16T22:04:50.600Z,31.5988333,-114.4406667,5.96,2.79,ml,7,121,0.5372,0.31,ci,ci39614426,2023-09-28T21:33:32.040Z,"85km SE of Estacion Coahuila, B.C., MX",earthquake,0.72,31.61,0.221,10,reviewed,ci,ci
2023-07-04T15:52:54.430Z,47.395,-122.044,14.75,2.79,ml,23,51,0.02366,0.23,uw,uw61938231,2023-09-09T21:54:46.040Z,"0 km NE of Maple Valley, Washington",earthquake,0.46,0.75,0.188344783,24,reviewed,uw,uw
2023-07-02T08:03:08.150Z,31.8916667,-116.5555,13.21,2.79,ml,21,87,0.208,0.25,ci,ci40501920,2023-09-09T21:54:35.040Z,"6km ENE of Ensenada, B.C., MX",earthquake,0.35,1.16,0.141,30,reviewed,ci,ci
2023-06-28T10:11:08.310Z,40.3961667,-122.0768333,8.8,2.79,md,33,50,0.1283,0.16,nc,nc73906296,2023-09-08T14:18:25.040Z,"18km W of Manton, CA",earthquake,0.22,0.91,0.203,66,reviewed,nc,nc
2023-05-12T12:32:17.850Z,40.1903333,-121.1208333,2.59,2.79,md,40,37,0.06031,0.18,nc,nc73887096,2023-07-22T19:17:01.040Z,"4km ESE of Prattville, CA",earthquake,0.31,0.83,0.148,94,reviewed,nc,nc
2023-05-12T00:38:46.720Z,40.2198333,-121.1493333,5.2,2.79,md,29,48,0.028,0.12,nc,nc73886796,2023-07-22T19:16:55.040Z,"2km NNE of Prattville, CA",earthquake,0.25,0.44,0.107,30,reviewed,nc,nc
2023-05-06T02:18:54.790Z,33.2178333,-116.0793333,9.95,2.79,ml,93,28,0.09598,0.17,ci,ci40219695,2023-07-15T22:10:04.040Z,"10km NNE of Ocotillo Wells, CA",earthquake,0.1,0.35,0.166,99,reviewed,ci,ci
2023-04-29T18:16:11.340Z,32.7196667,-115.543,10.02,2.79,ml,49,49,0.05435,0.23,ci,ci40214783,2023-07-11T01:44:54.040Z,"2km SW of Heber, CA",earthquake,0.23,0.51,0.275,25,reviewed,ci,ci
2024-04-11T18:51:24.653Z,32.314,-101.838,5.542,2.8,ml,15,57,0,0.1,tx,tx2024hdzd,2024-04-11T19:15:01.685Z,"21 km NNW of Stanton, Texas",earthquake,0.719167628,2.076311277,0.2,20,reviewed,tx,tx
2024-04-09T10:40:02.636Z,40.5087,-119.7809,8.6,2.8,ml,6,78.04,0.341,0.1874,nn,nn00875944,2024-04-15T08:02:58.040Z,"37 km WSW of Empire, Nevada",earthquake,,20.7,0.16,5,reviewed,nn,nn
2024-04-09T00:54:38.472Z,31.733,-104.491,5.5103,2.8,ml,26,153,0,0.3,tx,tx2024gyyq,2024-04-09T01:11:32.451Z,"50 km SSW of Whites City, New Mexico",earthquake,1.720604289,1.050864281,0.2,20,reviewed,tx,tx
2024-04-06T17:37:04.749Z,44.3627,-116.0837,14.646,2.8,ml,35,53,0.361,0.49,us,us7000mah6,2024-04-09T15:21:32.040Z,"6 km N of Smiths Ferry, Idaho",earthquake,2.04,7.392,0.03,144,reviewed,us,us
2024-04-02T02:03:19.647Z,30.114,-96.696,19.9951,2.8,ml,11,108,0.4,0.2,tx,tx2024gmgj,2024-04-04T12:18:35.335Z,"4 km SSW of Carmine, Texas",earthquake,5.271519628,5.447035306,0.2,14,reviewed,tx,tx
2024-03-31T16:01:25.878Z,32.8944,-100.916,5.053,2.8,mb_lg,10,81,0.521,0.54,us,us7000m932,2024-04-20T13:21:00.040Z,"19 km N of Snyder, Texas",earthquake,1.82,7.247,0.295,4,reviewed,us,us
2024-03-30T03:12:49.711Z,31.576,-103.939,7.2791,2.8,ml,9,58,0,0.1,tx,tx2024ggwd,2024-04-18T22:21:07.040Z,"32 km NNW of Toyah, Texas",earthquake,0.845315042,0.92226044,0.1,11,reviewed,tx,tx
2024-03-29T03:13:10.760Z,31.0445,-107.4594,10,2.8,ml,15,165,1.509,0.48,us,us7000m8ph,2024-04-18T21:48:29.040Z,"50 km E of Ascención, Mexico",earthquake,4.54,2.002,0.115,18,reviewed,us,us
2024-03-24T09:18:46.836Z,28.966,-98,1.7822,2.8,ml,12,69,0,0.2,tx,tx2024fwjf,2024-03-28T16:50:46.040Z,"2 km SE of Falls City, Texas",earthquake,0.699242379,1.696854813,0.1,18,reviewed,tx,tx
2024-03-15T01:43:02.890Z,44.3648,-116.1371,10,2.8,ml,31,61,0.343,0.74,us,us6000miz1,2024-04-16T21:28:56.040Z,"8 km NNW of Smiths Ferry, Idaho",earthquake,1.98,2.012,0.041,78,reviewed,us,us
2024-03-13T03:19:12.699Z,31.625,-104.509,6.6125,2.8,ml,17,75,0,0.1,tx,tx2024fbuv,2024-03-13T22:43:28.783Z,"62 km SSW of Whites City, New Mexico",earthquake,2.155966246,0.874691171,0.1,7,reviewed,tx,tx
2024-03-12T06:06:55.399Z,28.948,-98.025,0.0244,2.8,ml,14,71,0,0.2,tx,tx2024faew,2024-04-04T14:43:38.040Z,"3 km S of Falls City, Texas",earthquake,0.819824401,1.333701379,0.1,11,reviewed,tx,tx
2024-03-10T06:53:02.192Z,44.3414,-114.8023,10,2.8,ml,58,36,0.237,0.62,us,us7000m4i7,2024-04-11T21:26:21.040Z,"17 km NE of Stanley, Idaho",earthquake,1.46,2.01,0.037,96,reviewed,us,us
2024-03-06T18:58:05.162Z,28.971,-98.293,7.7148,2.8,ml,21,79,0.1,0.4,tx,tx2024eqfg,2024-03-24T15:56:12.040Z,"18 km E of Pleasanton, Texas",earthquake,1.859065012,2.928775029,0.1,17,reviewed,tx,tx
2024-02-28T02:48:27.029Z,31.702,-101.712,8.5693,2.8,ml,16,62,0.1,0.1,tx,tx2024ecet,2024-04-09T03:02:32.040Z,"28 km SW of Garden City, Texas",earthquake,0.735434144,0.914867884,0.1,40,reviewed,tx,tx
2024-02-26T19:00:41.138Z,44.3698,-116.1261,12.482,2.8,ml,26,61,0.351,0.65,us,us7000m1q2,2024-04-08T16:46:16.040Z,"8 km NNW of Smiths Ferry, Idaho",earthquake,1.58,5.819,0.051,50,reviewed,us,us
2024-02-26T17:46:02.527Z,44.3548,-116.1347,10.007,2.8,ml,20,62,0.335,0.88,us,us7000m1ph,2024-03-10T15:26:26.816Z,"6 km NNW of Smiths Ferry, Idaho",earthquake,1.67,7.367,0.069,28,reviewed,us,us
2024-02-23T11:57:59.885Z,31.676,-104.429,6.51,2.8,ml,14,60,0,0.2,tx,tx2024dttj,2024-03-04T20:11:35.040Z,"55 km S of Whites City, New Mexico",earthquake,1.160441834,1.165617334,0.2,10,reviewed,tx,tx
2024-02-23T10:05:59.442Z,32.6359,-104.4081,5,2.8,ml,33,81,0.55,0.34,us,us7000m11u,2024-03-19T10:30:00.486Z,"14 km S of Atoka, New Mexico",earthquake,2.81,1.964,0.091,22,reviewed,us,us
2024-02-21T04:45:52.781Z,31.666,-104.192,6.1255,2.8,ml,21,58,0.1,0.2,tx,tx2024dpoc,2024-04-02T02:53:06.040Z,"54 km NW of Toyah, Texas",earthquake,0.569131008,0.852383913,0.1,13,reviewed,tx,tx
2024-02-20T01:49:20.249Z,32.227,-102.014,7.3975,2.8,ml,14,80,0.1,0.1,tx,tx2024dnmt,2024-02-23T03:51:19.040Z,"23 km WNW of Stanton, Texas",earthquake,0.571133312,0.921489542,0.1,10,reviewed,tx,tx
2024-02-05T21:34:58.784Z,31.708,-104.169,7.9311,2.8,ml,18,55,0.1,0.2,tx,tx2024cnpf,2024-03-04T06:21:33.040Z,"54 km W of Mentone, Texas",earthquake,0.819295936,0.958345479,0.2,7,reviewed,tx,tx
2024-02-05T21:23:36.008Z,44.4327,-114.4741,10,2.8,ml,42,30,0.316,1.05,us,us7000lx6u,2024-03-04T06:17:20.040Z,"20 km NNW of Clayton, Idaho",earthquake,1.98,1.988,0.045,64,reviewed,us,us
2024-02-02T08:35:47.716Z,31.677,-104.404,6.6457,2.8,ml,16,56,0,0.2,tx,tx2024chdc,2024-04-13T19:34:48.040Z,"55 km S of Whites City, New Mexico",earthquake,1.015677606,0.86793111,0.1,25,reviewed,tx,tx
2024-02-01T20:50:15.991Z,31.736,-104.122,6.0802,2.8,ml,32,37,0.1,0.1,tx,tx2024cgfv,2024-04-13T19:33:55.040Z,"49 km W of Mentone, Texas",earthquake,0.52654067,0.810587485,0.1,35,reviewed,tx,tx
2024-01-29T13:08:57.919Z,31.3681,-114.2642,10,2.8,ml,44,148,0.601,1.78,us,us7000lupt,2024-04-13T19:26:26.040Z,"41 km SSE of Golfo de Santa Clara, Mexico",earthquake,2,1.988,0.053,46,reviewed,us,us
2024-01-26T16:26:51.518Z,49.8444,-123.5929,4.932,2.8,ml,16,134,1.084,0.51,us,us7000lu48,2024-03-30T22:34:05.040Z,"35 km WNW of Squamish, Canada",earthquake,1.37,7.859,0.06,36,reviewed,us,us
2024-01-25T22:00:32.507Z,41.9571,-119.5862,0.1,2.8,ml,5,128.02,0.536,0.0286,nn,nn00872360,2024-03-30T22:33:37.040Z,"48 km ENE of Fort Bidwell, California",earthquake,,3.6,0.58,5,reviewed,nn,nn
2024-01-24T18:08:50.304Z,31.675,-104.193,6.3886,2.8,ml,27,68,0.1,0.2,tx,tx2024brkn,2024-03-30T22:33:17.040Z,"55 km NW of Toyah, Texas",earthquake,0.745352559,0.817282136,0.2,17,reviewed,tx,tx
2024-01-22T17:57:19.706Z,31.669,-104.181,3.4579,2.8,ml,21,66,0.1,0.1,tx,tx2024bnta,2024-03-30T22:32:25.040Z,"53 km NW of Toyah, Texas",earthquake,0.467482801,1.099888663,0.2,16,reviewed,tx,tx
2024-01-20T22:10:57.213Z,49.1193,-113.3075,19.56,2.8,ml,23,109,0.33,0.48,us,us6000m5ez,2024-03-29T17:37:55.040Z,"8 km S of Cardston, Canada",earthquake,3.14,2.935,0.05,52,reviewed,us,us
2024-01-18T23:30:34.149Z,31.676,-104.183,6.1187,2.8,ml,29,64,0.1,0.1,tx,tx2024bgwc,2024-03-29T17:37:53.040Z,"54 km NW of Toyah, Texas",earthquake,0.414221791,0.506901841,0.2,22,reviewed,tx,tx
2024-01-18T19:09:09.297Z,32.755,-100.64,8.6814,2.8,ml,15,80,0.1,0.2,tx,tx2024bgnn,2024-03-29T17:37:53.040Z,"17 km NE of Hermleigh, Texas",earthquake,0.983832972,1.531333515,0.1,11,reviewed,tx,tx
2024-01-17T14:36:49.815Z,32.138,-101.09,5.2578,2.8,ml,15,68,0.2,0.2,tx,tx2024beiz,2024-03-29T17:37:52.040Z,"25 km SSW of Westbrook, Texas",earthquake,1.244102572,2.88659196,0.2,8,reviewed,tx,tx
2024-01-16T03:02:09.953Z,31.721,-104.284,8.2396,2.8,ml,54,55,0,0.3,tx,tx2024bbqo,2024-03-29T17:37:51.040Z,"51 km S of Whites City, New Mexico",earthquake,0.670039502,0.726941322,0.1,26,reviewed,tx,tx
2024-01-15T20:11:38.124Z,38.1206,-118.2543,8.1,2.8,ml,16,44.42,0.226,0.1547,nn,nn00871734,2024-03-29T17:37:51.040Z,"32 km SSW of Mina, Nevada",earthquake,,1.5,0.41,6,reviewed,nn,nn
2024-01-14T16:31:24.031Z,31.655,-104.251,8.3939,2.8,ml,45,66,0,0.2,tx,tx2024azag,2024-03-16T19:00:39.040Z,"57 km NW of Toyah, Texas",earthquake,0.778164445,0.924042753,0.1,24,reviewed,tx,tx
2024-01-11T14:52:45.673Z,32.1158,-93.3181,5,2.8,mb_lg,18,88,0.788,0.4,us,us6000m33c,2024-03-16T19:00:19.040Z,"6 km SSW of Hall Summit, Louisiana",earthquake,1.64,1.995,0.083,38,reviewed,us,us
2024-01-09T02:38:42.469Z,32.0372,-93.3345,5,2.8,mb_lg,21,74,0.796,0.53,us,us6000m2mq,2024-03-16T19:00:06.040Z,"1 km S of Edgefield, Louisiana",earthquake,3.57,1.996,0.092,31,reviewed,us,us
2024-01-07T21:22:15.603Z,31.707,-104.169,7.2627,2.8,ml,29,53,0.1,0.3,tx,tx2024ampi,2024-03-09T21:40:03.040Z,"53 km W of Mentone, Texas",earthquake,0.664973879,0.754765441,0.2,23,reviewed,tx,tx
2024-01-04T17:37:28.017Z,31.999,-103.815,8.2396,2.8,ml,20,85,0,0.2,tx,tx2024agvj,2024-03-09T21:39:22.040Z,"34 km SE of Malaga, New Mexico",earthquake,1.007270147,0.896977324,0.2,13,reviewed,tx,tx
2023-12-28T21:30:33.963Z,44.0788,-105.4142,0,2.8,ml,15,99,0.994,0.69,us,us6000m2ii,2024-03-02T21:39:36.040Z,"16 km SSE of Antelope Valley-Crestview, Wyoming",mining explosion,4.41,1.67,0.064,32,reviewed,us,us
2023-12-27T18:21:30.218Z,31.641,-104.275,6.4915,2.8,ml,46,68,0,0.2,tx,tx2023zjdl,2024-03-02T21:39:32.040Z,"58 km NW of Toyah, Texas",earthquake,0.735167133,0.821599035,0.1,29,reviewed,tx,tx
2023-12-26T21:27:46.133Z,31.6114,-114.3799,27.41,2.8,ml,32,139,0.7,0.62,us,us6000lzxg,2024-03-02T21:39:31.040Z,"13 km SE of Golfo de Santa Clara, Mexico",earthquake,3.77,3.853,0.056,42,reviewed,us,us
2023-12-23T11:08:34.747Z,35.9897,-106.8835,12.618,2.8,ml,10,131,1.098,0.39,us,us7000ll2g,2024-02-27T22:57:05.040Z,"7 km ESE of Cuba, New Mexico",earthquake,3.99,8.503,0.074,28,reviewed,us,us
2023-12-22T03:49:46.994Z,32.843,-100.983,6.4316,2.8,ml,23,80,0.1,0.3,tx,tx2023yyxe,2024-02-27T22:57:04.040Z,"15 km NNW of Snyder, Texas",earthquake,0.953780771,2.036776789,0.1,14,reviewed,tx,tx
2023-12-21T15:52:13.629Z,45.3776,-114.0632,15.852,2.8,ml,49,32,0.622,0.65,us,us7000lknv,2024-02-27T22:57:03.040Z,"25 km NNW of Salmon, Idaho",earthquake,2.05,6.998,0.032,126,reviewed,us,us
2023-12-20T10:07:25.521Z,31.698,-104.131,7.0313,2.8,ml,19,48,0.1,0.1,tx,tx2023yvsq,2024-02-27T22:57:02.040Z,"50 km W of Mentone, Texas",earthquake,0.554416909,0.785169854,0.1,24,reviewed,tx,tx
2023-12-19T10:22:31.031Z,45.3816,-105.4969,10.36,2.8,ml,13,71,1.402,0.15,us,us7000lk6g,2024-02-27T22:57:01.040Z,"9 km SW of Broadus, Montana",earthquake,4.37,4.154,0.071,26,reviewed,us,us
2023-12-18T15:19:46.654Z,31.613,-104.392,6.5429,2.8,ml,20,70,0.1,0.3,tx,tx2023ysly,2024-02-27T22:57:00.040Z,"62 km S of Whites City, New Mexico",earthquake,1.157497613,1.259765399,0.1,14,reviewed,tx,tx
2023-12-17T06:30:53.515Z,31.618,-103.968,6.9542,2.8,ml,12,71,0,0.1,tx,tx2023ypyz,2024-02-27T22:56:59.040Z,"36 km WSW of Mentone, Texas",earthquake,0.669613118,0.587968344,0.1,13,reviewed,tx,tx
2023-12-15T01:37:39.615Z,31.2847,-114.2179,10,2.8,ml,14,177,0.596,0.56,us,us7000lj5v,2024-02-17T22:43:10.040Z,"51 km SSE of Golfo de Santa Clara, Mexico",earthquake,2.55,1.976,0.071,26,reviewed,us,us
2023-12-14T01:28:36.094Z,32.751,-100.649,8.7793,2.8,ml,24,51,0.1,0.2,tx,tx2023ykcm,2024-02-17T22:43:09.040Z,"16 km NE of Hermleigh, Texas",earthquake,0.887581406,1.33966309,0.1,15,reviewed,tx,tx
2023-12-11T21:59:00.421Z,44.6719,-75.2055,9.842,2.8,mb_lg,33,65,0.333,0.42,us,us7000li91,2024-04-05T15:25:11.209Z,"8 km NNW of Canton, New York",earthquake,1.13,6.196,0.132,15,reviewed,us,us
2023-12-09T20:58:02.172Z,40.2008,-98.315,5,2.8,mb_lg,10,79,1.213,0.29,us,us7000lhtb,2024-02-10T23:47:47.040Z,"11 km SSW of Lawrence, Nebraska",earthquake,1.55,1.941,0.111,21,reviewed,us,us
2023-12-09T20:06:49.480Z,33.1671667,-115.651,3.93,2.8,ml,36,38,0.02867,0.22,ci,ci40618216,2024-02-10T23:47:47.040Z,"14 km WNW of Calipatria, CA",earthquake,0.23,0.31,0.25,8,reviewed,ci,ci
2023-12-08T18:05:51.520Z,32.835,-100.985,8.6325,2.8,ml,18,65,0.1,0.3,tx,tx2023yakj,2024-02-10T23:47:43.040Z,"14 km NNW of Snyder, Texas",earthquake,1.556217659,1.510411596,0.1,6,reviewed,tx,tx
2023-12-08T08:16:41.299Z,31.612,-104.1,6.0802,2.8,ml,17,60,0,0.2,tx,tx2023xzqy,2024-02-10T23:47:42.040Z,"43 km NW of Toyah, Texas",earthquake,0.606522633,0.699016009,0.1,30,reviewed,tx,tx
2023-12-08T07:56:12.400Z,44.2708,-115.1768,10,2.8,ml,32,67,0.289,0.93,us,us7000lh9m,2024-02-10T23:47:42.040Z,"19 km WNW of Stanley, Idaho",earthquake,1.51,1.989,0.046,62,reviewed,us,us
2023-12-05T04:06:19.346Z,31.662,-104.332,6.2601,2.8,ml,19,68,0.1,0.2,tx,tx2023xtwe,2024-02-10T23:47:33.040Z,"57 km S of Whites City, New Mexico",earthquake,1.062698787,1.046623122,0.1,6,reviewed,tx,tx
2023-12-05T00:00:17.418Z,31.68,-104.377,6.8,2.8,ml,17,89,0,0.2,tx,tx2023xtoe,2024-02-10T23:47:32.040Z,"54 km S of Whites City, New Mexico",earthquake,1.371427141,1.218414407,0.3,4,reviewed,tx,tx
2023-12-04T19:30:44.087Z,32.3185,-104.6857,5,2.8,ml,38,85,0.667,0.64,us,us7000lg7d,2024-02-10T23:47:31.040Z,"33 km WNW of Whites City, New Mexico",earthquake,1.68,1.972,0.05,52,reviewed,us,us
2023-11-28T09:32:27.642Z,40.374,-119.3968,5.8,2.8,ml,10,171.34,0.327,0.1677,nn,nn00869403,2024-02-06T21:53:54.040Z,"22 km SSW of Empire, Nevada",earthquake,,4.5,0.12,5,reviewed,nn,nn
2023-11-27T19:05:53.786Z,31.681,-104.414,6.1701,2.8,ml(texnet),29,71,0,0.2,tx,tx2023xgju,2024-02-06T21:53:53.040Z,"54 km S of Whites City, New Mexico",earthquake,0.572166117,0.466192547,0.1,9,reviewed,tx,tx
2023-11-25T19:30:51.526Z,43.8182,-105.5848,0,2.8,ml,15,128,1.159,0.53,us,us7000leua,2024-02-01T15:13:48.040Z,"10 km NW of Wright, Wyoming",mining explosion,2.47,1.13,0.064,32,reviewed,us,us
2023-11-25T17:15:20.479Z,44.4252,-115.1637,10,2.8,ml,61,50,0.392,0.83,us,us6000lqqa,2024-02-01T15:13:45.040Z,"29 km NW of Stanley, Idaho",earthquake,2.96,1.996,0.03,148,reviewed,us,us
2023-11-24T11:13:27.555Z,31.641,-104.018,6.8,2.8,ml(texnet),21,43,0,0.1,tx,tx2023xaht,2024-02-01T15:13:43.040Z,"40 km W of Mentone, Texas",earthquake,0.502957399,0.592721185,0.2,17,reviewed,tx,tx
2023-11-19T23:01:27.399Z,43.7019,-105.2275,0,2.8,ml,17,120,0.958,0.75,us,us6000lqc3,2024-02-01T15:13:48.040Z,"22 km ESE of Wright, Wyoming",mining explosion,5.02,1.646,0.066,30,reviewed,us,us
2023-11-11T03:58:15.110Z,40.5158333,-124.8706667,18.68,2.8,md,57,254,0.4086,0.18,nc,nc73961291,2024-01-13T23:11:31.040Z,"52 km W of Ferndale, CA",earthquake,1.22,1.14,0.203,46,reviewed,nc,nc
2023-11-10T04:45:14.708Z,31.639,-104.008,5.5531,2.8,ml(texnet),17,48,0,0.1,tx,tx2023wafw,2024-01-13T23:11:00.040Z,"39 km W of Mentone, Texas",earthquake,0.532750313,0.615331054,0.1,14,reviewed,tx,tx
2023-11-10T02:57:07.137Z,31.648,-104.024,6.1187,2.8,ml(texnet),36,33,0,0.2,tx,tx2023waci,2024-01-13T23:10:58.040Z,"40 km W of Mentone, Texas",earthquake,0.411124683,0.352935634,0.1,22,reviewed,tx,tx
2023-11-08T10:57:51.610Z,31.639,-104.009,5.1675,2.8,ml(texnet),15,46,0,0.1,tx,tx2023vxbi,2024-01-13T23:10:35.040Z,western Texas,earthquake,0.502942096,0.661877065,0.1,13,reviewed,tx,tx
2023-11-08T10:39:15.908Z,31.636,-103.992,6.093,2.8,ml(texnet),29,41,0,0.2,tx,tx2023vxar,2024-01-13T23:10:36.040Z,"38 km WSW of Mentone, Texas",earthquake,0.349533109,0.426674424,0.1,15,reviewed,tx,tx
2023-11-08T10:31:07.555Z,31.622,-103.98,7.0828,2.8,ml(texnet),14,58,0,0.2,tx,tx2023vxak,2024-01-13T23:10:44.040Z,"37 km WSW of Mentone, Texas",earthquake,0.731428018,1.031653294,0.3,7,reviewed,tx,tx
2023-11-06T21:01:44.902Z,31.659,-104.309,5.0004,2.8,ml(texnet),25,58,0,0.2,tx,tx2023vueb,2024-01-13T23:10:15.040Z,"57 km S of Whites City, New Mexico",earthquake,0.915006694,1.173240003,0.1,33,reviewed,tx,tx
2023-11-05T00:48:12.743Z,32.313,-101.831,6.4071,2.8,ml(texnet),21,68,0,0.1,tx,tx2023vqup,2024-01-13T23:10:01.040Z,"20 km N of Stanton, Texas",earthquake,0.490265063,0.707596304,0.1,11,reviewed,tx,tx
2023-11-02T18:53:39.324Z,31.665,-104.292,7.9825,2.8,ml(texnet),44,58,0,0.3,tx,tx2023vmrw,2024-01-10T06:01:42.040Z,"57 km S of Whites City, New Mexico",earthquake,0.610910883,0.858875154,0.2,34,reviewed,tx,tx
2023-11-02T15:13:20.094Z,44.8373,-116.0879,9.652,2.8,ml,36,36,0.258,0.6,us,us7000l8br,2024-02-26T23:40:18.141Z,"8 km S of McCall, Idaho",earthquake,2.19,7.177,0.031,137,reviewed,us,us
2023-10-26T14:39:02.072Z,43.0677,-110.773,5,2.8,ml,37,80,0.386,0.43,us,us7000l6jc,2024-01-04T04:22:18.040Z,"18 km NE of Star Valley Ranch, Wyoming",earthquake,1.74,0.917,0.042,76,reviewed,us,us
2023-10-22T23:25:12.112Z,31.716,-104.004,5.6303,2.8,ml(texnet),20,49,0,0.1,tx,tx2023usyg,2024-01-18T21:07:39.424Z,"38 km W of Mentone, Texas",earthquake,0.416516666,0.565052604,0.1,6,reviewed,tx,tx
2023-10-21T10:23:08.459Z,31.692,-104.499,5.7717,2.8,ml(texnet),34,66,0,0.2,tx,tx2023uqcy,2023-12-26T21:24:53.040Z,"54 km SSW of Whites City, New Mexico",earthquake,1.082448524,0.716650005,0.2,23,reviewed,tx,tx
2023-10-17T14:46:34.150Z,40.3195,-124.0618333,31.45,2.8,md,45,54,0.04078,0.18,nc,nc73948255,2023-12-26T21:24:28.040Z,"19 km E of Petrolia, CA",earthquake,0.29,0.55,0.188,64,reviewed,nc,nc
2023-10-16T13:15:36.248Z,37.3024,-104.5054,5,2.8,mb_lg,12,74,0.285,0.5,us,us6000lfx4,2023-12-26T21:24:23.040Z,"9 km NNW of El Moro, Colorado",earthquake,2.17,1.722,0.092,51,reviewed,us,us
2023-10-13T03:27:50.614Z,32.325,-101.088,11.9584,2.8,ml(texnet),43,44,0.2,0.2,tx,tx2023uazh,2023-12-16T22:13:08.040Z,"7 km WSW of Westbrook, Texas",earthquake,0.684153873,0.906348856,0.2,32,reviewed,tx,tx
2023-10-10T10:21:15.555Z,28.929,-98.055,4.6464,2.8,ml(texnet),20,44,0.1,0.2,tx,tx2023twaj,2023-12-16T22:13:06.040Z,"6 km SSW of Falls City, Texas",earthquake,1.041465609,2.298420014,0.1,6,reviewed,tx,tx
2023-10-09T13:48:48.340Z,38.7628333,-122.7255,2.15,2.8,md,97,26,0.001335,0.07,nc,nc73948151,2023-12-16T22:13:06.040Z,"3 km ESE of The Geysers, CA",earthquake,0.09,0.14,0.188,141,reviewed,nc,nc
2023-10-01T20:13:09.407Z,43.6406,-105.3599,0,2.8,ml,8,116,1.071,0.66,us,us6000ld88,2023-12-14T21:26:53.040Z,"16 km SE of Wright, Wyoming",mining explosion,4.98,1.613,0.077,24,reviewed,us,us
2023-09-29T00:09:52.101Z,31.653,-104.45,6.6971,2.8,ml(texnet),21,72,0,0.2,tx,tx2023tbdq,2023-12-09T22:00:41.040Z,"58 km S of Whites City, New Mexico",earthquake,1.306123671,0.695017342,0,6,reviewed,tx,tx
2023-09-28T11:57:03.687Z,28.849,-98.137,2.5677,2.8,ml(texnet),20,63,0.1,0.3,tx,tx2023tafm,2023-12-09T22:00:40.040Z,"18 km SW of Falls City, Texas",earthquake,0.862628728,3.37388191,0.2,16,reviewed,tx,tx
2023-09-24T08:50:17.927Z,32.687,-100.687,6.4805,2.8,ml(texnet),19,82,0,0.1,tx,tx2023ssri,2023-12-09T22:00:44.040Z,"8 km NE of Hermleigh, Texas",earthquake,0.681464977,0.809138387,0.1,14,reviewed,tx,tx
2023-09-20T19:15:32.196Z,37.2932,-104.4898,5.158,2.8,mb_lg,9,65,0.166,0.13,us,us7000kwz1,2023-12-02T23:01:09.040Z,"7 km NNW of El Moro, Colorado",earthquake,1.33,3.516,0.102,43,reviewed,us,us
2023-09-20T01:29:57.898Z,32.47375488,-102.0924638,4.352945964,2.8,ml,21,73,0.101237472,0.2,tx,tx2023skuu,2023-12-02T23:01:08.040Z,"31 km SSW of Los Ybanez, Texas",earthquake,1.195755628,2.533227991,0.1,7,reviewed,tx,tx
2023-09-19T10:54:55.937Z,40.1755,-98.3374,9.951,2.8,mb_lg,24,52,1.24,0.43,us,us7000kwmt,2024-01-18T20:55:00.553Z,"9 km E of Cowles, Nebraska",earthquake,1.84,7.414,0.054,92,reviewed,us,us
2023-09-17T20:20:29.317Z,35.4387,-113.2249,5,2.8,ml,21,47,0.569,0.72,us,us7000kwcr,2023-12-02T23:01:06.040Z,"20 km ESE of Peach Springs, Arizona",earthquake,1.45,1.933,0.042,76,reviewed,us,us
2023-09-12T17:19:15.464Z,31.67568637,-104.4309811,6.774267578,2.8,ml,14,60,0.006334042,0.1,tx,tx2023rxkc,2023-11-18T22:29:33.040Z,"55 km S of Whites City, New Mexico",earthquake,1.648696599,1.355906615,0.1,6,reviewed,tx,tx
2023-09-12T15:34:09.774Z,32.68157959,-100.691573,7.409790039,2.8,ml,20,56,0.041192539,0.2,tx,tx2023rxgp,2023-11-18T22:29:33.040Z,"8 km NE of Hermleigh, Texas",earthquake,0.784793549,1.19854764,0.1,20,reviewed,tx,tx
2023-09-11T23:56:08.599Z,29.04327393,-97.85948989,0.024454753,2.8,ml,12,73,0.049618245,0.1,tx,tx2023rwbr,2023-11-18T22:29:33.040Z,"16 km ENE of Falls City, Texas",earthquake,0.764300276,1.262380539,0.1,16,reviewed,tx,tx
2023-09-11T11:59:15.755Z,32.689,-109.1253,5,2.8,ml,23,70,0.138,0.64,us,us7000kuzs,2023-11-18T22:29:33.040Z,"4 km SSW of Duncan, Arizona",earthquake,2.12,1.968,0.057,40,reviewed,us,us
2023-09-10T07:44:14.520Z,29.04693604,-97.83467371,5.942504883,2.8,ml,19,72,0.084141055,0.3,tx,tx2023rtac,2023-11-18T22:29:32.040Z,"19 km NNE of Karnes City, Texas",earthquake,1.234025349,2.164299339,0.2,9,reviewed,tx,tx
2023-09-09T16:13:03.763Z,41.708,-108.6356,0,2.8,ml,15,90,0.911,0.38,us,us7000kumb,2023-11-17T19:47:52.040Z,"12 km ENE of Point of Rocks, Wyoming",mining explosion,2.4,1.692,0.06,36,reviewed,us,us
2023-09-08T22:17:13.300Z,40.959,-121.5696667,13.29,2.8,md,34,38,0.09745,0.09,nc,nc73934836,2023-11-17T19:47:46.040Z,"12 km NE of Burney, CA",earthquake,0.19,0.56,0.161,66,reviewed,nc,nc
2023-09-06T04:30:49.960Z,31.73209265,-104.094982,6.632873535,2.8,ml,36,66,0.031345069,0.2,tx,tx2023rlls,2023-11-17T19:47:49.040Z,western Texas,earthquake,0.416196798,0.448845837,0.2,18,reviewed,tx,tx
2023-09-04T01:19:29.896Z,31.35762592,-103.0800718,3.81784668,2.8,ml,24,72,0.021975464,0.2,tx,tx2023rhoj,2023-11-17T19:47:49.040Z,"12 km N of Coyanosa, Texas",earthquake,0.92316014,1.557596021,0.2,18,reviewed,tx,tx
2023-09-04T00:36:36.627Z,44.046,-106.0545,5,2.8,ml,22,117,1.436,0.71,us,us7000kt36,2023-11-17T19:47:49.040Z,"50 km WSW of Antelope Valley-Crestview, Wyoming",earthquake,4.86,1.957,0.059,38,reviewed,us,us
2023-09-01T23:56:51.230Z,38.8053333,-122.811,3.61,2.8,md,86,26,0.01254,0.06,nc,nc73931896,2023-11-04T21:36:15.040Z,"6 km WNW of The Geysers, CA",earthquake,0.09,0.13,0.217,111,reviewed,nc,nc
2023-09-01T09:13:18.922Z,31.93267822,-102.0206507,8.387980143,2.8,ml,20,58,0.100000326,0.1,tx,tx2023rcrm,2023-11-04T21:36:09.040Z,"8 km SE of Midland, Texas",earthquake,0.617331785,1.413610826,0.2,30,reviewed,tx,tx
2023-08-31T09:44:46.242Z,32.10388184,-101.0635004,8.656982422,2.8,ml,19,67,0.196953313,0.1,tx,tx2023raxa,2023-11-04T21:36:03.040Z,"28 km S of Westbrook, Texas",earthquake,0.840655751,2.525353444,0,7,reviewed,tx,tx
2023-08-30T16:02:12.424Z,37.05,-105.0219,5,2.8,mb_lg,15,84,0.204,0.34,us,us7000ks4x,2023-11-04T21:35:53.040Z,"11 km S of Stonewall Gap, Colorado",earthquake,1.42,1.61,0.083,62,reviewed,us,us
2023-08-30T04:52:37.940Z,44.2527,-115.2215,20.882,2.8,ml,19,107,0.847,0.83,us,us7000ks0k,2023-11-04T21:35:49.040Z,"22 km W of Stanley, Idaho",earthquake,1.67,7.298,0.043,70,reviewed,us,us
2023-08-22T06:55:55.598Z,31.60965503,-103.9911285,8.548120117,2.8,ml,21,40,0.019042412,0.1,tx,tx2023qkfy,2023-10-28T19:15:34.040Z,"37 km NNW of Toyah, Texas",earthquake,0.623823964,0.693430039,0.1,37,reviewed,tx,tx
2023-08-21T23:55:57.070Z,31.67107653,-104.3983702,7.365551758,2.8,ml,17,81,0.025221253,0.1,tx,tx2023qjsc,2023-10-28T19:15:34.040Z,"55 km S of Whites City, New Mexico",earthquake,1.163121179,1.224368778,0.1,31,reviewed,tx,tx
2023-08-15T22:57:39.927Z,31.68448725,-104.3855696,6.080151367,2.8,ml,24,56,0.034632975,0.2,tx,tx2023pyre,2023-10-27T21:39:02.040Z,"54 km S of Whites City, New Mexico",earthquake,0.798348522,0.699116064,0.1,19,reviewed,tx,tx
2023-08-09T04:25:11.513Z,31.67839805,-104.4032812,5.46315918,2.8,ml,15,56,0.019374859,0.2,tx,tx2023pmhk,2023-10-17T22:01:28.040Z,western Texas,earthquake,0.875131068,0.901233848,0.1,25,reviewed,tx,tx
2023-08-08T17:38:27.284Z,31.6675007,-104.4179856,7.185595703,2.8,ml,19,57,0.014487838,0.2,tx,tx2023plmd,2023-10-17T22:01:28.040Z,"56 km S of Whites City, New Mexico",earthquake,1.595780446,1.170936116,0.1,33,reviewed,tx,tx
2023-08-08T04:05:20.631Z,31.66922076,-104.401045,6.182983398,2.8,ml,31,69,0.023918626,0.2,tx,tx2023pklj,2023-10-17T22:01:27.040Z,"56 km S of Whites City, New Mexico",earthquake,0.852628702,0.739826947,0.1,7,reviewed,tx,tx
2023-07-19T11:31:00.998Z,38.5375,-118.1593,8.3,2.8,ml,18,38.85,0.365,0.2006,nn,nn00862977,2023-09-28T21:33:49.040Z,"16 km NNW of Mina, Nevada",earthquake,,1.3,0.21,9,reviewed,nn,nn
2023-07-16T13:36:38.788Z,39.3942,-119.7142,6.4,2.8,ml,25,58.8,0.039,0.1261,nn,nn00862754,2024-01-29T00:43:27.605Z,"10 km NNW of Virginia City, Nevada",earthquake,,0.9,0.32,5,reviewed,nn,nn
2023-07-15T23:32:22.403Z,31.73033869,-104.5330293,4.126342773,2.8,ml,41,149,0.012492192,0.2,tx,tx2023nubr,2023-09-16T19:16:18.040Z,"51 km SSW of Whites City, New Mexico",earthquake,1.001395227,0.483753859,0.1,25,reviewed,tx,tx
2023-07-14T15:29:47.531Z,37.7435,-112.5517,5,2.8,ml,28,65,0.355,0.16,us,us7000kfs1,2023-09-16T19:16:15.040Z,Utah,earthquake,0.87,1.853,0.049,55,reviewed,us,us
2023-07-08T23:15:37.190Z,46.5956,-76.1192,10,2.8,mb_lg,17,100,1.149,0.39,us,us6000kr0w,2023-09-09T21:55:02.040Z,"14 km NW of Saint-Boniface, Canada",earthquake,1.97,2,0.057,80,reviewed,us,us
2023-07-06T16:51:11.019Z,45.1992,-106.9367,0,2.8,ml,24,149,2.01,0.75,us,us6000kqj0,2023-09-09T21:54:52.040Z,"35 km WSW of Birney, Montana",mining explosion,4.72,1.847,0.052,48,reviewed,us,us
2023-07-04T02:41:40.116Z,37.0923,-115.2815,0,2.8,ml,17,140.12,0.364,0.153,nn,nn00862108,2024-01-18T20:24:15.805Z,"31 km SSW of Alamo, Nevada",earthquake,,0,0.38,10,reviewed,nn,nn
2023-07-02T10:20:07.491Z,31.6539832,-104.2588203,6.131567383,2.8,ml,18,59,0.018392117,0.1,tx,tx2023mvia,2023-09-09T21:54:36.040Z,"58 km NW of Toyah, Texas",earthquake,0.734306851,1.138905494,0.1,25,reviewed,tx,tx
2023-06-27T06:37:16.923Z,37.0512,-104.9431,8.561,2.8,ml,25,63,0.146,0.57,us,us6000knck,2023-09-08T14:18:23.040Z,"12 km SW of Weston, Colorado",earthquake,2.77,8.515,0.049,54,reviewed,us,us
2023-06-21T14:18:25.249Z,39.6242,-119.9699,6.8,2.8,ml,29,69.3,0.018,0.1336,nn,nn00861503,2023-08-26T20:54:12.040Z,"6 km S of Cold Springs, Nevada",earthquake,,0.8,0.18,7,reviewed,nn,nn
2023-06-20T18:02:29.504Z,31.6605552,-104.3907401,6.131567383,2.8,ml,24,63,0.035474293,0.2,tx,tx2023lzzf,2023-08-26T20:54:24.040Z,"57 km S of Whites City, New Mexico",earthquake,1.099226332,0.834268443,0.1,17,reviewed,tx,tx
2023-06-20T16:40:11.565Z,44.2762,-115.0566,14.833,2.8,ml,32,53,0.839,0.38,us,us7000k9wn,2023-08-26T20:54:13.040Z,southern Idaho,earthquake,1.52,7.652,0.034,116,reviewed,us,us
2023-06-19T17:49:26.080Z,31.67315405,-104.1954427,6.388647461,2.8,ml,32,58,0.059232724,0.2,tx,tx2023lydg,2023-08-26T20:54:25.040Z,"55 km NW of Toyah, Texas",earthquake,0.857117077,1.086137963,0.1,17,reviewed,tx,tx
2023-06-03T01:30:59.554Z,31.06300463,-103.3187623,2.918066406,2.8,ml,11,68,0.061322014,0.2,tx,tx2023ktqz,2023-08-05T22:07:50.040Z,"31 km SW of Coyanosa, Texas",earthquake,0.791985328,1.425027078,0.1,13,reviewed,tx,tx
2023-06-03T00:28:11.733Z,37.2962,-104.476,6.911,2.8,ml,9,106,0.165,0.14,us,us7000k5yp,2023-08-05T22:07:50.040Z,"8 km N of El Moro, Colorado",earthquake,1.52,4.259,0.06,60,reviewed,us,us
2023-05-21T03:06:38.381Z,37.2759,-117.586,5,2.8,ml,44,63,0.064,0.65,us,us6000kdjl,2023-07-29T22:00:24.040Z,"53 km S of Silver Peak, Nevada",earthquake,1.02,1.936,0.035,105,reviewed,us,us
2023-05-19T03:09:39.982Z,38.6688,-97.4952,5,2.8,mb_lg,18,97,0.724,0.58,us,us6000kd0t,2023-07-24T01:16:07.040Z,"7 km SW of Gypsum, Kansas",earthquake,2.78,1.987,0.052,96,reviewed,us,us
2023-05-17T17:22:49.712Z,36.9858,-105.0295,5,2.8,ml,29,35,0.145,1.25,us,us6000kckk,2024-01-18T19:57:17.889Z,"18 km S of Stonewall Gap, Colorado",earthquake,4.01,1.911,0.055,68,reviewed,us,us
2023-05-12T22:29:14.464Z,38.4022,-118.9145,11.5,2.8,ml,14,64.37,0.22,0.1563,nn,nn00859459,2023-07-22T19:17:12.040Z,"28 km WSW of Hawthorne, Nevada",earthquake,,1.9,0.19,7,reviewed,nn,nn
2023-05-12T06:49:51.346Z,31.52829787,-104.1651651,9.036572266,2.8,ml,28,73,0.060235655,0.2,tx,tx2023jfwl,2023-07-22T19:16:58.040Z,"42 km WNW of Toyah, Texas",earthquake,1.027150688,1.432575946,0.1,17,reviewed,tx,tx
2023-05-12T02:54:30.506Z,31.5234584,-104.1680898,6.542895508,2.8,ml,23,65,0.06565509,0.1,tx,tx2023jfos,2023-07-22T19:16:56.040Z,"42 km WNW of Toyah, Texas",earthquake,1.028850201,1.218496724,0.1,31,reviewed,tx,tx
2023-05-10T23:20:03.355Z,31.54048553,-104.1633625,6.542895508,2.8,ml,34,71,0.049554717,0.2,tx,tx2023jdmc,2023-07-22T19:16:41.040Z,"43 km NW of Toyah, Texas",earthquake,0.926655717,1.026618951,0.2,15,reviewed,tx,tx
2023-05-10T08:16:41.990Z,34.0245,-117.4983333,18.07,2.8,ml,148,17,0.03659,0.22,ci,ci40222087,2023-07-22T19:16:35.040Z,"2km NW of Glen Avon, CA",earthquake,0.12,0.25,0.159,151,reviewed,ci,ci
2023-05-05T21:11:27.212Z,38.1839,-117.859,11.4,2.8,ml,9,69.47,0.1,0.1794,nn,nn00859119,2023-07-15T22:10:01.040Z,"32 km SE of Mina, Nevada",earthquake,,1.5,0.19,6,reviewed,nn,nn
2023-05-05T06:27:50.975Z,31.66862699,-104.5496102,6.028735352,2.8,ml,55,80,0.041637901,0.2,tx,tx2023itbe,2023-07-15T22:09:46.040Z,"58 km SSW of Whites City, New Mexico",earthquake,0.952253139,0.540978504,0.1,32,reviewed,tx,tx
2023-04-26T07:26:57.974Z,31.67585106,-104.4062191,6.362939453,2.8,ml,12,88,0.017358649,0.2,tx,tx2023icrp,2023-07-11T01:44:30.040Z,"55 km S of Whites City, New Mexico",earthquake,1.119544746,0.829512393,0.1,18,reviewed,tx,tx
2023-04-26T06:44:51.881Z,29.0513,-104.0927,11.754,2.8,ml,35,122,0.467,1.07,us,us7000jvyt,2023-07-11T01:44:59.040Z,"45 km SSE of Redford, Texas",earthquake,3.39,7.606,0.074,24,reviewed,us,us
2023-04-25T03:28:22.959Z,31.68028184,-104.3962996,6.440063477,2.8,ml,26,56,0.025232185,0.2,tx,tx2023iaoh,2023-07-11T01:44:34.040Z,"54 km S of Whites City, New Mexico",earthquake,0.742005158,0.684720438,0.1,53,reviewed,tx,tx
2023-04-19T01:00:57.520Z,47.43566667,-121.7908333,19.86,2.8,ml,83,47,0.01294,0.28,uw,uw61918431,2023-07-03T02:47:13.040Z,"2 km SW of Wilderness Rim, Washington",earthquake,0.33,0.37,0.144007764,64,reviewed,uw,uw
2023-04-18T23:50:36.921Z,37.1909,-104.7436,6.823,2.8,mb_lg,18,74,0.076,0.72,us,us6000k5eg,2023-07-03T02:47:13.040Z,"7 km N of Segundo, Colorado",earthquake,1.81,5.974,0.072,71,reviewed,us,us
2023-04-17T20:47:22.740Z,31.67768585,-104.3709739,6.131567383,2.8,ml,28,57,0.056327771,0.2,tx,tx2023hngm,2023-07-03T02:47:24.040Z,"55 km S of Whites City, New Mexico",earthquake,0.718440656,0.934240143,0.2,12,reviewed,tx,tx
2023-04-17T14:19:13.753Z,31.66325822,-104.3630436,6.671435547,2.8,ml,36,66,0.059242432,0.2,tx,tx2023hmtr,2023-07-03T02:47:30.040Z,"56 km S of Whites City, New Mexico",earthquake,0.674011838,0.889950832,0.1,23,reviewed,tx,tx
2023-04-17T09:18:33.278Z,31.89826539,-103.4531249,8.419580078,2.8,ml,17,74,0.125161836,0.2,tx,tx2023hmjs,2023-07-03T02:47:33.040Z,"25 km NNE of Mentone, Texas",earthquake,0.936577914,1.87381398,0.2,13,reviewed,tx,tx
2023-04-16T05:50:27.949Z,31.67954872,-104.4030225,6.671435547,2.8,ml,38,83,0.034038677,0.3,tx,tx2023hkhm,2023-07-03T02:47:45.040Z,"55 km S of Whites City, New Mexico",earthquake,0.847061044,0.9121165,0.1,21,reviewed,tx,tx
2023-04-14T15:07:12.354Z,43.8614,-105.2576,0,2.8,ml,13,142,0.919,0.33,us,us6000k4hk,2024-01-18T19:47:19.213Z,"22 km ENE of Wright, Wyoming",mining explosion,5.01,1.837,0.083,19,reviewed,us,us
2024-04-01T05:08:58.180Z,47.7795,-122.5705,24.16,2.81,ml,58,23,0.04423,0.23,uw,uw61985547,2024-04-02T14:44:48.363Z,"4 km NW of Indianola, Washington",earthquake,0.28,0.59,0.187161228,52,reviewed,uw,uw
2024-03-28T23:55:12.470Z,38.57033333,-89.53333333,23.6,2.81,md,19,58,0.3115,0.21,nm,nm60575426,2024-04-09T14:08:28.659Z,"1 km NNE of Germantown, Illinois",earthquake,0.34,1.11,0.088447566,13,reviewed,nm,nm
2024-03-23T22:29:39.320Z,36.4196667,-120.9863333,10.86,2.81,md,65,123,0.06783,0.08,nc,nc74022866,2024-04-14T01:06:51.040Z,"19 km SE of Pinnacles, CA",earthquake,0.17,0.29,0.137,112,reviewed,nc,nc
2024-03-01T12:04:00.240Z,35.54433333,-96.74383333,7.23,2.81,ml,97,34,0,0.16,ok,ok2024egob,2024-03-28T13:18:22.040Z,"8 km NW of Prague, Oklahoma",earthquake,,0.2,0.25,40,reviewed,ok,ok
2024-01-29T20:45:55.650Z,37.6031667,-118.8535,5.64,2.81,md,31,136,0.01749,0.05,nc,nc73996341,2024-04-13T19:27:02.040Z,"12 km ESE of Mammoth Lakes, CA",earthquake,0.25,0.31,0.188,61,reviewed,nc,nc
2024-01-01T06:24:02.500Z,35.3088333,-120.8905,5.52,2.81,md,52,152,0.04807,0.11,nc,nc73983666,2024-03-09T21:38:15.040Z,"5 km W of Baywood-Los Osos, CA",earthquake,0.2,0.39,0.127,88,reviewed,nc,nc
2023-12-21T04:09:18.460Z,31.567,-115.6198333,10.95,2.81,ml,12,65,0.2243,0.19,ci,ci40448967,2024-02-27T22:57:03.040Z,"85 km SSW of Alberto Oviedo Mota, B.C., MX",earthquake,0.34,1.09,0.16,10,reviewed,ci,ci
2023-12-12T19:46:45.900Z,32.9223333,-116.255,10.91,2.81,ml,96,36,0.05187,0.23,ci,ci40620192,2024-02-17T22:43:07.040Z,"27 km SSW of Ocotillo Wells, CA",earthquake,0.13,0.39,0.128,24,reviewed,ci,ci
2023-12-09T18:36:13.200Z,33.1606667,-115.6558333,3.2,2.81,ml,66,35,0.03578,0.24,ci,ci40618160,2024-02-10T23:47:46.040Z,"14 km WNW of Calipatria, CA",earthquake,0.17,0.37,0.156,59,reviewed,ci,ci
2023-09-23T07:26:09.700Z,37.5263333,-118.8351667,3.35,2.81,md,31,106,0.06376,0.04,nc,nc73940601,2023-12-02T23:01:11.040Z,"14 km WSW of Toms Place, CA",earthquake,0.35,0.72,0.139,46,reviewed,nc,nc
2023-09-20T16:09:55.377Z,31.51911132,-104.1640309,6.568603516,2.81,ml(texnet),10,77.0350531,0.160487195,0.206011106,tx,tx2023slxy,2023-12-02T23:01:09.040Z,"41 km WNW of Toyah, Texas",earthquake,1.604061625,2.469253901,0.158172278,7,reviewed,tx,tx
2023-09-07T14:25:05.480Z,38.5063333,-119.5181667,4.03,2.81,md,18,99,0.03121,0.06,nc,nc73934201,2023-11-17T19:47:46.040Z,"4 km WSW of Walker, CA",earthquake,0.28,0.42,0.194,46,reviewed,nc,nc
2023-08-20T21:47:47.010Z,34.4441667,-119.1873333,1.37,2.81,ml,30,70,0.04182,0.32,ci,ci37566364,2023-10-28T19:15:32.040Z,"5 km E of Ojai, CA",earthquake,0.38,0.74,0.066,7,reviewed,ci,ci
2023-06-14T00:04:24.910Z,40.5088333,-124.4831667,17.1,2.81,md,36,235,0.116,0.16,nc,nc73900856,2023-08-21T04:18:51.040Z,"20km WSW of Ferndale, CA",earthquake,0.63,0.34,0.119,55,reviewed,nc,nc
2023-05-13T11:37:12.920Z,40.2096667,-121.1533333,6.47,2.81,md,37,35,0.03847,0.17,nc,nc73887576,2023-07-22T19:17:16.040Z,"0km ENE of Prattville, CA",earthquake,0.3,0.52,0.146,78,reviewed,nc,nc
2023-05-08T05:17:40.240Z,40.1328333,-123.0718333,40.25,2.81,md,71,22,0.2106,0.14,nc,nc73885286,2023-07-22T19:16:10.040Z,"41km NNE of Covelo, CA",earthquake,0.21,0.55,0.224,67,reviewed,nc,nc
2023-04-30T07:19:16.850Z,33.2198333,-115.5958333,1.77,2.81,ml,48,83,0.04292,0.22,ci,ci40215607,2023-07-15T22:10:36.040Z,"8km WSW of Niland, CA",earthquake,0.28,0.41,0.117,27,reviewed,ci,ci
2024-04-07T06:32:06.589Z,34.25283333,-97.57066667,12.53,2.82,ml,66,53,0.111578105,0.43,ok,ok2024gvst,2024-04-11T21:34:37.040Z,"7 km WNW of Healdton, Oklahoma",earthquake,,1.6,0.19,26,reviewed,ok,ok
2024-03-23T16:58:46.880Z,36.36883333,-95.45583333,5,2.82,ml,64,143,0.400421424,0.28,ok,ok2024fvcw,2024-04-18T17:02:14.040Z,"9 km SE of Foyil, Oklahoma",earthquake,,1.1,0.22,20,reviewed,ok,ok
2024-02-01T20:17:35.210Z,36.6935,-121.3311667,4.69,2.82,md,69,101,0.01861,0.1,nc,nc73997461,2024-04-13T19:33:53.040Z,"11 km S of Tres Pinos, CA",earthquake,0.16,0.34,0.137,107,reviewed,nc,nc
2023-11-23T17:15:05.860Z,41.8308333,-124.3055,-0.42,2.82,md,23,185,0.106,0.22,nc,nc73966421,2024-02-01T15:13:43.040Z,"12 km NW of Crescent City, CA",earthquake,0.71,0.61,0.263,26,reviewed,nc,nc
2023-10-28T03:21:13.400Z,37.3436667,-121.701,8.2,2.82,md,117,54,,0.08,nc,nc73952515,2024-01-04T04:22:32.040Z,"11 km ESE of Alum Rock, CA",earthquake,0.09,0.24,0.134,177,reviewed,nc,nc
2023-09-22T18:03:14.460Z,37.3086667,-122.0761667,7.97,2.82,md,123,67,0.0115,0.14,nc,nc73940346,2023-12-02T23:01:11.040Z,"4 km WSW of Cupertino, CA",earthquake,0.13,0.18,0.13,149,reviewed,nc,nc
2023-09-15T21:41:15.050Z,40.9978333,-121.5371667,13.67,2.82,md,52,31,0.09306,0.15,nc,nc73937206,2023-11-18T22:29:35.040Z,"8 km W of Fall River Mills, CA",earthquake,0.19,0.57,0.111,63,reviewed,nc,nc
2023-09-08T05:59:23.360Z,33.233,-116.7775,11.95,2.82,ml,140,12,0.01599,0.21,ci,ci39661050,2023-12-01T07:59:40.883Z,"2 km SW of Lake Henshaw, CA",earthquake,0.1,0.33,0.149,175,reviewed,ci,ci
2023-07-14T18:39:42.910Z,36.0938333,-117.9015,4.73,2.82,ml,39,81,0.04459,0.16,ci,ci39613050,2023-09-16T19:16:15.040Z,"7km NE of Coso Junction, CA",earthquake,0.2,0.57,0.133,38,reviewed,ci,ci
2023-06-17T17:58:21.910Z,44.0811667,-110.3863333,6.91,2.82,ml,19,116,0.2092,0.17,uu,uu60542476,2023-08-21T04:19:21.040Z,"54 km NNE of Kelly, Wyoming",earthquake,0.55,1.45,0.14,11,reviewed,uu,uu
2023-05-15T11:35:50.630Z,40.4011667,-124.359,28.26,2.82,md,28,205,0.1133,0.15,nc,nc73888396,2023-07-24T01:16:47.040Z,"10km NW of Petrolia, CA",earthquake,0.43,0.65,0.171,56,reviewed,nc,nc
2023-04-23T20:20:18.080Z,37.9575,-121.846,20.63,2.82,ml,142,34,0.06612,0.3,nc,nc73877065,2023-10-18T17:48:06.862Z,"6km SW of Antioch, CA",earthquake,0.21,0.3,0.172,109,reviewed,nc,nc
2023-04-12T05:40:30.970Z,38.8378333,-122.8048333,0.27,2.82,md,37,58,0.01133,0.04,nc,nc73871185,2023-06-17T21:36:48.040Z,"7km WNW of Cobb, CA",earthquake,0.13,0.25,0.264,29,reviewed,nc,nc
2024-03-24T08:33:16.410Z,48.117,-122.714,56.05,2.83,ml,99,32,0.07093,0.17,uw,uw61991971,2024-04-17T04:55:56.040Z,"3 km E of Port Townsend, Washington",earthquake,0.24,0.36,0.155921418,133,reviewed,uw,uw
2024-02-12T11:33:29.880Z,32.8093333,-115.5736667,14.39,2.83,ml,51,47,0.05926,0.25,ci,ci40667288,2024-03-13T14:12:05.040Z,"3 km NNW of El Centro, CA",earthquake,0.25,0.43,0.291,19,reviewed,ci,ci
2024-02-11T16:36:38.690Z,32.4883333,-119.211,14.76,2.83,ml,15,244,0.744,0.32,ci,ci40665880,2024-02-18T21:18:15.040Z,"83 km SW of San Clemente Is. (NW tip), CA",earthquake,1.23,1.33,0.128,79,reviewed,ci,ci
2024-02-11T01:10:20.470Z,33.06,-115.5815,11.11,2.83,ml,52,41,0.02168,0.25,ci,ci40665472,2024-03-02T01:04:01.040Z,"4 km NE of Westmorland, CA",earthquake,0.2,0.34,0.148,111,reviewed,ci,ci
2024-01-01T13:15:25.500Z,38.831,-122.8143333,1.79,2.83,md,100,22,0.008291,0.05,nc,nc73983786,2024-03-09T21:38:27.040Z,"8 km NW of The Geysers, CA",earthquake,0.08,0.11,0.167,169,reviewed,nc,nc
2023-12-08T17:54:12.030Z,37.6035,-118.8545,5.6,2.83,md,33,136,0.01686,0.05,nc,nc73973296,2024-02-10T23:47:43.040Z,"12 km ESE of Mammoth Lakes, CA",earthquake,0.23,0.29,0.133,73,reviewed,nc,nc
2023-11-12T01:52:34.880Z,40.4905,-124.7968333,21.31,2.83,md,84,224,0.3507,0.18,nc,nc73961906,2024-01-26T16:37:40.040Z,"46 km WSW of Ferndale, CA",earthquake,0.63,0.91,0.176,76,reviewed,nc,nc
2023-09-22T08:56:47.740Z,36.41433333,-96.8765,7.29,2.83,ml,99,58,0,0.25,ok,ok2023span,2024-01-18T20:56:35.523Z,"10 km NW of Pawnee, Oklahoma",earthquake,,0.3,0.24,39,reviewed,ok,ok
2023-09-20T22:47:28.430Z,39.7386667,-120.5633333,1.07,2.83,md,21,65,0.1024,0.1,nc,nc73939586,2023-12-02T23:01:09.040Z,"0 km E of Valley Ranch, CA",earthquake,0.26,1.53,0.175,46,reviewed,nc,nc
2023-08-10T20:31:35.370Z,35.9276667,-120.4803333,9.53,2.83,md,69,47,0.02024,0.11,nc,nc73922641,2023-10-17T22:01:29.040Z,"6 km NW of Parkfield, CA",earthquake,0.13,0.17,0.142,83,reviewed,nc,nc
2023-08-06T09:49:20.170Z,36.8768333,-121.6071667,5.44,2.83,md,73,62,,0.11,nc,nc73920986,2023-10-17T22:01:25.040Z,"3 km ESE of Aromas, CA",earthquake,0.14,0.24,0.118,137,reviewed,nc,nc
2023-07-23T22:09:48.910Z,38.8456667,-122.8106667,1.47,2.83,md,53,27,0.01337,0.09,nc,nc73915856,2023-09-30T21:36:39.040Z,"8 km WNW of Cobb, CA",earthquake,0.12,0.18,0.168,29,reviewed,nc,nc
2023-05-20T21:55:32.230Z,36.38266667,-83.7465,17.34,2.83,md,30,48,0.2253,0.21,se,se60526396,2023-07-24T01:15:26.040Z,Kentucky-Tennessee border region,earthquake,0.34,0.69,0.148486776,22,reviewed,se,se
2023-05-11T23:23:48.220Z,40.2301667,-121.1663333,5.78,2.83,ml,37,44,0.02374,0.17,nc,nc71130369,2023-07-22T19:16:58.040Z,"2km NNE of Almanor, CA",earthquake,0.28,0.45,0.067,8,reviewed,nc,nc
2023-04-21T04:48:42.980Z,38.792,-122.7475,2.53,2.83,md,100,29,0.01214,0.06,nc,nc73876100,2023-07-03T02:46:53.040Z,"2km NNE of The Geysers, CA",earthquake,0.09,0.14,0.185,129,reviewed,nc,nc
2024-04-12T08:36:15.070Z,36.55483333,-89.8195,12.83,2.84,md,66,43,0.06294,0.11,nm,nm60577031,2024-04-15T01:39:24.198Z,"0 km NW of Risco, Missouri",earthquake,0.21,0.48,0.100027244,55,reviewed,nm,nm
2024-01-31T18:35:18.890Z,34.0046667,-117.1201667,17.99,2.84,ml,134,17,0.07195,0.17,ci,ci40658392,2024-04-13T19:30:07.040Z,"6 km WNW of Calimesa, CA",earthquake,0.1,0.21,0.162,171,reviewed,ci,ci
2023-12-27T19:11:41.230Z,35.9243333,-117.6861667,2.17,2.84,ml,34,63,0.1096,0.19,ci,ci40451855,2024-03-02T21:39:32.040Z,"20 km E of Little Lake, CA",earthquake,0.22,0.32,0.151,22,reviewed,ci,ci
2023-09-27T05:27:58.160Z,37.517,-118.8553333,5.77,2.84,md,32,83,0.07582,0.03,nc,nc73942461,2023-12-09T22:00:40.040Z,"16 km WSW of Toms Place, CA",earthquake,0.34,0.57,0.104,51,reviewed,nc,nc
2023-09-21T07:24:26.789Z,34.4735,-97.76116667,18.13,2.84,ml,97,47,0.140372454,0.38,ok,ok2023snbz,2023-12-02T23:01:09.040Z,"8 km W of Velma, Oklahoma",earthquake,,0.9,0.22,27,reviewed,ok,ok
2023-08-21T03:03:58.270Z,34.4135,-119.1998333,2.37,2.84,ml,76,30,0.05658,0.31,ci,ci39645970,2023-10-28T19:15:33.040Z,"6 km SE of Ojai, CA",earthquake,0.22,0.42,0.123,83,reviewed,ci,ci
2023-08-08T11:51:12.750Z,47.60383333,-121.7875,16.29,2.84,ml,86,56,0.1114,0.24,uw,uw61939497,2024-03-20T21:31:41.700Z,"8 km ENE of Fall City, Washington",earthquake,0.24,0.41,0.132215551,68,reviewed,uw,uw
2023-06-23T18:52:31.700Z,36.538,-121.145,2.65,2.84,md,57,115,,0.11,nc,nc73904321,2023-08-26T20:54:10.040Z,"1km NNW of Pinnacles, CA",earthquake,0.17,0.28,0.103,104,reviewed,nc,nc
2023-05-17T16:10:51.230Z,40.4916667,-124.8355,14.73,2.84,md,32,243,0.4277,0.14,nc,nc73889196,2023-07-24T01:16:24.040Z,"49km W of Ferndale, CA",earthquake,1.45,0.94,0.102,31,reviewed,nc,nc
2023-05-14T18:33:21.930Z,36.544,-121.1368333,6.15,2.84,md,65,59,0.01409,0.12,nc,nc73888096,2023-07-24T01:16:55.040Z,"2km NNE of Pinnacles, CA",earthquake,0.16,0.42,0.146,121,reviewed,nc,nc
2023-05-12T05:17:17.190Z,40.1978333,-121.0985,6.5,2.84,md,50,38,0.0614,0.18,nc,nc73886936,2023-07-22T19:16:57.040Z,"4km NNW of Canyondam, CA",earthquake,0.25,0.56,0.135,89,reviewed,nc,nc
2023-05-07T08:28:23.329Z,35.24716667,-98.04966667,6.81,2.84,ml,74,72,0.035992937,0.19,ok,ok2023iwwe,2023-07-22T19:16:16.040Z,"10 km NW of Pocasset, Oklahoma",earthquake,,0.4,0.24,32,reviewed,ok,ok
2023-05-02T06:10:03.790Z,41.1945,-124.2323333,16.31,2.84,md,29,175,0.1535,0.14,nc,nc73882946,2023-07-15T22:10:51.040Z,"17km NNW of Trinidad, CA",earthquake,0.5,0.29,0.185,36,reviewed,nc,nc
2023-04-30T04:39:53.510Z,32.7113333,-115.5403333,7.77,2.84,ml,34,48,0.0613,0.23,ci,ci40215423,2023-07-15T22:10:33.040Z,"2km SSW of Heber, CA",earthquake,0.33,0.55,0.215,21,reviewed,ci,ci
2024-04-05T10:46:46.100Z,40.0401667,-121.2998333,5.76,2.85,md,44,29,0.2387,0.2,nc,nc74029686,2024-04-12T10:27:30.040Z,"6 km NW of Belden, CA",earthquake,0.32,1.63,0.173,89,reviewed,nc,nc
2024-02-17T04:37:15.860Z,33.3045,-116.2471667,6.42,2.85,ml,106,18,0.07786,0.19,ci,ci40671840,2024-03-19T21:56:25.040Z,"13 km ENE of Borrego Springs, CA",earthquake,0.1,0.47,0.146,163,reviewed,ci,ci
2024-01-03T03:15:45.550Z,33.6956667,-115.9555,2.02,2.85,ml,72,35,0.04963,0.16,ci,ci40454359,2024-03-09T21:38:55.040Z,"18 km NE of Mecca, CA",earthquake,0.13,0.24,0.14,114,reviewed,ci,ci
2023-05-18T13:46:15.740Z,40.2155,-121.1318333,7.22,2.85,md,41,35,0.0338,0.23,nc,nc73889591,2023-07-24T01:16:14.040Z,"2km ENE of Prattville, CA",earthquake,0.37,0.62,0.171,76,reviewed,nc,nc
2023-05-11T07:42:21.330Z,40.5046667,-124.4203333,17.64,2.85,md,28,220,0.06955,0.1,nc,nc73886451,2023-07-22T19:16:44.040Z,"15km WSW of Ferndale, CA",earthquake,0.57,0.27,0.132,56,reviewed,nc,nc
2024-03-03T06:20:52.570Z,40.3035,-124.406,32.29,2.86,md,37,240,0.05078,0.18,nc,nc74010961,2024-04-08T16:47:00.040Z,"10 km WSW of Petrolia, CA",earthquake,0.77,0.52,0.188,56,reviewed,nc,nc
2024-02-29T00:44:49.540Z,40.6931667,-122.3948333,23.88,2.86,md,26,50,0.1041,0.22,nc,nc74009576,2024-03-18T03:57:02.040Z,"2 km NW of Shasta Lake, CA",earthquake,0.47,0.83,0.148,49,reviewed,nc,nc
2024-02-09T09:54:34.670Z,40.3571667,-124.8523333,8.88,2.86,md,68,243,0.3957,0.19,nc,nc74000026,2024-03-07T04:45:53.040Z,"48 km W of Petrolia, CA",earthquake,0.64,1,0.127,59,reviewed,nc,nc
2023-11-17T15:10:22.240Z,32.418,-115.2213333,9.44,2.86,ml,33,48,0.07078,0.3,ci,ci39714234,2024-01-26T16:37:28.040Z,"8 km NNW of Delta, B.C., MX",earthquake,0.34,0.89,0.241,29,reviewed,ci,ci
2023-11-06T20:13:16.530Z,36.1963333,-117.982,4.78,2.86,ml,42,81,0.08904,0.18,ci,ci39709442,2024-01-13T23:10:15.040Z,"10 km SSE of Olancha, CA",earthquake,0.18,0.9,0.124,25,reviewed,ci,ci
2023-11-05T10:01:31.180Z,34.415,-119.167,4.68,2.86,ml,92,26,0.03275,0.35,ci,ci39708450,2024-01-13T23:10:03.040Z,"8 km ESE of Ojai, CA",earthquake,0.24,0.58,0.122,79,reviewed,ci,ci
2023-10-11T12:10:34.530Z,35.66266667,-89.68533333,12.01,2.86,md,70,71,0.2266,0.16,nm,nm60555026,2023-12-27T18:15:06.053Z,"10 km W of Henning, Tennessee",earthquake,0.26,0.65,0.06238704,59,reviewed,nm,nm
2023-08-27T10:10:23.770Z,46.76783333,-121.957,9.67,2.86,ml,16,133,0.03914,0.11,uw,uw61953701,2023-11-04T21:35:36.040Z,"5 km E of Ashford, Washington",earthquake,0.35,0.46,0.310304247,9,reviewed,uw,uw
2023-08-06T05:16:15.480Z,48.62716667,-121.9505,1.25,2.86,ml,32,43,0.119,0.24,uw,uw61938537,2023-10-17T22:01:25.040Z,"12 km NNE of Hamilton, Washington",earthquake,0.25,0.48,0.166594704,33,reviewed,uw,uw
2023-04-28T23:28:02.440Z,32.7026667,-115.5366667,10.2,2.86,ml,39,56,0.06945,0.23,ci,ci40213615,2023-07-11T01:44:34.040Z,"3km SSW of Heber, CA",earthquake,0.3,0.56,0.151,93,reviewed,ci,ci
2023-04-18T17:23:53.130Z,36.688,-121.3255,4.1,2.86,md,57,86,0.02574,0.1,nc,nc73875160,2023-07-03T02:47:16.040Z,"11km S of Tres Pinos, CA",earthquake,0.14,0.36,0.138,115,reviewed,nc,nc
2024-04-04T06:50:49.490Z,38.8121667,-122.8243333,2.1,2.87,md,94,20,0.005018,0.06,nc,nc74028971,2024-04-20T09:02:52.040Z,"7 km WNW of The Geysers, CA",earthquake,0.09,0.12,0.183,115,reviewed,nc,nc
2024-03-06T05:17:06.810Z,40.3033333,-124.3966667,32.42,2.87,ml,35,237,0.04395,0.2,nc,nc74012401,2024-03-09T06:50:27.040Z,"10 km WSW of Petrolia, CA",earthquake,0.82,0.59,0.163,22,reviewed,nc,nc
2024-02-03T10:48:06.230Z,35.5555,-96.74583333,5.47,2.87,ml,96,34,0,0.15,ok,ok2024cjcz,2024-04-13T19:36:17.040Z,"8 km SE of Sparks, Oklahoma",earthquake,,0.3,0.25,38,reviewed,ok,ok
2023-12-27T13:19:44.360Z,35.9226667,-117.6843333,2.09,2.87,ml,33,64,0.1115,0.19,ci,ci40451695,2024-03-02T21:39:32.040Z,"20 km E of Little Lake, CA",earthquake,0.21,0.35,0.202,20,reviewed,ci,ci
2023-08-22T01:54:23.820Z,34.4228333,-119.1975,2.16,2.87,ml,79,31,0.05155,0.32,ci,ci39646930,2023-10-28T19:15:34.040Z,"5 km SE of Ojai, CA",earthquake,0.23,0.43,0.107,106,reviewed,ci,ci
2023-08-08T23:11:50.600Z,40.3601667,-124.97,15.83,2.87,md,60,245,0.485,0.21,nc,nc73921936,2023-10-17T22:01:28.040Z,"58 km W of Petrolia, CA",earthquake,1.04,1.25,0.172,55,reviewed,nc,nc
2023-06-17T23:25:35.880Z,39.1545,-111.898,14.59,2.87,ml,33,50,0.1837,0.19,uu,uu60542516,2023-08-21T04:19:23.040Z,"6 km W of Gunnison, Utah",earthquake,0.34,0.64,0.09,31,reviewed,uu,uu
2023-06-15T11:51:53.770Z,40.2416667,-121.1515,5.89,2.87,md,41,28,0.007624,0.28,nc,nc73901331,2023-08-21T04:18:59.040Z,"4km NE of Almanor, CA",earthquake,0.41,0.66,0.18,86,reviewed,nc,nc
2023-05-12T13:50:47.000Z,40.1978333,-121.1053333,8.01,2.87,md,34,43,0.0585,0.14,nc,nc73887146,2023-07-22T19:17:08.040Z,"4km NW of Canyondam, CA",earthquake,0.27,0.47,0.154,80,reviewed,nc,nc
2023-04-19T23:01:49.050Z,36.6901667,-121.3256667,3.74,2.87,md,62,81,0.02405,0.12,nc,nc73875615,2023-07-03T02:47:04.040Z,"11km S of Tres Pinos, CA",earthquake,0.16,0.36,0.12,122,reviewed,nc,nc
2024-03-01T05:58:18.410Z,37.8911667,-121.6198333,2.2,2.88,ml,92,75,0.0752,0.18,nc,nc74010156,2024-04-09T04:29:32.040Z,"3 km SW of Discovery Bay, CA",earthquake,0.13,0.2,0.183,90,reviewed,nc,nc
2024-02-27T22:50:52.000Z,33.4143333,-116.3783333,12.63,2.88,ml,110,17,0.07741,0.18,ci,ci40677624,2024-03-26T23:36:58.040Z,"18 km N of Borrego Springs, CA",earthquake,0.11,0.32,0.168,167,reviewed,ci,ci
2024-02-19T07:03:34.850Z,35.8443333,-121.3295,8.72,2.88,md,85,173,0.08321,0.12,nc,nc74004686,2024-03-19T09:34:35.040Z,"26 km NNW of San Simeon, CA",earthquake,0.24,0.35,0.128,78,reviewed,nc,nc
2024-01-14T12:38:40.049Z,35.66533333,-97.3945,6.87,2.88,ml,81,40,0,0.12,ok,ok2024ayso,2024-03-16T18:59:07.040Z,"6 km W of Arcadia, Oklahoma",earthquake,,0.2,0.21,37,reviewed,ok,ok
2023-12-21T04:30:46.460Z,39.7486667,-122.0773333,27.67,2.88,md,39,38,0.1441,0.18,nc,nc73978826,2024-02-27T22:57:03.040Z,"6 km W of Hamilton City, CA",earthquake,0.32,0.5,0.296,59,reviewed,nc,nc
2023-12-06T17:54:52.580Z,35.7763333,-117.6006667,7.04,2.88,ml,34,64,0.1364,0.16,ci,ci40616936,2024-02-10T23:47:38.040Z,"18 km W of Searles Valley, CA",earthquake,0.19,0.55,0.154,66,reviewed,ci,ci
2023-12-04T06:57:48.580Z,32.7378333,-115.8771667,9.18,2.88,ml,74,28,0.09776,0.24,ci,ci39722466,2024-02-10T23:47:29.040Z,"11 km E of Ocotillo, CA",earthquake,0.2,0.55,0.139,131,reviewed,ci,ci
2023-10-23T14:42:15.350Z,38.1316667,-121.6575,0.02,2.88,ml,70,130,0.04001,0.44,nc,nc73950380,2024-01-04T04:21:59.040Z,"4 km SE of Rio Vista, CA",earthquake,0.46,0.97,0.2,82,reviewed,nc,nc
2023-09-21T07:14:07.530Z,37.3068333,-122.076,8.12,2.88,md,137,67,0.02988,0.16,nc,nc73939716,2023-12-06T21:57:12.064Z,"4 km WSW of Cupertino, CA",earthquake,0.14,0.22,0.117,160,reviewed,nc,nc
2023-08-20T21:46:45.230Z,34.4191667,-119.1896667,0.94,2.88,ml,62,70,0.04662,0.31,ci,ci39645410,2023-10-28T19:15:32.040Z,"6 km ESE of Ojai, CA",earthquake,0.24,0.62,0.14,19,reviewed,ci,ci
2023-05-22T21:12:23.160Z,40.4023333,-122.0711667,10.71,2.88,md,18,77,0.1248,0.07,nc,nc73891376,2023-07-29T22:00:29.040Z,"18km W of Manton, CA",earthquake,0.25,0.85,0.12,16,reviewed,nc,nc
2023-05-12T20:57:31.290Z,35.7493333,-121.2476667,4.48,2.88,md,67,176,0.1016,0.11,nc,nc73887311,2023-07-22T19:17:10.040Z,"13km NNW of San Simeon, CA",earthquake,0.2,0.5,0.099,68,reviewed,nc,nc
2023-05-12T15:24:15.770Z,40.188,-121.1208333,3.47,2.88,ml,35,45,0.06253,0.07,nc,nc73887171,2023-07-22T19:17:09.040Z,"4km SE of Prattville, CA",earthquake,0.17,0.49,0.153,34,reviewed,nc,nc
2023-05-03T21:14:20.210Z,33.7063333,-116.7725,16.59,2.88,ml,117,11,0.04886,0.17,ci,ci40218471,2023-07-15T22:09:32.040Z,"6km SW of Idyllwild, CA",earthquake,0.11,0.22,0.18,26,reviewed,ci,ci
2024-02-10T13:16:54.860Z,38.8188333,-122.7628333,1.91,2.89,md,102,41,0.01287,0.08,nc,nc74000551,2024-03-03T21:08:46.040Z,"4 km W of Cobb, CA",earthquake,0.09,0.13,0.189,165,reviewed,nc,nc
2024-02-08T05:02:58.979Z,35.55416667,-96.74566667,5.46,2.89,ml,87,34,0,0.17,ok,ok2024crvc,2024-02-22T09:10:38.040Z,"9 km SE of Sparks, Oklahoma",earthquake,,0.3,0.25,35,reviewed,ok,ok
2023-10-08T15:39:11.820Z,38.8245,-122.8101667,2.44,2.89,md,98,22,0.001106,0.05,nc,nc73947211,2023-12-16T22:13:05.040Z,"7 km NW of The Geysers, CA",earthquake,0.09,0.13,0.163,147,reviewed,nc,nc
2023-09-29T19:13:26.050Z,32.7313333,-115.5546667,12.58,2.89,ml,53,39,0.03972,0.24,ci,ci40574560,2023-12-09T22:00:42.040Z,"2 km W of Heber, CA",earthquake,0.23,0.46,0.195,97,reviewed,ci,ci
2023-06-02T20:19:46.740Z,32.9365,-116.2901667,9.89,2.89,ml,87,42,0.0212,0.21,ci,ci40476312,2023-08-05T22:07:49.040Z,"26km ENE of Pine Valley, CA",earthquake,0.13,0.4,0.116,96,reviewed,ci,ci
2023-05-27T00:55:22.970Z,40.37,-124.5653333,24.57,2.89,md,34,239,0.1888,0.12,nc,nc73890435,2023-07-29T22:00:43.040Z,"24km WNW of Petrolia, CA",earthquake,0.61,0.78,0.141,65,reviewed,nc,nc
2024-03-23T15:37:12.560Z,41.9642,-119.5899,5,2.9,ml,57,25,0.309,0.93,us,us6000mkrs,2024-04-18T15:37:54.040Z,"47 km ENE of Fort Bidwell, California",earthquake,1.48,1.948,0.028,172,reviewed,us,us
2024-03-21T10:38:10.090Z,38.7845,-122.7223333,1.68,2.9,md,94,29,0.008963,0.06,nc,nc74021246,2024-04-18T10:21:07.040Z,"3 km WNW of Anderson Springs, CA",earthquake,0.1,0.12,0.201,160,reviewed,nc,nc
2024-03-16T08:18:53.550Z,32.125,-117.4006667,14.92,2.9,ml,27,244,0.3171,0.24,ci,ci40687944,2024-04-03T09:30:00.040Z,"42 km WSW of Rosarito, B.C., MX",earthquake,0.78,1.04,0.172,109,reviewed,ci,ci
2024-03-15T07:26:55.681Z,31.662,-104.407,6.0999,2.9,ml,23,70,0,0.2,tx,tx2024fftz,2024-03-28T06:55:57.040Z,"57 km S of Whites City, New Mexico",earthquake,0.773235972,0.801419334,0.1,19,reviewed,tx,tx
2024-03-15T00:54:51.544Z,41.9479,-119.5869,0.162,2.9,ml,32,68,0.322,0.56,us,us6000miyy,2024-04-19T03:20:01.040Z,"47 km ENE of Fort Bidwell, California",earthquake,1.75,0.219,0.045,64,reviewed,us,us
2024-03-12T03:22:00.705Z,28.976,-97.982,5.9326,2.9,ml,12,66,0.1,0.1,tx,tx2024ezzl,2024-04-16T21:49:48.040Z,"3 km ESE of Falls City, Texas",earthquake,0.983142007,2.117102784,0.1,19,reviewed,tx,tx
2024-03-11T15:19:51.298Z,41.938,-119.586,6.965,2.9,ml,37,74,0.329,0.79,us,us7000m4nv,2024-04-16T16:22:08.099Z,"47 km E of Fort Bidwell, California",earthquake,1.74,5.501,0.037,96,reviewed,us,us
2024-03-09T04:37:52.896Z,44.3592,-114.8398,10,2.9,ml,29,66,0.253,0.8,us,us7000m4c9,2024-04-11T21:45:53.040Z,"17 km NNE of Stanley, Idaho",earthquake,2.53,1.99,0.04,82,reviewed,us,us
2024-03-09T00:12:49.208Z,31.674,-104.188,7.2791,2.9,ml,21,61,0.1,0.2,tx,tx2024eugq,2024-03-09T00:33:38.040Z,"54 km NW of Toyah, Texas",earthquake,0.691228268,0.964433679,0.4,18,reviewed,tx,tx
2024-03-08T10:20:45.850Z,35.0185,-97.828,7.33,2.9,ml,86,44,0.080084285,0.24,ok,ok2024etfe,2024-04-16T09:19:29.040Z,"10 km ESE of Chickasha, Oklahoma",earthquake,,0.5,0.25,41,reviewed,ok,ok
2024-03-07T21:02:45.811Z,31.655,-104.396,5.3821,2.9,ml,20,71,0,0.1,tx,tx2024esew,2024-03-07T21:23:25.040Z,"57 km S of Whites City, New Mexico",earthquake,1.165561915,1.099908762,0.2,18,reviewed,tx,tx
2024-03-04T13:05:27.219Z,44.377,-116.1184,10,2.9,ml,31,61,0.36,0.49,us,us6000mgmz,2024-03-20T17:57:10.011Z,"8 km NNW of Smiths Ferry, Idaho",earthquake,1.82,2.012,0.034,116,reviewed,us,us
2024-03-03T09:16:38.300Z,31.583,-103.997,6.6125,2.9,ml,15,60,0,0.2,tx,tx2024ejzp,2024-04-10T14:40:43.288Z,"35 km NNW of Toyah, Texas",earthquake,0.990449016,0.967384341,0.1,7,reviewed,tx,tx
2024-03-02T15:29:08.391Z,32.3238,-104.694,8.598,2.9,ml,38,34,0.674,0.62,us,us6000mgbp,2024-03-28T13:47:40.040Z,"34 km WNW of Whites City, New Mexico",earthquake,1.93,7.468,0.049,76,reviewed,us,us
2024-02-29T03:14:25.762Z,32.758,-100.649,6.2256,2.9,ml,15,64,0.1,0.1,tx,tx2024eebc,2024-03-27T04:42:59.040Z,"17 km NE of Hermleigh, Texas",earthquake,0.893879625,1.906939108,0.1,12,reviewed,tx,tx
2024-02-25T07:25:14.132Z,31.609,-104.197,2.511,2.9,ml,18,67,0.1,0.1,tx,tx2024dxbj,2024-03-20T22:29:36.040Z,"50 km NW of Toyah, Texas",earthquake,0.685579137,1.020937351,0.2,14,reviewed,tx,tx
2024-02-22T04:39:25.768Z,38.1515,-117.9492,13.7,2.9,ml,11,44.39,0.055,0.1544,nn,nn00873770,2024-03-21T01:21:10.040Z,"29 km SSE of Mina, Nevada",earthquake,,1.1,0.4,6,reviewed,nn,nn
2024-02-19T01:09:03.275Z,31.658,-104.361,8.6633,2.9,ml,39,69,0.1,0.2,tx,tx2024dlpy,2024-04-02T01:08:32.040Z,"57 km S of Whites City, New Mexico",earthquake,0.954097354,1.201164301,0.1,25,reviewed,tx,tx
2024-02-13T21:08:31.690Z,31.686,-104.406,6.5429,2.9,ml,46,68,0,0.2,tx,tx2024dceo,2024-03-08T05:18:03.040Z,"54 km S of Whites City, New Mexico",earthquake,0.745047921,0.767376663,0.1,25,reviewed,tx,tx
2024-02-13T14:52:46.683Z,40.2183,-117.7876,9.5,2.9,ml,8,92.69,0.474,0.1687,nn,nn00873352,2024-03-12T16:49:57.040Z,"57 km SSE of Imlay, Nevada",earthquake,,2.3,0.34,6,reviewed,nn,nn
2024-02-12T08:38:45.276Z,28.959,-98.013,5.4534,2.9,ml,25,71,0,0.2,tx,tx2024czkh,2024-03-14T07:10:52.040Z,"2 km S of Falls City, Texas",earthquake,1.171071123,2.365168256,0.1,30,reviewed,tx,tx
2024-02-09T10:46:12.943Z,32.141,-101.086,8.926,2.9,ml,35,67,0.2,0.2,tx,tx2024cuby,2024-03-13T11:48:15.040Z,"24 km SSW of Westbrook, Texas",earthquake,0.784308579,2.535076904,0.1,26,reviewed,tx,tx
2024-02-04T21:01:46.908Z,43.7367,-105.366,0,2.9,ml,19,115,1.035,0.52,us,us7000lwzb,2024-04-13T19:37:54.040Z,"10 km E of Wright, Wyoming",mining explosion,4.38,1.051,0.056,46,reviewed,us,us
2024-02-03T11:21:58.460Z,35.5555,-96.74633333,6,2.9,ml,80,32,0,0.21,ok,ok2024cjec,2024-04-13T19:36:18.040Z,"8 km SE of Sparks, Oklahoma",earthquake,,0.5,0.25,37,reviewed,ok,ok
2024-01-24T22:06:52.428Z,44.442,-105.4688,0,2.9,ml,20,74,1.078,0.37,us,us7000ltkx,2024-03-30T22:32:10.040Z,"16 km N of Gillette, Wyoming",mining explosion,4.27,1.764,0.05,56,reviewed,us,us
2024-01-18T13:10:38.001Z,31.658,-104.245,6.9671,2.9,ml,38,65,0,0.2,tx,tx2024bgbq,2024-03-29T17:37:53.040Z,"57 km NW of Toyah, Texas",earthquake,0.505818493,0.589376458,0.2,24,reviewed,tx,tx
2024-01-13T04:28:32.101Z,31.356,-103.066,3.6122,2.9,ml,35,61,0,0.3,tx,tx2024awgx,2024-03-16T19:00:32.040Z,"12 km N of Coyanosa, Texas",earthquake,0.872787409,1.86799775,0.1,18,reviewed,tx,tx
2024-01-10T18:32:59.130Z,47.5676,-92.7094,0,2.9,ml,11,80,0.903,0.74,us,us6000m2y5,2024-03-16T19:00:13.040Z,"6 km NNE of Kinney, Minnesota",mining explosion,2.61,1.976,0.115,10,reviewed,us,us
2024-01-07T16:30:40.789Z,31.708,-104.17,7.4941,2.9,ml,40,53,0.1,0.2,tx,tx2024amfs,2024-03-09T21:39:59.040Z,"54 km W of Mentone, Texas",earthquake,0.479151341,0.65454958,0.3,31,reviewed,tx,tx
2024-01-07T10:10:20.497Z,31.612,-104.099,7.6355,2.9,ml,32,60,0,0.1,tx,tx2024altf,2024-03-09T21:39:56.040Z,"43 km NW of Toyah, Texas",earthquake,0.518377416,0.40203552,0.2,40,reviewed,tx,tx
2023-12-31T20:23:46.573Z,44.3561,-105.5034,0,2.9,ml,13,114,1.081,0.71,us,us6000m0va,2024-03-02T21:39:35.040Z,"7 km N of Gillette, Wyoming",mining explosion,3.41,1.827,0.057,40,reviewed,us,us
2023-12-30T21:52:07.690Z,31.616,-103.984,7.6355,2.9,ml,45,40,0,0.1,tx,tx2023zowx,2024-03-02T21:39:34.040Z,"37 km WSW of Mentone, Texas",earthquake,0.428585439,0.454704456,0.1,29,reviewed,tx,tx
2023-12-29T21:48:25.670Z,32.762,-100.644,6.5783,2.9,ml,30,80,0.1,0.2,tx,tx2023znbh,2024-03-02T21:39:33.040Z,"17 km NE of Hermleigh, Texas",earthquake,0.875052636,1.009609978,0.1,16,reviewed,tx,tx
2023-12-28T14:37:22.727Z,32.125,-101.054,8.1923,2.9,ml,29,69,0.2,0.2,tx,tx2023zkro,2024-03-02T21:39:32.040Z,"25 km S of Westbrook, Texas",earthquake,0.715659039,2.292157945,0.1,19,reviewed,tx,tx
2023-12-26T19:38:13.932Z,32.848,-100.979,6.0403,2.9,ml,17,67,0.1,0.2,tx,tx2023zhkm,2024-03-02T21:39:31.040Z,"15 km NNW of Snyder, Texas",earthquake,0.758728635,2.140094077,0.1,11,reviewed,tx,tx
2023-12-26T15:29:44.771Z,44.2099,-115.118,14.442,2.9,ml,48,58,0.221,0.62,us,us7000llif,2024-03-02T21:39:40.040Z,"14 km W of Stanley, Idaho",earthquake,2.69,1.5,0.034,112,reviewed,us,us
2023-12-24T11:09:31.622Z,44.4608,-115.1956,10,2.9,ml,28,56,0.434,0.59,us,us7000ll8b,2024-03-02T21:39:39.040Z,"33 km NW of Stanley, Idaho",earthquake,2.09,2.011,0.035,109,reviewed,us,us
2023-12-21T21:40:44.584Z,38.1692,-117.8353,10,2.9,ml,11,45.98,0.122,0.1211,nn,nn00870445,2024-02-27T22:57:04.040Z,"34 km SE of Mina, Nevada",earthquake,,1.1,0.31,6,reviewed,nn,nn
2023-12-20T15:56:16.382Z,31.641,-104.393,6.8514,2.9,ml,26,76,0,0.3,tx,tx2023ywed,2024-02-27T22:57:02.040Z,"59 km S of Whites City, New Mexico",earthquake,1.195164839,0.818801389,0.1,19,reviewed,tx,tx
2023-12-20T10:27:48.024Z,31.662,-104.19,6.2858,2.9,ml,13,62,0.1,0.1,tx,tx2023yvth,2024-02-27T22:57:02.040Z,"53 km NW of Toyah, Texas",earthquake,0.83808777,1.172690242,0.1,30,reviewed,tx,tx
2023-12-19T06:25:52.279Z,36.4757,-100.0955,1.178,2.9,mb_lg,39,54,0.684,0.43,us,us7000ljzl,2024-02-27T22:57:01.040Z,"6 km NE of Follett, Texas",earthquake,2.56,5.03,0.062,69,reviewed,us,us
2023-12-17T22:56:48.994Z,31.61,-103.976,8.4858,2.9,ml,20,57,0,0.1,tx,tx2023yrfm,2024-02-27T22:57:00.040Z,"37 km NNW of Toyah, Texas",earthquake,0.347790938,0.374229745,0.2,15,reviewed,tx,tx
2023-12-17T04:43:29.536Z,32.762,-100.636,8.6325,2.9,ml,15,80,0.1,0.2,tx,tx2023ypvl,2024-02-27T22:56:59.040Z,"18 km NE of Hermleigh, Texas",earthquake,1.134059009,1.731285782,0.2,12,reviewed,tx,tx
2023-12-12T06:07:29.297Z,31.622,-104.286,6.6714,2.9,ml,16,70,0.1,0.1,tx,tx2023ygur,2024-02-17T22:43:06.040Z,"57 km NW of Toyah, Texas",earthquake,0.768027988,1.042154676,0.1,10,reviewed,tx,tx
2023-12-09T06:43:59.929Z,32.315,-104.6868,8.93,2.9,ml,32,89,0.664,0.52,us,us7000lhp8,2024-02-10T23:47:45.040Z,"33 km WNW of Whites City, New Mexico",earthquake,2.91,8.27,0.105,56,reviewed,us,us
2023-12-09T05:27:26.520Z,40.4322,-84.1084,6.793,2.9,mwr,15,50,0.299,0.27,us,us7000lhnz,2024-02-10T23:47:44.040Z,"5 km W of Jackson Center, Ohio",earthquake,1.28,3.699,,8,reviewed,us,slm
2023-12-08T10:41:48.390Z,39.5275,-111.995,1.62,2.9,ml,32,63,0.1411,0.18,uu,uu60556002,2024-02-10T23:47:42.040Z,"11 km WSW of Levan, Utah",earthquake,0.27,0.66,0.131,23,reviewed,uu,uu
2023-12-08T07:51:47.651Z,44.2705,-115.1607,10,2.9,ml,34,67,0.279,0.96,us,us7000lh9l,2024-02-10T23:47:42.040Z,"18 km WNW of Stanley, Idaho",earthquake,1.22,1.991,0.043,70,reviewed,us,us
2023-11-25T21:17:20.076Z,44.2002,-105.455,0,2.9,ml,25,113,1.024,0.4,us,us7000leu9,2024-02-01T15:13:48.040Z,"3 km SSE of Antelope Valley-Crestview, Wyoming",mining explosion,5.4,1.788,0.059,38,reviewed,us,us
2023-11-21T17:27:04.701Z,31.647,-104.017,4.9252,2.9,ml(texnet),16,46,0,0.1,tx,tx2023wvhn,2024-02-01T15:13:42.040Z,"40 km W of Mentone, Texas",earthquake,0,1.163512542,0.2,13,automatic,tx,tx
2023-11-21T01:01:07.979Z,31.687,-104.395,6.1316,2.9,ml(texnet),28,59,0,0.3,tx,tx2023wuba,2024-02-01T15:13:41.040Z,"54 km S of Whites City, New Mexico",earthquake,1.020187344,0.794131483,0.1,19,reviewed,tx,tx
2023-11-19T22:29:31.794Z,43.582,-105.3366,0,2.9,ml,24,76,1.084,0.67,us,us6000lpic,2024-02-01T15:13:48.040Z,"22 km SSE of Wright, Wyoming",mining explosion,2.9,1.72,0.055,46,reviewed,us,us
2023-11-13T22:38:34.840Z,32.2268333,-115.26,11.17,2.9,ml,31,56,0.09284,0.39,ci,ci39712770,2024-01-26T16:37:36.040Z,"8 km W of Alberto Oviedo Mota, B.C., MX",earthquake,0.43,0.88,0.317,24,reviewed,ci,ci
2023-11-12T10:39:34.131Z,31.611,-104.01,7.8797,2.9,ml(texnet),15,59,0,0.1,tx,tx2023weiq,2024-01-26T16:37:57.040Z,"38 km NNW of Toyah, Texas",earthquake,0.720006194,0.680610626,0.1,11,reviewed,tx,tx
2023-11-12T10:34:39.406Z,31.614,-104.008,8.1368,2.9,ml(texnet),12,57,0,0.1,tx,tx2023wein,2024-01-26T16:37:57.040Z,western Texas,earthquake,0.869170712,0.709289204,0.1,13,reviewed,tx,tx
2023-11-08T15:47:43.234Z,31.633,-104.505,7.8797,2.9,ml(texnet),16,72,0,0.1,tx,tx2023vxlb,2024-01-13T23:10:41.040Z,"61 km SSW of Whites City, New Mexico",earthquake,0.866518711,0.498961667,0.2,9,reviewed,tx,tx
2023-11-07T04:27:02.204Z,31.666,-104.314,6.1316,2.9,ml(texnet),19,58,0,0.2,tx,tx2023vusu,2024-01-13T23:10:20.040Z,"56 km S of Whites City, New Mexico",earthquake,0.918666302,0.893302037,0.1,29,reviewed,tx,tx
2023-11-06T23:44:13.164Z,31.662,-104.307,6.8,2.9,ml(texnet),41,58,0,0.2,tx,tx2023vujk,2024-01-13T23:10:17.040Z,"57 km S of Whites City, New Mexico",earthquake,0.596487205,0.667615604,0.1,24,reviewed,tx,tx
2023-11-05T18:39:54.442Z,42.8631,-106.9025,5,2.9,ml,18,94,0.35,0.56,us,us7000l91r,2024-01-13T23:10:07.040Z,"20 km SSE of Powder River, Wyoming",earthquake,3.4,2,0.041,80,reviewed,us,us
2023-11-05T15:48:20.994Z,31.674,-104.422,5.9259,2.9,ml(texnet),25,67,0,0.2,tx,tx2023vryf,2024-01-13T23:10:06.040Z,western Texas,earthquake,0.925882078,0.738928522,0.1,15,reviewed,tx,tx
2023-11-04T01:40:31.745Z,39.0614,-97.5926,10,2.9,mb_lg,17,87,0.766,0.46,us,us7000l8ss,2024-01-10T06:01:53.040Z,"3 km N of Bennington, Kansas",earthquake,4.69,1.994,0.048,112,reviewed,us,us
2023-11-02T13:39:42.908Z,31.626,-104.282,7.5198,2.9,ml(texnet),19,67,0,0.2,tx,tx2023vmhm,2024-01-10T06:01:40.040Z,"57 km NW of Toyah, Texas",earthquake,0.916481881,1.072717745,0.3,13,reviewed,tx,tx
2023-11-02T12:47:28.301Z,31.659,-104.392,7.9054,2.9,ml(texnet),30,67,0,0.3,tx,tx2023vmft,2024-01-10T06:01:40.040Z,"57 km S of Whites City, New Mexico",earthquake,1.05524779,0.947655844,0.1,19,reviewed,tx,tx
2023-11-02T08:51:45.070Z,32.226,-102.006,8.6325,2.9,ml(texnet),18,76,0.1,0.1,tx,tx2023vlya,2024-01-10T06:01:39.040Z,"23 km WNW of Stanton, Texas",earthquake,0.883966511,1.254667434,0.3,13,reviewed,tx,tx
2023-11-01T22:04:34.212Z,31.653,-104.294,7.1856,2.9,ml(texnet),15,68,0,0.3,tx,tx2023vlcq,2024-01-10T06:01:36.040Z,"58 km S of Whites City, New Mexico",earthquake,1.273632707,1.118733783,0.3,11,reviewed,tx,tx
2023-10-28T08:54:36.838Z,44.8444,-116.0713,9.975,2.9,ml,39,36,0.248,0.55,us,us7000l75b,2024-01-04T04:22:36.040Z,"7 km SSE of McCall, Idaho",earthquake,2.76,7.59,0.04,84,reviewed,us,us
2023-10-28T05:29:31.610Z,31.8923333,-116.0923333,11.98,2.9,ml,27,62,0.1662,0.23,ci,ci40590016,2024-01-04T04:22:34.040Z,"49 km ENE of Maneadero, B.C., MX",earthquake,0.3,1.1,0.135,104,reviewed,ci,ci
2023-10-27T18:08:36.442Z,45.8704,-106.7114,0,2.9,ml,26,99,0.886,0.67,us,us7000l6y0,2024-01-04T04:22:27.040Z,"6 km WSW of Colstrip, Montana",mining explosion,4.74,1.376,0.045,64,reviewed,us,us
2023-10-26T23:32:15.269Z,31.679,-104.371,6.0802,2.9,ml(texnet),34,57,0.1,0.2,tx,tx2023vagn,2024-01-04T04:22:22.040Z,"55 km S of Whites City, New Mexico",earthquake,0.675772939,0.661441631,0.2,26,reviewed,tx,tx
2023-10-23T04:22:13.872Z,36.2202,-106.7653,12.589,2.9,ml,20,83,1.296,0.78,us,us6000lhex,2024-01-04T04:21:55.040Z,"3 km ESE of Capulin, New Mexico",earthquake,3.86,7.379,0.04,82,reviewed,us,us
2023-10-16T21:00:29.905Z,45.054,-106.6866,0,2.9,ml,19,104,1.667,0.91,us,us6000lfzz,2023-12-26T21:24:26.040Z,"32 km SSW of Birney, Montana",mining explosion,3.29,1.82,0.066,46,reviewed,us,us
2023-10-16T16:56:06.776Z,45.2833,-106.7362,0,2.9,ml,25,156,2.122,1,us,us6000lfxz,2023-12-26T21:24:25.040Z,"17 km WSW of Birney, Montana",mining explosion,4.22,1.926,0.05,52,reviewed,us,us
2023-10-15T23:53:04.956Z,39.6193,-119.6407,8.6,2.9,ml,36,88.49,0.13,0.1573,nn,nn00867368,2023-12-26T21:24:21.040Z,"6 km ESE of Spanish Springs, Nevada",earthquake,,0.9,0.28,11,reviewed,nn,nn
2023-10-12T20:06:27.001Z,40.6171,-109.4778,0,2.9,ml,33,98,0.084,0.51,us,us6000lf7e,2023-12-16T22:13:08.040Z,"18 km NNE of Maeser, Utah",mining explosion,1.61,1.548,0.036,100,reviewed,us,us
2023-10-12T19:30:22.805Z,44.2335,-115.0853,5.57,2.9,ml,22,47,0.214,0.72,us,us6000lf70,2023-12-16T22:13:08.040Z,"11 km W of Stanley, Idaho",earthquake,1.26,3.395,0.037,96,reviewed,us,us
2023-10-09T18:35:11.639Z,32.832,-100.94,6.1381,2.9,ml(texnet),19,63,0,0.2,tx,tx2023tuve,2023-12-16T22:13:06.040Z,"12 km N of Snyder, Texas",earthquake,0.75360839,1.629053716,0.1,7,reviewed,tx,tx
2023-10-09T15:15:16.374Z,32.682,-100.696,6.774,2.9,ml(texnet),23,55,0,0.2,tx,tx2023tuoo,2023-12-16T22:13:06.040Z,"7 km NE of Hermleigh, Texas",earthquake,0.8194975,1.468453297,0.1,19,reviewed,tx,tx
2023-10-09T06:29:31.663Z,31.628,-103.99,7.3013,2.9,ml(texnet),33,49,0,0.1,tx,tx2023ttxf,2023-12-16T22:13:06.040Z,"38 km WSW of Mentone, Texas",earthquake,0.376975249,0.503224714,0.2,24,reviewed,tx,tx
2023-10-04T17:24:10.240Z,45.0939,-106.8059,0,2.9,ml,23,148,2.132,0.65,us,us6000lcvl,2023-12-14T21:26:52.040Z,"34 km SW of Birney, Montana",mining explosion,3.53,1.782,0.051,50,reviewed,us,us
2023-10-01T19:47:41.059Z,32.683,-100.696,6.4805,2.9,ml(texnet),21,55,0,0.2,tx,tx2023tghn,2023-12-14T21:26:51.040Z,"7 km NE of Hermleigh, Texas",earthquake,0.837333072,1.230174246,0,6,reviewed,tx,tx
2023-09-29T17:00:25.731Z,31.3907,-115.3899,10,2.9,ml,51,80,0.3,0.61,us,us6000lbr5,2023-12-09T22:00:41.040Z,"66 km NW of San Felipe, Mexico",earthquake,0.78,1.956,0.05,52,reviewed,us,us
2023-09-23T21:50:18.210Z,32.682,-100.686,6.7984,2.9,ml(texnet),19,83,0,0.1,tx,tx2023srvo,2023-12-02T23:01:11.040Z,"8 km NE of Hermleigh, Texas",earthquake,0.831521555,1.768094191,0.1,12,reviewed,tx,tx
2023-09-11T00:23:35.998Z,31.65478102,-104.280893,8.445288086,2.9,ml,59,58,0.021674227,0.3,tx,tx2023ruhc,2023-11-18T22:29:32.040Z,"58 km S of Whites City, New Mexico",earthquake,0.763050577,0.735757971,0.1,32,reviewed,tx,tx
2023-09-04T01:20:21.504Z,31.36084501,-103.0805919,3.046606445,2.9,ml,24,73,0.024672467,0.2,tx,tx2023rhok,2023-11-17T19:47:49.040Z,"13 km N of Coyanosa, Texas",earthquake,0.880469804,1.168409417,0.2,18,reviewed,tx,tx
2023-09-02T18:10:00.140Z,35.9913333,-120.1221667,12.87,2.9,mh,24,241,0.1415,0.07,nc,nc73932271,2023-09-08T02:36:14.523Z,"2 km SSE of Avenal, CA",earthquake,0.58,0.82,,0,reviewed,nc,nc
2023-09-01T12:11:43.657Z,28.95172119,-97.63200827,2.078653971,2.9,ml,20,90,0.098151514,0.3,tx,tx2023rcxj,2023-11-04T21:36:12.040Z,"4 km NNW of Nordheim, Texas",earthquake,1.268613927,1.654033114,0.2,13,reviewed,tx,tx
2023-08-26T04:33:35.926Z,31.67514227,-104.4091735,6.542895508,2.9,ml,27,69,0.027198921,0.2,tx,tx2023qrjg,2023-10-28T19:15:38.040Z,"55 km S of Whites City, New Mexico",earthquake,0.926662697,0.78467436,0.1,18,reviewed,tx,tx
2023-08-24T17:01:55.218Z,45.1699,-106.8365,0,2.9,ml,22,85,2.086,1.01,us,us7000kqnv,2023-10-28T19:15:36.040Z,"30 km SW of Birney, Montana",mining explosion,5.46,1.79,0.053,47,reviewed,us,us
2023-08-24T01:45:59.893Z,31.71828556,-104.2663044,7.314135742,2.9,ml,15,57,0.038979918,0.1,tx,tx2023qnms,2023-10-28T19:15:36.040Z,"51 km SSE of Whites City, New Mexico",earthquake,1.066887854,1.499193382,0.1,26,reviewed,tx,tx
2023-08-23T06:32:08.031Z,44.663,-114.378,16.998,2.9,ml,39,66,0.553,0.45,us,us7000kq9n,2023-10-28T19:15:35.040Z,"21 km NNW of Challis, Idaho",earthquake,2.37,7.084,0.048,58,reviewed,us,us
2023-08-22T11:02:18.838Z,40.1772,-98.3067,9.958,2.9,mb_lg,23,52,1.236,0.29,us,us7000kq35,2023-10-28T19:15:34.040Z,"11 km N of Guide Rock, Nebraska",earthquake,2.32,7.363,0.046,123,reviewed,us,us
2023-08-15T22:39:05.608Z,42.8924,-111.0856,1.207,2.9,ml,28,69,0.127,0.81,us,us7000knk2,2023-10-27T21:39:02.040Z,"7 km WSW of Thayne, Wyoming",earthquake,1.78,0.316,0.051,50,reviewed,us,us
2023-08-14T20:25:49.447Z,31.6739456,-104.5146751,5.46315918,2.9,ml,37,141,0.013007385,0.2,tx,tx2023pwqq,2023-10-27T21:39:01.040Z,"57 km SSW of Whites City, New Mexico",earthquake,1.010214321,0.53865422,0,7,reviewed,tx,tx
2023-08-14T03:17:08.099Z,31.66878216,-104.5291563,5.565991211,2.9,ml,49,148,0.024200966,0.2,tx,tx2023pvis,2023-10-27T21:39:01.040Z,"58 km SSW of Whites City, New Mexico",earthquake,1.568789441,0.560439317,0.1,30,reviewed,tx,tx
2023-08-13T21:18:59.452Z,43.5352,-105.4134,0,2.9,ml,27,97,1.156,0.78,us,us6000kzrg,2023-10-27T21:39:01.040Z,"24 km SSE of Wright, Wyoming",mining explosion,2.21,1.812,0.057,45,reviewed,us,us
2023-08-08T15:42:09.802Z,31.67284797,-104.4086142,5.92590332,2.9,ml,13,77,0.016518151,0.1,tx,tx2023plig,2023-10-17T22:01:28.040Z,"55 km S of Whites City, New Mexico",earthquake,0.903112636,0.687461742,0.1,31,reviewed,tx,tx
2023-08-08T05:25:16.948Z,31.62247095,-104.5146863,6.74855957,2.9,ml,26,145,0.047707848,0.1,tx,tx2023pknx,2023-10-17T22:01:27.040Z,"62 km SSW of Whites City, New Mexico",earthquake,1.367448689,0.891763712,0,6,reviewed,tx,tx
2023-07-29T20:42:19.745Z,41.1416,-116.7878,13.1,2.9,ml,7,137.06,0.397,0.3501,nn,nn00863707,2023-09-30T21:36:34.040Z,Nevada,earthquake,,2.8,0.34,4,reviewed,nn,nn
2023-07-27T17:59:26.970Z,40.2148333,-121.1673333,2.8,2.9,md,52,37,0.03687,0.17,nc,nc73917366,2023-09-30T21:36:32.040Z,"1 km ESE of Almanor, CA",earthquake,0.26,0.42,0.133,70,reviewed,nc,nc
2023-07-26T17:10:03.627Z,40.379,-116.3622,0.7,2.9,ml,7,64.17,0.564,0.1705,nn,nn00863318,2023-09-30T21:36:31.040Z,"18 km ESE of Crescent Valley, Nevada",earthquake,,5.1,0.26,3,reviewed,nn,nn
2023-07-17T23:13:03.654Z,31.65396568,-104.2620494,6.74855957,2.9,ml,15,65,0.0178306,0.2,tx,tx2023nxsb,2023-09-28T21:33:40.040Z,"58 km NW of Toyah, Texas",earthquake,1.08331934,0.83553999,0.1,33,reviewed,tx,tx
2023-07-16T01:51:55.916Z,31.61211251,-103.9775564,7.069909668,2.9,ml,21,56,0.007569002,0.1,tx,tx2023nugi,2023-09-28T21:33:23.040Z,"37 km WSW of Mentone, Texas",earthquake,0.407711242,0.376259645,0.1,26,reviewed,tx,tx
2023-07-13T15:01:19.806Z,31.5991381,-104.1997798,6.131567383,2.9,ml,18,68,0.091393378,0.1,tx,tx2023nptv,2023-09-16T19:16:13.040Z,"49 km NW of Toyah, Texas",earthquake,0.711581125,1.157773397,0.3,15,reviewed,tx,tx
2023-07-11T21:58:42.920Z,34.0685,-97.437,12.6,2.9,ml,63,67,0.170966451,0.28,ok,ok2023nmqp,2023-09-16T19:16:10.040Z,"10 km S of Wilson, Oklahoma",earthquake,,1.3,0.21,21,reviewed,ok,ok
2023-07-11T07:38:07.060Z,31.4808,-115.4798,4.798,2.9,ml,36,71,0.275,0.86,us,us7000kete,2023-09-16T19:16:09.040Z,"74 km ENE of San Vicente, Mexico",earthquake,1.49,4.815,0.057,40,reviewed,us,us
2023-07-07T19:08:09.260Z,39.5413333,-123.3641667,7.31,2.9,md,48,46,0.07515,0.11,nc,nc73909976,2023-09-09T21:54:56.040Z,"11km N of Brooktrails, CA",earthquake,0.14,0.28,0.247,87,reviewed,nc,nc
2023-07-01T18:51:13.619Z,30.26824951,-104.6466511,1.736287435,2.9,ml,48,78,0.595062747,0.3,tx,tx2023mudn,2023-09-08T14:18:33.040Z,"38 km SSW of Valentine, Texas",earthquake,1.399389165,1.166482888,0.1,17,reviewed,tx,tx
2023-07-01T05:09:23.197Z,40.1751,-98.3148,5,2.9,mb_lg,22,52,1.238,0.41,us,us6000kpdc,2023-09-08T14:18:32.040Z,"11 km E of Cowles, Nebraska",earthquake,2.65,1.992,0.044,134,reviewed,us,us
2023-06-24T20:26:49.262Z,31.68618975,-104.1605363,6.131567383,2.9,ml,35,54,0.071527567,0.2,tx,tx2023mhma,2023-08-26T20:54:28.040Z,"53 km W of Mentone, Texas",earthquake,0.493650359,0.588288129,0.2,25,reviewed,tx,tx
2023-06-19T22:10:39.781Z,31.51785509,-104.0232191,7.596923828,2.9,ml,17,62,0.159596998,0.2,tx,tx2023lylx,2023-08-26T20:54:24.040Z,"31 km NW of Toyah, Texas",earthquake,1.003006138,1.927077115,0.2,8,reviewed,tx,tx
2023-06-19T04:18:34.768Z,31.65236115,-104.3024022,7.468383789,2.9,ml,16,68,0.037333171,0.3,tx,tx2023lxco,2023-08-26T20:54:23.040Z,"58 km S of Whites City, New Mexico",earthquake,1.301413769,1.051227131,0.2,12,reviewed,tx,tx
2023-06-14T19:01:00.942Z,31.95696747,-103.3504654,7.288427734,2.9,ml,27,78,0.031515535,0.2,tx,tx2023lpcd,2023-08-21T04:18:55.040Z,"22 km SW of Jal, New Mexico",earthquake,1.346907562,1.113995601,0.1,14,reviewed,tx,tx
2023-06-13T02:30:07.409Z,31.69053346,-104.2978606,6.954223633,2.9,ml,18,57,0.033897932,0.1,tx,tx2023llzz,2023-08-21T04:18:46.040Z,"54 km S of Whites City, New Mexico",earthquake,0.758222802,0.77774599,0.1,22,reviewed,tx,tx
2023-06-12T18:25:25.068Z,31.69562857,-104.2909012,7.674047852,2.9,ml,41,76,0.032718819,0.2,tx,tx2023lljz,2023-08-21T04:18:45.040Z,western Texas,earthquake,0.675375123,0.65999373,0.2,22,reviewed,tx,tx
2023-06-09T18:03:43.180Z,43.5068,-105.4199,0,2.9,ml,16,124,1.175,0.28,us,us7000k7h3,2023-08-12T17:15:13.040Z,"27 km SSE of Wright, Wyoming",mining explosion,8.47,1.706,0.051,50,reviewed,us,us
2023-06-06T03:30:24.760Z,36.8495,-104.7862,5,2.9,ml,11,112,0.078,0.63,us,us7000k6k0,2023-08-12T17:15:04.040Z,"30 km S of Sequndo, Colorado",earthquake,1.22,1.753,0.048,58,reviewed,us,us
2023-06-06T03:12:24.373Z,31.60791378,-103.9609962,6.440063477,2.9,ml,16,60,0.096423268,0.2,tx,tx2023kzgv,2023-08-12T17:15:04.040Z,"35 km WSW of Mentone, Texas",earthquake,1.226890348,2.066176464,0.1,7,reviewed,tx,tx
2023-06-04T00:20:54.829Z,39.6129,-119.9698,7.1,2.9,ml,35,67.68,0.009,0.1645,nn,nn00860806,2023-08-12T17:15:01.040Z,"7 km S of Cold Springs, Nevada",earthquake,,0.7,0.27,7,reviewed,nn,nn
2023-05-30T20:27:34.884Z,43.7866,-105.4226,0,2.9,ml,28,66,1.056,0.73,us,us7000k53b,2023-08-05T22:07:41.040Z,Wyoming,mining explosion,6.58,1.735,0.05,52,reviewed,us,us
2023-05-27T08:24:28.924Z,31.71736936,-104.2657589,7.416967773,2.9,ml,18,68,0.039753843,0.2,tx,tx2023khkc,2023-07-29T22:00:44.040Z,"51 km SSE of Whites City, New Mexico",earthquake,0.837521967,0.725208105,0.1,13,reviewed,tx,tx
2023-05-24T03:08:13.055Z,31.66205375,-104.3719144,6.131567383,2.9,ml,20,69,0.049519248,0.3,tx,tx2023kbnf,2023-07-29T22:00:33.040Z,"56 km S of Whites City, New Mexico",earthquake,1.301946673,1.028554309,0.2,10,reviewed,tx,tx
2023-05-24T02:15:43.010Z,40.236,-121.1653333,6.01,2.9,md,36,39,0.01922,0.15,nc,nc73889245,2023-07-29T22:00:33.040Z,"2km NNE of Almanor, CA",earthquake,0.3,0.41,0.151,63,reviewed,nc,nc
2023-05-21T03:53:31.313Z,37.2905,-117.5807,7.2,2.9,ml,19,93.22,0.078,0.1767,nn,nn00859827,2023-07-29T22:00:25.040Z,"51 km S of Silver Peak, Nevada",earthquake,,1.2,0.98,11,reviewed,nn,nn
2023-05-14T16:02:12.958Z,31.56345946,-104.1645861,8.496704102,2.9,ml,25,63,0.036253015,0.1,tx,tx2023jkfr,2023-07-24T01:16:57.040Z,"44 km NW of Toyah, Texas",earthquake,0.957016055,0.956488941,0.1,25,reviewed,tx,tx
2023-05-12T13:29:55.740Z,40.2133333,-121.1558333,5.76,2.9,md,38,34,0.03524,0.16,nc,nc73887126,2023-07-22T19:17:04.040Z,"1km N of Prattville, CA",earthquake,0.31,0.63,0.179,83,reviewed,nc,nc
2023-05-07T10:38:03.023Z,31.63571774,-104.3937475,6.131567383,2.9,ml,18,64,0.038556744,0.2,tx,tx2023ixal,2023-07-22T19:16:17.040Z,"59 km S of Whites City, New Mexico",earthquake,1.31419612,1.188081445,0.1,43,reviewed,tx,tx
2023-05-02T14:03:34.440Z,31.72379276,-104.347138,6.902807617,2.9,ml,52,62,0.06367683,0.3,tx,tx2023iods,2023-07-15T22:10:53.040Z,"50 km S of Whites City, New Mexico",earthquake,0.5623608,0.704718554,0.1,31,reviewed,tx,tx
2023-04-25T23:50:36.602Z,31.70863212,-104.484873,6.131567383,2.9,ml,29,64,0.042328365,0.2,tx,tx2023icco,2023-07-11T01:44:34.040Z,"52 km S of Whites City, New Mexico",earthquake,1.286366107,0.624825284,0.1,25,reviewed,tx,tx
2023-04-25T13:49:07.191Z,43.7796,-71.4803,8.286,2.9,mb_lg,23,98,0.141,0.2,us,us7000jvs7,2023-07-11T01:44:36.040Z,"4 km SW of Center Sandwich, New Hampshire",earthquake,1.24,3.039,0.071,52,reviewed,us,us
2023-04-19T22:57:29.106Z,31.63469077,-104.3746358,6.362939453,2.9,ml,26,76,0.053474843,0.3,tx,tx2023hrbu,2023-07-03T02:47:05.040Z,"59 km S of Whites City, New Mexico",earthquake,1.292621539,1.375311859,0.2,18,reviewed,tx,tx
2023-04-13T14:44:05.116Z,31.75171814,-104.5911722,6.979931641,2.9,ml,33,89,0.062968982,0.3,tx,tx2023hfmm,2023-06-17T21:36:51.040Z,"51 km SSW of Whites City, New Mexico",earthquake,1.817956887,1.038757648,0.1,19,reviewed,tx,tx
2024-02-11T01:11:04.580Z,33.0616667,-115.5833333,10.23,2.91,ml,54,40,0.02337,0.25,ci,ci40665480,2024-03-02T01:08:13.040Z,"4 km NE of Westmorland, CA",earthquake,0.21,0.38,0.173,47,reviewed,ci,ci
2024-01-26T22:23:43.900Z,38.8015,-122.7683333,1.8,2.91,md,98,45,0.006793,0.06,nc,nc73994746,2024-03-30T22:34:21.040Z,"3 km NNW of The Geysers, CA",earthquake,0.08,0.12,0.154,148,reviewed,nc,nc
2023-10-28T05:48:58.600Z,38.5596667,-119.5051667,5.2,2.91,md,21,114,0.02864,0.05,nc,nc73952615,2024-01-04T04:22:34.040Z,"6 km NNW of Walker, CA",earthquake,0.2,0.3,0.183,57,reviewed,nc,nc
2023-10-27T20:33:36.540Z,38.8003333,-122.8283333,2.34,2.91,md,99,18,0.008548,0.06,nc,nc73952320,2024-04-06T18:38:24.083Z,"7 km WNW of The Geysers, CA",earthquake,0.08,0.13,0.216,134,reviewed,nc,nc
2023-10-14T17:15:20.039Z,35.63616667,-96.90966667,16.06,2.91,ml,99,56,0,0.12,ok,ok2023udwa,2024-02-03T07:08:08.547Z,"7 km SSW of Chandler, Oklahoma",earthquake,,0.4,0.21,43,reviewed,ok,ok
2023-10-04T03:46:55.160Z,41.0165,-124.1326667,25.39,2.91,md,40,144,0.03972,0.14,nc,nc73945196,2023-12-14T21:26:52.040Z,"4 km SW of Westhaven-Moonstone, CA",earthquake,0.43,0.51,0.111,54,reviewed,nc,nc
2023-09-09T21:35:57.200Z,32.0403333,-116.2108333,16.18,2.91,ml,30,84,0.2261,0.23,ci,ci39662050,2023-11-17T19:47:45.040Z,"43 km ENE of Ensenada, B.C., MX",earthquake,0.31,1.25,0.163,71,reviewed,ci,ci
2023-08-20T22:52:49.630Z,34.4228333,-119.1646667,2.11,2.91,ml,83,25,0.02649,0.33,ci,ci39645698,2023-10-28T19:15:33.040Z,"8 km ESE of Ojai, CA",earthquake,0.21,0.38,0.135,95,reviewed,ci,ci
2023-08-20T06:24:26.520Z,32.2823333,-115.109,20.61,2.91,ml,30,90,0.1653,0.28,ci,ci39645170,2023-10-28T19:15:32.040Z,"1 km SW of Guadalupe Victoria, B.C., MX",earthquake,0.41,0.91,0.222,53,reviewed,ci,ci
2023-07-24T10:47:11.020Z,40.4835,-124.2101667,22.04,2.91,md,33,58,0.06444,0.1,nc,nc73916121,2023-09-30T21:36:39.040Z,"9 km WSW of Rio Dell, CA",earthquake,0.24,0.36,0.171,63,reviewed,nc,nc
2023-07-22T21:22:42.530Z,31.538,-115.6733333,6.33,2.91,ml,17,66,0.1741,0.19,ci,ci39619506,2023-09-28T21:34:13.040Z,"87km ESE of Maneadero, B.C., MX",earthquake,0.23,1.32,0.149,27,reviewed,ci,ci
2023-07-09T15:25:52.970Z,38.8176667,-122.8031667,2.85,2.91,md,87,22,0.007863,0.08,nc,nc73910736,2023-09-16T19:16:06.040Z,"6 km NW of The Geysers, CA",earthquake,0.11,0.15,0.214,91,reviewed,nc,nc
2023-06-04T07:03:10.480Z,40.2355,-121.1573333,6.84,2.91,md,38,42,0.01523,0.17,nc,nc73896771,2023-08-12T17:15:01.040Z,"3km NE of Almanor, CA",earthquake,0.27,0.37,0.118,82,reviewed,nc,nc
2023-04-28T06:33:11.540Z,37.1808333,-117.4753333,0.09,2.91,ml,23,155,0.1458,0.19,ci,ci40212407,2023-07-11T01:44:31.040Z,"70km NNW of Stovepipe Wells, CA",earthquake,0.25,0.33,0.121,26,reviewed,ci,ci
2024-03-15T14:14:45.630Z,36.8451667,-121.5875,4.96,2.92,md,84,46,0.0129,0.16,nc,nc74017866,2024-04-04T13:49:54.040Z,"4 km W of San Juan Bautista, CA",earthquake,0.16,0.28,0.098,99,reviewed,nc,nc
2024-02-12T08:40:05.120Z,32.7918333,-115.5595,10.79,2.92,ml,49,46,0.05003,0.28,ci,ci40666336,2024-02-13T08:32:21.040Z,"0 km NNW of El Centro, CA",earthquake,0.28,0.48,0.192,46,reviewed,ci,ci
2024-01-18T02:43:13.050Z,33.2056667,-116.0515,9.84,2.92,ml,92,20,0.06968,0.17,ci,ci40461943,2024-03-29T17:37:52.040Z,"10 km NE of Ocotillo Wells, CA",earthquake,0.11,0.36,0.17,111,reviewed,ci,ci
2024-01-11T00:46:52.860Z,36.4211667,-121.9266667,7.1,2.92,md,65,168,0.0645,0.13,nc,nc73987616,2024-03-16T18:59:38.040Z,"13 km N of Point Sur, CA",earthquake,0.32,0.52,0.122,124,reviewed,nc,nc
2023-12-24T22:30:52.780Z,41.3036667,-123.4595,36.49,2.92,md,64,77,0.02538,0.23,nc,nc73980546,2024-03-02T21:39:30.040Z,"8 km S of Somes Bar, CA",earthquake,0.26,0.38,0.213,56,reviewed,nc,nc
2023-11-13T12:30:55.550Z,37.5488333,-118.4748333,11.33,2.92,md,32,118,0.02503,0.05,nc,nc73962406,2024-01-26T16:37:37.040Z,"18 km E of Toms Place, CA",earthquake,0.37,0.69,0.101,58,reviewed,nc,nc
2023-11-11T03:43:42.720Z,40.426,-124.8391667,17.79,2.92,md,80,234,0.386,0.2,nc,nc73961276,2024-01-13T23:11:31.040Z,"48 km WNW of Petrolia, CA",earthquake,0.96,0.87,0.112,69,reviewed,nc,nc
2023-07-09T05:30:05.730Z,38.7493333,-122.7333333,1.75,2.92,ml,85,36,0.009387,0.08,nc,nc73910531,2023-09-16T19:16:06.040Z,"4 km SSE of The Geysers, CA",earthquake,0.09,0.15,0.103,29,reviewed,nc,nc
2023-06-10T21:20:04.670Z,36.5346667,-121.1455,2.48,2.92,md,64,75,,0.13,nc,nc73899691,2023-08-12T17:15:16.040Z,"0km NNW of Pinnacles, CA",earthquake,0.17,0.26,0.156,74,reviewed,nc,nc
2023-04-30T07:12:27.860Z,33.2058333,-115.5943333,1.51,2.92,ml,40,89,0.03276,0.22,ci,ci40215591,2023-07-15T22:10:36.040Z,"8km WSW of Niland, CA",earthquake,0.23,0.32,0.151,17,reviewed,ci,ci
2024-04-10T00:26:53.530Z,31.8725,-116.1768333,12.93,2.93,ml,27,73,0.2351,0.26,ci,ci40709224,2024-04-10T16:48:26.250Z,"41 km ENE of Maneadero, B.C., MX",earthquake,0.31,1.07,0.144,24,reviewed,ci,ci
2024-04-02T21:20:39.810Z,46.60683333,-122.7103333,24.28,2.93,ml,129,16,0.05683,0.16,uw,uw61985927,2024-04-04T03:06:36.386Z,"3 km N of Onalaska, Washington",earthquake,0.12,0.33,0.19455693,140,reviewed,uw,uw
2024-04-01T17:52:30.770Z,32.913,-116.24,8.51,2.93,ml,108,46,0.06754,0.21,ci,ci40703056,2024-04-12T19:22:24.040Z,"28 km SSW of Ocotillo Wells, CA",earthquake,0.12,0.41,0.179,206,reviewed,ci,ci
2024-02-12T08:41:34.470Z,32.8173333,-115.5771667,15.33,2.93,ml,48,51,0.06158,0.25,ci,ci40666344,2024-03-14T14:07:12.040Z,"3 km SSW of Imperial, CA",earthquake,0.28,0.4,0.112,15,reviewed,ci,ci
2023-12-18T08:32:39.030Z,31.529,-115.6095,10.39,2.93,ml,11,68,0.2026,0.19,ci,ci40446727,2024-02-27T22:57:00.040Z,"88 km SSW of Alberto Oviedo Mota, B.C., MX",earthquake,0.3,1.01,0.161,47,reviewed,ci,ci
2023-12-09T21:46:04.310Z,33.1648333,-115.6456667,3.42,2.93,ml,35,61,0.02661,0.24,ci,ci40618296,2024-02-10T23:47:47.040Z,"13 km WNW of Calipatria, CA",earthquake,0.6,0.69,0.196,17,reviewed,ci,ci
2023-11-28T06:38:50.320Z,37.0968333,-112.9003333,16.13,2.93,ml,23,110,0.1017,0.27,uu,uu60555372,2024-02-06T21:53:53.040Z,"11 km NNE of Hildale, Utah",earthquake,0.55,0.64,0.299,13,reviewed,uu,uu
2023-10-16T14:15:42.130Z,40.755,-124.3113333,26.33,2.93,md,36,196,0.08128,0.09,nc,nc73947930,2023-12-26T21:24:24.040Z,"11 km WNW of Humboldt Hill, CA",earthquake,0.45,0.43,0.107,72,reviewed,nc,nc
2023-09-07T17:42:47.600Z,39.992,-123.7978333,1.21,2.93,md,41,98,0.1134,0.17,nc,nc73934281,2023-11-17T19:47:46.040Z,"14 km S of Redway, CA",earthquake,0.26,1.17,0.155,66,reviewed,nc,nc
2023-05-30T08:31:38.740Z,37.288,-117.5848333,4.5,2.93,ml,20,163,0.07348,0.19,ci,ci40237431,2023-08-05T22:07:40.040Z,"64km ENE of Big Pine, CA",earthquake,0.4,0.43,0.177,44,reviewed,ci,ci
2023-04-22T02:04:33.780Z,36.6595,-121.2931667,7.47,2.93,md,77,54,0.05153,0.14,nc,nc73876470,2023-07-03T02:46:44.040Z,"15km S of Tres Pinos, CA",earthquake,0.14,0.35,0.121,129,reviewed,nc,nc
2024-01-26T16:42:04.480Z,38.8213333,-122.8001667,3.38,2.94,ml,100,22,0.008008,0.05,nc,nc73994341,2024-03-30T22:34:18.040Z,"6 km NW of The Geysers, CA",earthquake,0.09,0.13,0.138,63,reviewed,nc,nc
2023-12-26T11:07:25.740Z,35.9245,-117.6856667,2.11,2.94,ml,49,38,0.11,0.2,ci,ci40451167,2024-03-02T21:39:40.040Z,"20 km E of Little Lake, CA",earthquake,0.17,0.3,0.177,17,reviewed,ci,ci
2023-10-04T01:48:33.380Z,36.411,-89.54066667,9.96,2.94,md,65,26,0.03507,0.11,nm,nm60554001,2023-12-14T21:26:52.040Z,"7 km WNW of Tiptonville, Tennessee",earthquake,0.13,0.28,0.079017083,59,reviewed,nm,nm
2023-09-20T10:27:11.509Z,34.4715,-97.7675,16.95,2.94,ml,89,48,0.139472631,0.4,ok,ok2023slmm,2023-12-02T23:01:08.040Z,Oklahoma,earthquake,,1.1,0.24,26,reviewed,ok,ok
2023-06-22T22:22:41.760Z,40.2975,-124.7141667,14.79,2.94,md,65,236,0.2844,0.23,nc,nc73904051,2023-08-26T20:54:10.040Z,"36km W of Petrolia, CA",earthquake,0.74,0.62,0.186,60,reviewed,nc,nc
2023-06-03T12:02:39.800Z,38.8001667,-122.7725,0.81,2.94,md,58,37,0.01,0.05,nc,nc73895821,2023-08-05T22:07:55.040Z,"3km NNW of The Geysers, CA",earthquake,0.1,0.16,0.301,32,reviewed,nc,nc
2023-05-22T04:19:49.530Z,40.1568333,-121.0656667,4.52,2.94,md,44,40,0.1094,0.13,nc,nc73891101,2023-07-29T22:00:27.040Z,"2km SSE of Canyondam, CA",earthquake,0.19,0.71,0.145,96,reviewed,nc,nc
2023-04-21T02:28:40.640Z,39.9245,-123.565,-0.6,2.94,md,40,43,0.1259,0.14,nc,nc73876080,2023-07-03T02:46:54.040Z,"27km NNW of Laytonville, CA",earthquake,0.19,0.62,0.157,61,reviewed,nc,nc
2024-03-27T17:34:26.400Z,40.3318333,-124.6745,18.3,2.95,md,55,236,0.2575,0.23,nc,nc74025051,2024-04-04T16:39:54.040Z,"33 km W of Petrolia, CA",earthquake,1.09,0.57,0.136,52,reviewed,nc,nc
2024-02-25T15:49:45.230Z,39.7421667,-122.8408333,4.69,2.95,ml,94,21,0.2181,0.23,nc,nc74007671,2024-03-17T18:59:08.040Z,"14 km NW of Alder Springs, CA",earthquake,0.2,0.65,0.138,29,reviewed,nc,nc
2024-02-01T19:16:09.770Z,36.6871667,-121.3263333,4.97,2.95,ml,71,74,0.02595,0.11,nc,nc73997396,2024-04-13T19:33:42.040Z,"11 km S of Tres Pinos, CA",earthquake,0.14,0.3,0.172,14,reviewed,nc,nc
2023-11-17T15:10:32.760Z,32.4016667,-115.2116667,6.51,2.95,ml,15,69,0.08092,0.21,ci,ci37591324,2024-01-26T16:37:28.040Z,"6 km NNW of Delta, B.C., MX",earthquake,0.33,0.98,0.175,24,reviewed,ci,ci
2023-09-21T21:29:07.080Z,34.4805,-97.76816667,6.63,2.95,ml,91,47,0.13137422,0.38,ok,ok2023sodv,2023-12-02T23:01:09.040Z,"8 km WNW of Velma, Oklahoma",earthquake,,0.9,0.23,28,reviewed,ok,ok
2023-08-15T09:53:30.360Z,40.2191667,-121.1521667,1.94,2.95,ml,51,30,0.02897,0.18,nc,nc73924331,2023-10-27T21:39:02.040Z,"1 km NNE of Prattville, CA",earthquake,0.23,0.43,0.115,31,reviewed,nc,nc
2023-05-12T05:45:40.420Z,40.1971667,-121.1003333,4.46,2.95,md,58,38,0.06114,0.19,nc,nc73886966,2023-07-22T19:16:58.040Z,"4km NW of Canyondam, CA",earthquake,0.21,0.52,0.18,83,reviewed,nc,nc
2024-02-18T04:57:01.250Z,40.3273333,-124.3623333,17.92,2.96,md,36,209,0.04168,0.12,nc,nc74004186,2024-03-19T22:27:21.040Z,"7 km W of Petrolia, CA",earthquake,0.47,0.25,0.169,46,reviewed,nc,nc
2024-01-12T16:24:46.170Z,36.6896667,-121.319,2.73,2.96,ml,67,80,0.02836,0.12,nc,nc73988266,2024-03-16T18:59:28.040Z,"11 km S of Tres Pinos, CA",earthquake,0.17,0.38,0.175,58,reviewed,nc,nc
2023-09-18T23:25:34.400Z,36.1928333,-120.7761667,8.15,2.96,md,68,76,0.03069,0.18,nc,nc73938606,2023-12-02T23:01:07.040Z,"22 km NNE of San Ardo, CA",earthquake,0.29,0.45,0.103,83,reviewed,nc,nc
2023-07-15T15:14:08.130Z,31.576,-114.4076667,5.96,2.96,ml,8,126,0.4784,0.2,ci,ci39613642,2023-09-16T19:16:17.040Z,"89km SE of Estacion Coahuila, B.C., MX",earthquake,0.39,31.61,0.157,17,reviewed,ci,ci
2023-06-18T23:53:14.890Z,35.664,-117.4825,6.74,2.96,ml,38,43,0.04789,0.15,ci,ci40488416,2023-08-26T20:54:15.040Z,"14km SSW of Searles Valley, CA",earthquake,0.16,0.47,0.134,193,reviewed,ci,ci
2023-04-13T07:38:45.840Z,38.7861667,-122.7648333,3,2.96,md,99,28,0.01498,0.07,nc,nc73872940,2023-06-17T21:36:50.040Z,"1km NW of The Geysers, CA",earthquake,0.1,0.15,0.186,99,reviewed,nc,nc
2024-04-03T03:25:38.290Z,38.4745,-122.6683333,9.26,2.97,ml,131,26,0.04864,0.15,nc,nc74028226,2024-04-15T05:02:19.040Z,"4 km NE of Santa Rosa, CA",earthquake,0.13,0.25,0.23,92,reviewed,nc,nc
2023-11-23T23:15:27.770Z,38.2775,-119.3456667,10.21,2.97,md,41,93,0.2378,0.06,nc,nc73966536,2024-02-01T15:13:43.040Z,"10 km WNW of Bridgeport, CA",earthquake,0.16,0.94,0.169,52,reviewed,nc,nc
2023-10-20T20:50:14.220Z,40.3695,-124.9358333,12.45,2.97,md,81,232,0.4607,0.3,nc,nc73949465,2023-12-26T21:24:49.040Z,"55 km W of Petrolia, CA",earthquake,1.19,1.35,0.15,68,reviewed,nc,nc
2023-10-02T17:03:08.350Z,34.9256667,-119.0215,11.58,2.97,ml,87,21,0.06777,0.24,ci,ci40575560,2023-12-14T21:26:51.040Z,"9 km WSW of Grapevine, CA",earthquake,0.19,0.47,0.139,171,reviewed,ci,ci
2023-09-22T18:51:55.609Z,35.53883333,-96.75333333,7.91,2.97,ml,100,35,0.116977045,0.21,ok,ok2023spud,2023-12-02T23:01:11.040Z,"8 km NW of Prague, Oklahoma",earthquake,,0.5,0.21,24,reviewed,ok,ok
2023-09-19T04:40:58.670Z,37.423,-121.3023333,2.13,2.97,ml,122,98,0.04056,0.21,nc,nc73938781,2023-12-02T23:01:08.040Z,"16 km WSW of Patterson, CA",earthquake,0.22,0.51,0.209,92,reviewed,nc,nc
2023-07-08T01:37:39.710Z,33.7076667,-117.4373333,9.2,2.97,ml,136,31,0.02425,0.24,ci,ci39607258,2023-09-09T21:54:58.040Z,"11km WNW of Lake Elsinore, CA",earthquake,0.14,0.32,0.164,161,reviewed,ci,ci
2023-05-13T12:01:15.550Z,40.2063333,-121.1523333,5.96,2.97,ml,44,35,0.04166,0.17,nc,nc73887581,2023-07-22T19:17:16.040Z,"0km ESE of Prattville, CA",earthquake,0.25,0.48,0.173,39,reviewed,nc,nc
2023-04-30T08:01:16.770Z,33.193,-115.5918333,3.22,2.97,ml,42,88,0.02527,0.22,ci,ci40215743,2023-07-15T22:10:39.040Z,"9km SW of Niland, CA",earthquake,0.2,0.18,0.304,21,reviewed,ci,ci
2023-04-30T04:39:04.870Z,32.7196667,-115.5435,9.55,2.97,ml,50,40,0.05401,0.25,ci,ci40215415,2023-07-15T22:10:33.040Z,"2km SW of Heber, CA",earthquake,0.25,0.49,0.139,102,reviewed,ci,ci
2024-03-21T08:50:27.960Z,33.824,-115.6551667,-0.81,2.98,ml,55,63,0.1171,0.24,ci,ci40520495,2024-04-08T04:53:35.040Z,"26 km WNW of Desert Center, CA",earthquake,0.25,0.54,0.128,157,reviewed,ci,ci
2024-02-23T14:38:07.490Z,36.41366667,-96.85816667,7.04,2.98,ml,42,59,0,0.21,ok,ok2024dtyq,2024-03-04T18:35:31.040Z,"9 km NNW of Pawnee, Oklahoma",earthquake,,0.3,0.22,17,reviewed,ok,ok
2024-02-09T21:50:18.870Z,34.0451667,-118.9171667,14.96,2.98,ml,75,150,0.04991,0.24,ci,ci40664648,2024-02-17T04:56:58.706Z,"11 km WNW of Malibu, CA",earthquake,0.31,0.28,0.265,20,reviewed,ci,ci
2023-11-25T18:18:54.430Z,40.4568333,-124.3318333,22.34,2.98,md,33,164,0.0192,0.11,nc,nc73967296,2024-02-01T15:13:45.040Z,"14 km SSW of Ferndale, CA",earthquake,0.41,0.23,0.155,63,reviewed,nc,nc
2023-10-17T08:29:48.590Z,33.0058333,-117.9086667,0.75,2.98,ml,47,132,0.4699,0.29,ci,ci40583304,2023-12-26T21:24:27.040Z,"46 km ENE of San Clemente Is. (SE tip), CA",earthquake,0.4,1.1,0.141,101,reviewed,ci,ci
2023-10-16T13:04:06.960Z,40.3216667,-124.061,31.59,2.98,ml,48,47,0.04063,0.15,nc,nc73947920,2023-12-26T21:24:23.040Z,"19 km E of Petrolia, CA",earthquake,0.26,0.54,0.2,21,reviewed,nc,nc
2023-10-13T08:04:26.070Z,44.3285,-110.8486667,5.75,2.98,ml,23,90,0.06566,0.21,uu,uu60552132,2023-12-16T22:13:08.040Z,"42 km SSE of West Yellowstone, Montana",earthquake,0.47,1.44,0.269,5,reviewed,uu,uu
2023-09-19T10:21:52.700Z,37.4476667,-121.2435,4.82,2.98,ml,46,82,0.06983,0.15,nc,nc73938936,2023-12-02T23:01:08.040Z,"10 km WSW of Patterson, CA",earthquake,0.25,0.72,0.216,88,reviewed,nc,nc
2023-07-09T04:57:31.970Z,38.7471667,-122.7345,1.39,2.98,md,100,37,0.009607,0.1,nc,nc73910471,2023-09-16T19:16:06.040Z,"4 km SSE of The Geysers, CA",earthquake,0.09,0.17,0.207,108,reviewed,nc,nc
2023-05-15T21:30:20.910Z,35.536,-96.74966667,7.81,2.98,ml,90,34,0,0.14,ok,ok2023jmlz,2023-07-24T01:16:43.040Z,"8 km NW of Prague, Oklahoma",earthquake,,0.4,0.2,36,reviewed,ok,ok
2024-01-05T03:48:41.470Z,46.1995,-122.3181667,10.98,2.99,ml,87,30,0.02338,0.18,uw,uw61978896,2024-03-09T21:39:29.040Z,"33 km NNE of Amboy, Washington",earthquake,0.19,0.32,0.166807502,59,reviewed,uw,uw
2023-12-15T14:28:18.170Z,34.246,-116.7875,5.66,2.99,ml,127,21,0.1116,0.14,ci,ci40444983,2024-02-17T22:43:11.040Z,"6 km ESE of Big Bear City, CA",earthquake,0.08,0.38,0.135,189,reviewed,ci,ci
2023-07-24T03:34:43.400Z,37.3523333,-121.7098333,8.39,2.99,ml,126,28,,0.09,nc,nc73916011,2023-09-30T21:36:39.040Z,"10 km E of Alum Rock, CA",earthquake,0.08,0.2,0.15,102,reviewed,nc,nc
2023-05-12T00:06:55.900Z,40.214,-121.1551667,5.46,2.99,ml,35,44,0.03448,0.13,nc,nc73886766,2023-07-22T19:16:55.040Z,"1km N of Prattville, CA",earthquake,0.24,0.44,0.147,30,reviewed,nc,nc
2024-04-02T22:17:27.154Z,31.473,-94.404,7.6416,3,ml,11,95,0,0.3,tx,tx2024gnul,2024-04-04T04:34:43.207Z,"5 km WSW of Chireno, Texas",earthquake,2.452515141,1.441502492,0.2,6,reviewed,tx,tx
2024-03-30T08:42:39.982Z,40.8988,-81.0575,6.234,3,mb_lg,16,52,0.191,0.31,us,us7000m8wh,2024-04-17T05:11:15.007Z,"2 km SSW of Maple Ridge, Ohio",earthquake,1.42,3.678,0.052,100,reviewed,us,us
2024-03-23T07:36:02.710Z,32.262,-101.931,6.3232,3,ml,28,50,0,0.1,tx,tx2024fukh,2024-04-08T12:17:00.040Z,"19 km NW of Stanton, Texas",earthquake,0.345225533,0.950471589,0.1,18,reviewed,tx,tx
2024-03-15T03:19:27.558Z,47.788,-113.7561,10,3,ml,39,48,0.188,0.45,us,us6000mizh,2024-04-07T00:33:46.129Z,"17 km SSE of Swan Lake, Montana",earthquake,1.34,2.01,0.042,74,reviewed,us,us
2024-03-13T18:07:41.044Z,45.8528,-106.8559,0,3,ml,20,96,0.944,0.65,us,us6000mins,2024-03-24T19:02:26.040Z,"18 km W of Colstrip, Montana",mining explosion,5.09,1.728,0.053,46,reviewed,us,us
2024-03-08T08:54:18.859Z,32.6265,-104.4006,5,3,ml,31,100,0.486,0.41,us,us7000m437,2024-03-20T08:26:49.526Z,"15 km S of Atoka, New Mexico",earthquake,1.86,1.935,0.062,52,reviewed,us,us
2024-03-07T21:36:05.469Z,44.3508,-114.8195,10.876,3,ml,27,70,0.245,0.33,us,us7000m40h,2024-03-12T00:49:12.040Z,"17 km NNE of Stanley, Idaho",earthquake,1.54,6.874,0.053,46,reviewed,us,us
2024-02-29T00:53:44.725Z,44.3503,-116.1223,10,3,ml,50,42,0.336,0.94,us,us6000mfql,2024-03-12T02:33:54.541Z,"6 km NNW of Smiths Ferry, Idaho",earthquake,1.34,1.998,0.036,100,reviewed,us,us
2024-02-28T08:53:54.337Z,41.9627,-119.5874,1.1,3,ml,5,127.64,0.536,0.0934,nn,nn00874001,2024-04-12T12:28:45.040Z,"48 km ENE of Fort Bidwell, California",earthquake,,3.9,0.68,5,reviewed,nn,nn
2024-02-27T12:54:27.907Z,44.3564,-116.1341,10,3,ml,35,51,0.337,0.91,us,us7000m1ue,2024-02-29T07:47:10.780Z,"7 km NNW of Smiths Ferry, Idaho",earthquake,2.48,2.011,0.037,94,reviewed,us,us
2024-02-17T16:19:21.895Z,28.957,-97.975,5.4443,3,ml,18,62,0,0.3,tx,tx2024djcy,2024-03-14T14:45:25.040Z,"5 km SE of Falls City, Texas",earthquake,1.052925777,2.068966211,0.1,8,reviewed,tx,tx
2024-02-14T07:06:30.000Z,39.396,-119.7146,6.4,3,ml,33,35.13,0.039,0.157,nn,nn00873424,2024-03-12T17:09:00.735Z,"11 km NNW of Virginia City, Nevada",earthquake,,0.7,0.24,8,reviewed,nn,nn
2024-02-13T20:00:14.743Z,31.669,-104.408,6.6714,3,ml,24,75,0,0.3,tx,tx2024dccg,2024-02-15T18:12:00.040Z,"56 km S of Whites City, New Mexico",earthquake,1.222201841,0.924430378,0.1,12,reviewed,tx,tx
2024-02-10T23:47:44.348Z,31.615,-103.982,8.1882,3,ml,20,59,0,0.3,tx,tx2024cwxf,2024-03-03T04:57:00.040Z,"37 km WSW of Mentone, Texas",earthquake,0.908653068,1.451930252,0.2,12,reviewed,tx,tx
2024-02-09T00:20:59.750Z,31.609,-103.969,8.2396,3,ml,13,56,0,0.1,tx,tx2024cthh,2024-02-09T01:24:20.599Z,"36 km NNW of Toyah, Texas",earthquake,0.643003691,0.998886737,0.2,9,reviewed,tx,tx
2024-01-30T06:27:35.193Z,37.1889,-104.7528,6.58,3,ml,28,59,0.071,0.59,us,us7000lux6,2024-04-13T19:27:49.040Z,"7 km N of Segundo, Colorado",earthquake,4.95,6.423,0.05,73,reviewed,us,us
2024-01-28T00:41:09.203Z,31.559,-104.016,7.9054,3,ml,24,55,0,0.2,tx,tx2024bxjy,2024-03-30T22:34:36.040Z,"34 km NW of Toyah, Texas",earthquake,0.617457131,0.542355833,0.2,14,reviewed,tx,tx
2024-01-22T02:08:15.194Z,32.411,-102.029,8.9749,3,ml,15,78,0.1,0.1,tx,tx2024bmnt,2024-03-30T22:32:15.040Z,"32 km WSW of Ackerly, Texas",earthquake,0.629779718,0.829942418,0.1,31,reviewed,tx,tx
2024-01-20T22:07:31.813Z,43.099,-117.2183,10,3,ml,30,70,0.954,0.29,us,us6000m54l,2024-03-29T17:37:55.040Z,"19 km NW of Jordan Valley, Oregon",earthquake,2.69,2.012,0.031,133,reviewed,us,us
2024-01-15T04:12:05.229Z,31.676,-104.188,6.1187,3,ml,42,61,0.1,0.2,tx,tx2024azxj,2024-03-29T17:37:51.040Z,"54 km NW of Toyah, Texas",earthquake,0.459737181,0.54707591,0.1,31,reviewed,tx,tx
2024-01-08T04:11:49.897Z,31.62,-104.109,6.9542,3,ml,32,71,0,0.2,tx,tx2024ancu,2024-03-16T18:59:58.040Z,"45 km NW of Toyah, Texas",earthquake,0.59463114,0.595795777,0.2,27,reviewed,tx,tx
2024-01-03T12:26:49.558Z,31.3268,-114.2989,10,3,ml,30,167,0.554,0.87,us,us6000m1uk,2024-03-09T21:39:23.040Z,"44 km SSE of Golfo de Santa Clara, Mexico",earthquake,4.32,1.986,0.057,40,reviewed,us,us
2023-12-31T19:10:31.706Z,43.9307,-105.6158,0,3,ml,13,135,1.155,1.12,us,us6000m0v4,2024-03-02T21:39:35.040Z,"22 km NNW of Wright, Wyoming",mining explosion,6.09,1.807,0.056,42,reviewed,us,us
2023-12-30T21:01:12.809Z,44.2658,-105.5014,0,3,ml,37,65,1.064,0.54,us,us6000m0ps,2024-03-02T21:39:34.040Z,"2 km S of Gillette, Wyoming",mining explosion,5.33,1.739,0.042,76,reviewed,us,us
2023-12-22T19:01:22.963Z,40.633,-109.4862,0,3,ml,58,48,0.089,0.73,us,us7000lky4,2024-02-27T22:56:55.040Z,"19 km NNE of Maeser, Utah",mining explosion,2.31,1.698,0.028,162,reviewed,us,us
2023-12-11T22:29:09.274Z,43.4731,-105.3961,0,3,ml,22,77,1.166,0.8,us,us7000li9b,2024-02-17T22:43:04.040Z,"31 km SSE of Wright, Wyoming",mining explosion,7.44,1.236,0.064,38,reviewed,us,us
2023-12-10T22:10:48.045Z,42.9843,-96.9668,5,3,mb_lg,38,31,0.792,0.57,us,us7000lhzm,2024-02-17T22:43:05.040Z,"11 km ESE of Wakonda, South Dakota",earthquake,2.8,2,0.075,46,reviewed,us,us
2023-12-05T04:35:01.649Z,31.614,-104.515,6.7743,3,ml,18,77,0.1,0.2,tx,tx2023xtxe,2024-02-10T23:47:33.040Z,"63 km SSW of Whites City, New Mexico",earthquake,2.419377864,1.507873313,0,7,reviewed,tx,tx
2023-12-05T00:04:08.308Z,31.666,-104.384,6.4401,3,ml,23,69,0,0.2,tx,tx2023xtoh,2024-02-10T23:47:32.040Z,"56 km S of Whites City, New Mexico",earthquake,1.218600577,1.038935886,0.1,7,reviewed,tx,tx
2023-12-04T20:13:29.286Z,31.705,-104.294,7.2884,3,ml,26,66,0,0.2,tx,tx2023xtgo,2024-02-10T23:47:31.040Z,"52 km S of Whites City, New Mexico",earthquake,1.395564492,0.965105363,0.2,15,reviewed,tx,tx
2023-11-28T12:49:34.554Z,32.418,-102.029,8.5347,3,ml(texnet),19,56,0.1,0.1,tx,tx2023xhsx,2024-02-06T21:53:54.040Z,"31 km WSW of Ackerly, Texas",earthquake,0.7538312,1.19374902,0.1,7,reviewed,tx,tx
2023-11-20T08:50:03.201Z,31.672,-104.397,6.7486,3,ml(texnet),16,69,0,0.3,tx,tx2023wsuz,2024-02-01T15:13:41.040Z,"55 km S of Whites City, New Mexico",earthquake,1.075615579,0.962425656,0.2,12,reviewed,tx,tx
2023-11-19T02:33:54.428Z,48.598,-69.1172,9.96,3,ml,10,165,1.327,0.32,us,us6000lq0q,2024-02-01T15:13:42.040Z,"15 km S of Forestville, Canada",earthquake,2.36,7.473,0.069,28,reviewed,us,us
2023-11-12T23:17:12.920Z,43.6941,-105.3288,0,3,ml,22,72,1.027,0.39,us,us7000lajk,2024-01-26T16:37:58.040Z,"14 km ESE of Wright, Wyoming",mining explosion,2.4,1.735,0.056,52,reviewed,us,us
2023-11-09T07:46:55.830Z,31.641,-104.017,6.093,3,ml(texnet),33,36,0,0.2,tx,tx2023vyqk,2024-01-13T23:10:49.040Z,"40 km W of Mentone, Texas",earthquake,0.435830416,0.387293479,0.2,19,reviewed,tx,tx
2023-11-08T03:41:39.283Z,38.8839,-118.5834,11.8,3,ml,14,59.33,0.41,0.1344,nn,nn00868574,2024-01-13T23:10:30.040Z,"21 km ESE of Schurz, Nevada",earthquake,,2.2,0.18,5,reviewed,nn,nn
2023-11-07T17:57:19.906Z,38.8848,-118.586,11,3,ml,17,65.21,0.411,0.0964,nn,nn00868546,2024-01-13T23:10:26.040Z,California-Nevada border region,earthquake,,1.4,0.13,7,reviewed,nn,nn
2023-11-06T19:46:37.457Z,45.1053,-106.802,0,3,ml,23,88,1.634,0.92,us,us7000l97m,2024-01-13T23:09:29.040Z,"32 km SW of Birney, Montana",mining explosion,3.35,1.68,0.054,45,reviewed,us,us
2023-10-28T17:54:38.000Z,32.1413333,-115.1353333,10.2,3,ml,24,55,0.1259,0.37,ci,ci40590352,2024-01-04T04:22:40.040Z,"10 km SSE of Alberto Oviedo Mota, B.C., MX",earthquake,0.69,1.17,0.155,31,reviewed,ci,ci
2023-10-21T19:51:33.114Z,31.721,-103.996,6.7357,3,ml(texnet),31,34,0,0.1,tx,tx2023uqvs,2023-12-26T21:24:55.040Z,western Texas,earthquake,0.300745303,0.36066858,0.1,26,reviewed,tx,tx
2023-10-18T19:04:01.715Z,45.0737,-106.7599,0,3,ml,50,67,1.658,0.86,us,us6000lgfd,2023-12-26T21:24:34.040Z,"33 km SW of Birney, Montana",mining explosion,3.69,1.777,0.041,80,reviewed,us,us
2023-10-18T10:05:23.160Z,31.673,-104.371,5.2061,3,ml(texnet),19,68,0,0.2,tx,tx2023ukqa,2023-12-26T21:24:32.040Z,"55 km S of Whites City, New Mexico",earthquake,0.880905187,1.323224319,0.1,7,reviewed,tx,tx
2023-10-15T17:13:38.935Z,39.0101,-117.047,3,3,ml,9,54.33,0.552,0.1464,nn,nn00867345,2023-12-26T21:24:19.040Z,"22 km S of Kingston, Nevada",earthquake,,2.7,0.52,6,reviewed,nn,nn
2023-10-12T21:41:21.440Z,36.4658333,-120.8808333,17.23,3,ml,87,83,0.05467,0.2,nc,nc73946520,2023-12-16T22:13:08.040Z,"19 km WNW of New Idria, CA",earthquake,0.25,0.29,0.155,25,reviewed,nc,nc
2023-10-10T20:21:05.590Z,45.9945,-106.5868,0,3,ml,24,212,2.161,0.71,us,us6000lelw,2023-12-16T22:13:06.040Z,"12 km NNE of Colstrip, Montana",mining explosion,3.9,1.851,0.049,54,reviewed,us,us
2023-10-10T17:17:28.961Z,28.918,-98.059,4.9399,3,ml(texnet),22,36,0.1,0.2,tx,tx2023twoc,2023-12-16T22:13:06.040Z,"8 km SSW of Falls City, Texas",earthquake,0.741984919,1.933326194,0.1,7,reviewed,tx,tx
2023-10-10T02:10:50.977Z,31.646,-103.996,6.4658,3,ml(texnet),15,70,0,0.1,tx,tx2023tvke,2023-12-16T22:13:06.040Z,"38 km W of Mentone, Texas",earthquake,2.327876325,1.877362514,0.1,6,reviewed,tx,tx
2023-10-05T14:14:44.166Z,31.634,-104.177,7.7769,3,mlv,44,63,0.1,0.2,tx,tx2023tneo,2023-12-14T21:26:53.040Z,"50 km NW of Toyah, Texas",earthquake,0.76425403,0.904673394,0.2,32,reviewed,tx,tx
2023-10-04T06:02:01.919Z,31.612,-103.98,6.8514,3,ml(texnet),15,57,0,0.1,tx,tx2023tksr,2023-12-14T21:26:52.040Z,"37 km NNW of Toyah, Texas",earthquake,0.53050999,0.652259492,0.1,6,reviewed,tx,tx
2023-09-30T01:11:31.108Z,32.7,-100.698,1.9319,3,ml(texnet),14,47,0,0.1,tx,tx2023tdbf,2023-12-09T22:00:42.040Z,"9 km NE of Hermleigh, Texas",earthquake,1.019387885,1.859434706,0.1,21,reviewed,tx,tx
2023-09-15T11:58:32.872Z,29.03045654,-97.9029182,8.339070638,3,ml,16,66,0.04820144,0.3,tx,tx2023sclz,2023-11-18T22:29:34.040Z,"12 km ENE of Falls City, Texas",earthquake,1.718567809,2.683085573,0.2,10,reviewed,tx,tx
2023-08-25T02:47:46.690Z,38.757,-122.7365,1.03,3,md,73,32,0.007593,0.06,nc,nc73928241,2023-10-28T19:15:37.040Z,"3 km SE of The Geysers, CA",earthquake,0.09,0.15,0.281,57,reviewed,nc,nc
2023-08-20T12:17:37.054Z,31.61475719,-104.5011576,7.982543945,3,ml,57,141,0.053935998,0.2,tx,tx2023qgzo,2023-10-28T19:15:32.040Z,"63 km S of Whites City, New Mexico",earthquake,1.035464458,0.724313328,0.1,24,reviewed,tx,tx
2023-08-18T05:14:04.656Z,28.9654541,-97.62477022,2.396565755,3,ml,22,89,0.096688233,0.2,tx,tx2023qcuo,2023-10-27T21:39:03.040Z,"5 km NNW of Nordheim, Texas",earthquake,1.601828448,1.526454193,0.1,6,reviewed,tx,tx
2023-08-17T20:25:15.319Z,39.2038,-116.1133,15.8,3,ml,7,153.81,0.909,0.1747,nn,nn00864609,2023-10-27T21:39:03.040Z,"36 km SSW of Eureka, Nevada",earthquake,,3.8,0.25,4,reviewed,nn,nn
2023-08-17T17:20:31.396Z,37.1986,-104.7623,5,3,ml,14,78,0.078,0.47,us,us7000kp2k,2023-10-27T21:39:03.040Z,Colorado,earthquake,4.81,1.442,0.097,16,reviewed,us,us
2023-08-08T01:08:11.836Z,38.892,-118.8754,7.6,3,ml,24,59.28,0.3,0.1544,nn,nn00864119,2023-10-17T22:01:27.040Z,"8 km SW of Schurz, Nevada",earthquake,,1.8,0.27,9,reviewed,nn,nn
2023-08-07T13:09:23.368Z,31.67889267,-104.3979022,6.74855957,3,ml,39,69,0.036922827,0.2,tx,tx2023pjhr,2023-10-17T22:01:27.040Z,"55 km S of Whites City, New Mexico",earthquake,0.790381392,0.778553627,0.1,20,reviewed,tx,tx
2023-08-04T21:58:22.427Z,32.26226807,-101.9113234,6.040323893,3,ml,19,65,0.023429937,0.1,tx,tx2023pemq,2023-10-07T21:38:58.040Z,western Texas,earthquake,0.527151033,0.934378621,0.2,11,reviewed,tx,tx
2023-08-02T14:53:21.607Z,44.0355,-105.449,0,3,ml,19,102,1.022,0.27,us,us6000kxc9,2023-10-07T21:38:54.040Z,"21 km S of Antelope Valley-Crestview, Wyoming",mining explosion,2.56,1.631,0.048,70,reviewed,us,us
2023-07-23T20:30:45.534Z,41.4963,-108.8409,0,3,ml,25,78,0.771,0.72,us,us7000khv2,2023-09-30T21:36:39.040Z,"14 km E of Sweeney Ranch, Wyoming",mining explosion,4.67,1.731,0.036,102,reviewed,us,us
2023-07-16T07:45:37.759Z,31.61231595,-103.9856267,7.712609863,3,ml,23,41,0.014411178,0.1,tx,tx2023nurz,2023-09-28T21:33:25.040Z,"37 km NNW of Toyah, Texas",earthquake,0.455394047,0.43132732,0.2,18,reviewed,tx,tx
2023-07-15T08:53:47.637Z,31.65962566,-104.3923465,5.977319336,3,ml,29,67,0.03400902,0.2,tx,tx2023nsys,2023-09-16T19:16:17.040Z,"57 km S of Whites City, New Mexico",earthquake,0.854798782,0.979154177,0,7,reviewed,tx,tx
2023-07-09T07:55:13.406Z,45.5107,-111.6782,5,3,ml,54,39,0.093,0.36,us,us6000kr2n,2023-09-16T19:16:06.040Z,"18 km NNE of Ennis, Montana",earthquake,1.15,1.749,0.048,58,reviewed,us,us
2023-07-06T01:35:30.389Z,38.0028,-114.5931,1.5,3,ml,8,80.99,0.698,0.1124,nn,nn00862209,2023-09-09T21:54:50.040Z,"14 km WNW of Pioche, Nevada",earthquake,,17.9,0.59,5,reviewed,nn,nn
2023-07-03T22:13:31.850Z,31.86309814,-101.7977087,9.072713216,3,ml,26,61,0.083186969,0.1,tx,tx2023mybc,2023-09-09T21:54:43.040Z,"29 km S of Stanton, Texas",earthquake,0.73039341,0.937462508,0.1,13,reviewed,tx,tx
2023-06-27T01:05:31.408Z,39.6342,-119.6433,9.5,3,ml,29,76.09,0.117,0.1758,nn,nn00861791,2023-09-08T14:18:22.040Z,"5 km ESE of Spanish Springs, Nevada",earthquake,,1.1,0.27,8,reviewed,nn,nn
2023-06-16T18:02:05.481Z,31.61140473,-103.9832018,8.869470215,3,ml,44,57,0.030654712,0.1,tx,tx2023lsrf,2023-08-21T04:19:12.040Z,"37 km NNW of Toyah, Texas",earthquake,0.427266027,0.508875283,0.1,24,reviewed,tx,tx
2023-06-03T00:01:09.893Z,31.6747039,-104.4059395,6.080151367,3,ml,15,56,0.017914837,0.1,tx,tx2023ktoa,2023-08-05T22:07:50.040Z,"55 km S of Whites City, New Mexico",earthquake,0.946323759,0.900324851,0.1,18,reviewed,tx,tx
2023-05-28T10:08:16.930Z,31.64729159,-104.2638828,6.157275391,3,ml,18,67,0.109081393,0.3,tx,tx2023kjja,2023-08-05T22:07:36.040Z,"57 km NW of Toyah, Texas",earthquake,1.424237981,1.905734149,0.2,12,reviewed,tx,tx
2023-05-22T15:27:49.447Z,40.6129,-109.4514,0,3,ml,13,149,0.099,0.38,us,us6000kdvw,2023-07-29T22:00:24.040Z,"18 km NNE of Vernal, Utah",mining explosion,2.52,0.822,0.037,98,reviewed,us,us
2023-05-22T14:38:44.546Z,31.70241475,-104.548623,4.511962891,3,ml,21,82,0.023580332,0.3,tx,tx2023jysx,2024-01-18T19:59:21.225Z,"54 km SSW of Whites City, New Mexico",earthquake,2.927674751,1.031408922,0.2,10,reviewed,tx,tx
2023-05-17T19:58:14.757Z,44.1649,-105.5387,0,3,ml,25,80,1.083,1.06,us,us6000kclp,2023-07-24T01:16:22.040Z,"8 km SW of Antelope Valley-Crestview, Wyoming",mining explosion,4.26,1.737,0.049,54,reviewed,us,us
2023-05-13T13:18:23.703Z,31.70728239,-104.170904,7.828295898,3,ml,51,54,0.052974358,0.2,tx,tx2023jiet,2023-07-22T19:17:17.040Z,"54 km W of Mentone, Texas",earthquake,0.475798312,0.685180455,0.1,28,reviewed,tx,tx
2023-05-13T06:27:54.075Z,31.68036489,-104.3833796,6.697143555,3,ml,37,56,0.036245554,0.1,tx,tx2023jhrf,2023-07-22T19:17:15.040Z,"54 km S of Whites City, New Mexico",earthquake,0.812975556,0.839770866,0.1,36,reviewed,tx,tx
2023-05-02T17:25:31.038Z,44.3192,-115.2416,20.389,3,ml,38,40,0.831,0.56,us,us7000jxj8,2023-07-15T22:10:55.040Z,"26 km WNW of Stanley, Idaho",earthquake,1.52,6.938,0.031,138,reviewed,us,us
2023-05-02T02:35:36.024Z,31.72515502,-104.3498426,5.10324707,3,ml,23,74,0.064060209,0.2,tx,tx2023inhb,2023-07-15T22:10:50.040Z,"50 km S of Whites City, New Mexico",earthquake,0.722334168,1.10337029,0.2,24,reviewed,tx,tx
2023-04-29T18:06:08.790Z,43.6474,-105.2152,0,3,ml,30,124,0.975,0.52,us,us7000jx0t,2023-07-11T01:44:28.040Z,"25 km ESE of Wright, Wyoming",mining explosion,8.63,1.72,0.056,42,reviewed,us,us
2023-04-26T14:27:42.288Z,31.64359258,-104.3841311,6.954223633,3,ml,35,63,0.042751153,0.2,tx,tx2023idfm,2023-07-11T01:44:28.040Z,"59 km S of Whites City, New Mexico",earthquake,0.910821281,0.955579008,0.1,19,reviewed,tx,tx
2023-04-24T13:29:08.437Z,31.4292,-115.3512,12.822,3,ml,26,62,0.259,0.57,us,us6000k6rt,2024-01-18T19:51:29.745Z,"66 km NW of San Felipe, Mexico",earthquake,0.78,7.516,0.041,78,reviewed,us,us
2023-04-15T23:44:03.521Z,31.70009479,-104.1347794,7.879711914,3,ml,43,42,0.058403352,0.3,tx,tx2023hjvh,2023-06-17T21:36:57.040Z,"50 km W of Mentone, Texas",earthquake,0.541446026,0.747652087,0.1,21,reviewed,tx,tx
2023-04-14T16:12:14.170Z,44.0959,-105.3575,0,3,ml,15,100,0.952,0.7,us,us6000k4hu,2024-01-18T19:47:20.885Z,"16 km SSE of Sleepy Hollow, Wyoming",mining explosion,6.41,1.63,0.066,30,reviewed,us,us
2023-04-13T21:15:51.459Z,28.45184326,-99.99574908,5.453409831,3,ml,11,111,0.266615879,0.3,tx,tx2023hfzk,2023-06-17T21:36:51.040Z,"15 km WSW of Carrizo Springs, Texas",earthquake,4.322273679,2.500546248,0.1,8,reviewed,tx,tx
2023-10-28T01:29:59.450Z,47.53416667,-122.6958333,21.6,3.01,ml,119,19,0.0431,0.36,uw,uw61959867,2024-01-04T04:22:30.040Z,"1 km NE of Gorst, Washington",earthquake,0.31,0.58,0.213499746,97,reviewed,uw,uw
2023-08-04T15:20:51.850Z,34.0848333,-116.8443333,6.95,3.01,ml,107,21,0.05811,0.15,ci,ci40529512,2023-10-07T21:38:58.040Z,"18 km N of Banning, CA",earthquake,0.09,0.36,0.078,11,reviewed,ci,ci
2023-08-04T08:15:01.850Z,37.527,-118.8533333,5.79,3.01,ml,32,100,0.0658,0.06,nc,nc73920066,2023-10-07T21:38:57.040Z,"16 km WSW of Toms Place, CA",earthquake,0.28,0.67,0.203,34,reviewed,nc,nc
2023-06-28T04:39:36.600Z,37.0538333,-121.5086667,7.67,3.01,ml,100,27,0.03421,0.14,nc,nc73906226,2023-09-08T14:18:24.040Z,"8km NE of Gilroy, CA",earthquake,0.13,0.31,0.124,78,reviewed,nc,nc
2024-02-07T19:11:29.110Z,46.75466667,-121.5156667,4.58,3.02,ml,56,85,0.04475,0.13,uw,uw61982146,2024-02-12T21:50:20.040Z,"20 km NE of Packwood, Washington",earthquake,0.21,0.25,0.171571282,41,reviewed,uw,uw
2024-02-03T08:19:34.219Z,35.53966667,-96.75466667,6.33,3.02,ml,93,32,0,0.17,ok,ok2024ciyc,2024-04-13T19:36:10.040Z,"8 km NW of Prague, Oklahoma",earthquake,,0.4,0.27,38,reviewed,ok,ok
2023-08-18T20:36:36.980Z,35.5836667,-117.3813333,3.95,3.02,ml,40,63,0.06017,0.16,ci,ci39644162,2023-10-27T21:39:04.040Z,"20 km S of Trona, CA",earthquake,0.19,0.4,0.134,191,reviewed,ci,ci
2023-07-24T07:31:02.810Z,32.3203333,-115.315,11.29,3.02,ml,36,57,0.09924,0.36,ci,ci39620202,2023-09-30T21:36:39.040Z,"12km WSW of Delta, B.C., MX",earthquake,0.43,1,0.132,61,reviewed,ci,ci
2023-07-15T06:52:51.990Z,31.5498333,-114.4038333,5.96,3.02,ml,9,129,0.5014,0.46,ci,ci39613458,2023-09-16T19:16:16.040Z,"91km SE of Estacion Coahuila, B.C., MX",earthquake,0.77,31.61,0.184,11,reviewed,ci,ci
2023-05-13T21:07:31.040Z,38.8218333,-122.7653333,2.04,3.02,ml,99,41,0.009338,0.07,nc,nc73887711,2023-07-22T19:17:20.040Z,"4km W of Cobb, CA",earthquake,0.09,0.13,0.243,79,reviewed,nc,nc
2023-04-30T06:39:56.770Z,32.7088333,-115.5353333,10.38,3.02,ml,45,43,0.06612,0.27,ci,ci40215535,2023-07-15T22:10:35.040Z,"2km SSW of Heber, CA",earthquake,0.28,0.58,0.124,69,reviewed,ci,ci
2023-04-29T14:48:54.970Z,32.7013333,-115.5325,9.67,3.02,ml,41,48,0.0729,0.26,ci,ci40214511,2023-07-11T01:44:54.040Z,"3km S of Heber, CA",earthquake,0.27,0.62,0.148,65,reviewed,ci,ci
2023-04-13T02:52:41.470Z,37.4906667,-118.8396667,3.8,3.02,ml,25,104,0.09954,0.05,nc,nc73872830,2023-06-17T21:36:50.040Z,"16km WSW of Toms Place, CA",earthquake,0.3,0.97,0.202,31,reviewed,nc,nc
2024-04-09T02:26:26.890Z,32.4033333,-115.2061667,11.02,3.03,ml,34,51,0.08514,0.34,ci,ci40708192,2024-04-10T00:52:12.040Z,"6 km NNW of Delta, B.C., MX",earthquake,0.43,0.95,0.146,64,reviewed,ci,ci
2024-03-08T21:09:41.170Z,32.7955,-117.4613333,15.81,3.03,ml,74,128,0.1908,0.21,ci,ci40683864,2024-03-31T23:35:36.108Z,"18 km WSW of La Jolla, CA",earthquake,0.33,0.44,0.218,245,reviewed,ci,ci
2023-08-21T07:51:03.870Z,34.414,-119.1966667,1.06,3.03,ml,77,29,0.05399,0.3,ci,ci39646274,2023-10-28T19:15:33.040Z,"6 km SE of Ojai, CA",earthquake,0.2,0.47,0.177,24,reviewed,ci,ci
2023-06-30T20:08:50.530Z,32.357,-115.3461667,14.62,3.03,ml,41,56,0.07139,0.29,ci,ci40500864,2023-09-08T14:18:31.040Z,"14km W of Delta, B.C., MX",earthquake,0.28,0.66,0.213,125,reviewed,ci,ci
2023-06-06T21:35:15.240Z,45.367,-121.7038333,1.35,3.03,ml,28,33,0.008512,0.13,uw,uw61930961,2023-08-12T17:15:05.040Z,"8 km NNE of Government Camp, Oregon",earthquake,0.17,0.12,0.284466198,20,reviewed,uw,uw
2023-05-30T02:45:20.910Z,37.53916667,-87.33033333,0.45,3.03,md,23,105,0.1234,0.3,nm,nm60500758,2023-08-05T22:07:39.040Z,"6 km W of Calhoun, Kentucky",earthquake,0.8,1.59,0.131469904,12,reviewed,nm,nm
2024-04-10T08:09:36.080Z,37.263,-121.6371667,6.07,3.04,ml,142,33,0.02896,0.1,nc,nc74032151,2024-04-16T19:02:50.102Z,"15 km N of Morgan Hill, CA",earthquake,0.09,0.19,0.167,99,reviewed,nc,nc
2023-09-27T01:29:07.990Z,35.8795,-117.686,2.74,3.04,ml,33,71,0.09549,0.16,ci,ci40573224,2023-12-09T22:00:40.040Z,"21 km ESE of Little Lake, CA",earthquake,0.19,0.74,0.146,98,reviewed,ci,ci
2023-08-20T21:43:06.750Z,34.4245,-119.1943333,2.12,3.04,ml,35,41,0.04858,0.35,ci,ci39645394,2023-10-28T19:15:32.040Z,"5 km ESE of Ojai, CA",earthquake,0.4,0.7,0.136,7,reviewed,ci,ci
2023-08-15T14:44:24.220Z,37.8656667,-122.0476667,9.8,3.04,ml,120,43,0.04408,0.11,nc,nc73924411,2023-10-29T17:40:03.497Z,"2 km NW of Alamo, CA",earthquake,0.11,0.19,0.219,136,reviewed,nc,nc
2023-06-01T08:57:15.840Z,40.5193333,-124.436,17.91,3.04,ml,28,219,0.08692,0.16,nc,nc73894986,2023-08-05T22:07:44.040Z,"16km WSW of Ferndale, CA",earthquake,0.82,0.41,0.25,25,reviewed,nc,nc
2023-05-24T00:30:25.200Z,37.2783333,-117.5841667,6.16,3.04,ml,14,170,0.06695,0.16,ci,ci40232623,2023-07-29T22:00:32.040Z,"64km ENE of Big Pine, CA",earthquake,0.56,0.45,0.193,61,reviewed,ci,ci
2024-01-28T12:07:40.570Z,33.1306667,-115.627,9.28,3.05,ml,60,41,0.04764,0.25,ci,ci39758682,2024-03-30T22:34:45.040Z,"10 km N of Westmorland, CA",earthquake,0.2,0.48,0.15,82,reviewed,ci,ci
2024-01-08T15:12:22.500Z,35.6033333,-117.4821667,9.68,3.05,ml,54,36,0.02339,0.14,ci,ci40456839,2024-03-16T18:59:53.040Z,"18 km E of Ridgecrest, CA",earthquake,0.12,0.22,0.164,32,reviewed,ci,ci
2023-12-23T15:42:07.750Z,34.0125,-116.3435,3.66,3.05,ml,85,28,0.06854,0.15,ci,ci40449927,2024-02-27T22:57:05.040Z,"14 km SSW of Joshua Tree, CA",earthquake,0.11,0.36,0.162,100,reviewed,ci,ci
2023-10-23T02:41:45.820Z,47.4075,-122.6971667,29.4,3.05,ml,122,24,0.04511,0.26,uw,uw61958757,2024-01-04T04:21:55.040Z,"Puget Sound region, Washington",earthquake,0.22,0.5,0.151375585,88,reviewed,uw,uw
2023-09-25T06:42:33.790Z,35.0428333,-119.6403333,14.25,3.05,ml,66,42,0.1036,0.32,ci,ci40572024,2023-12-09T22:00:45.040Z,"20 km WSW of Taft, CA",earthquake,0.31,0.58,0.118,75,reviewed,ci,ci
2023-04-19T17:42:11.830Z,36.36816667,-98.16983333,5,3.05,ml,78,56,0,0.13,ok,ok2023hqrj,2023-07-03T02:47:07.040Z,"2 km SSE of Meno, Oklahoma",earthquake,,0.4,0.27,48,reviewed,ok,ok
2024-03-28T15:07:55.210Z,35.66583333,-97.3895,6.82,3.06,ml,96,39,0,0.13,ok,ok2024gecs,2024-04-03T15:38:14.772Z,"5 km W of Arcadia, Oklahoma",earthquake,,0.2,0.2,38,reviewed,ok,ok
2023-09-19T09:54:27.540Z,34.1121667,-117.47,6.8,3.06,ml,150,15,0.02881,0.22,ci,ci39668658,2024-02-16T14:13:22.897Z,"2 km NW of Fontana, CA",earthquake,0.11,0.29,0.165,167,reviewed,ci,ci
2023-09-19T05:25:21.350Z,37.422,-121.3036667,3.68,3.06,ml,131,137,0.04005,0.2,nc,nc73938826,2023-12-02T23:01:08.040Z,"16 km WSW of Patterson, CA",earthquake,0.18,0.44,0.194,96,reviewed,nc,nc
2023-09-08T23:40:28.210Z,34.0328333,-116.9541667,6.9,3.06,ml,138,19,0.06244,0.16,ci,ci39661746,2023-11-17T19:47:46.040Z,"8 km E of Yucaipa, CA",earthquake,0.08,0.36,0.17,217,reviewed,ci,ci
2023-09-01T23:30:16.020Z,40.6023333,-121.8291667,14.04,3.06,ml,45,36,0.09811,0.13,nc,nc73931886,2023-11-04T21:36:15.040Z,"13 km NNE of Shingletown, CA",earthquake,0.18,0.52,0.152,36,reviewed,nc,nc
2023-05-31T03:00:52.050Z,36.4115,-118.2483333,2.54,3.06,ml,33,63,0.242,0.15,ci,ci40238455,2023-08-05T22:07:41.040Z,"25km SW of Lone Pine, CA",earthquake,0.16,0.76,0.155,153,reviewed,ci,ci
2024-04-06T05:17:30.179Z,36.10466667,-97.83333333,7.07,3.07,ml,98,43,0,0.13,ok,ok2024gtut,2024-04-08T16:20:57.839Z,"5 km E of Hennessey, Oklahoma",earthquake,,0.3,0.21,48,reviewed,ok,ok
2024-02-09T23:41:49.580Z,34.0573333,-118.9118333,13.93,3.07,ml,83,136,0.05023,0.28,ci,ci40664848,2024-02-12T22:54:49.040Z,"11 km WNW of Malibu, CA",earthquake,0.29,0.39,0.167,192,reviewed,ci,ci
2024-01-20T17:45:18.340Z,33.3085,-116.2416667,6.66,3.07,ml,105,17,0.07824,0.2,ci,ci40463311,2024-03-29T17:37:55.040Z,"14 km ENE of Borrego Springs, CA",earthquake,0.12,0.53,0.167,76,reviewed,ci,ci
2023-12-27T20:05:40.510Z,35.2355,-120.784,6.22,3.07,ml,50,111,0.003138,0.08,nc,nc73981856,2024-03-02T21:39:32.040Z,"8 km NW of Avila Beach, CA",earthquake,0.13,0.2,0.16,23,reviewed,nc,nc
2023-12-18T04:10:33.370Z,38.2325,-89.09516667,16.71,3.07,md,49,51,0.5258,0.25,nm,nm60562761,2024-03-29T01:12:08.150Z,"5 km WNW of Waltonville, Illinois",earthquake,0.32,0.53,0.195899049,26,reviewed,nm,nm
2023-11-24T08:16:16.800Z,45.91066667,-122.8906667,20.63,3.07,ml,92,21,0.04405,0.19,uw,uw61973581,2024-02-01T15:13:43.040Z,"4 km WSW of Deer Island, Oregon",earthquake,0.17,0.39,0.151651497,68,reviewed,uw,uw
2023-08-20T22:55:15.060Z,34.4426667,-119.1591667,1.21,3.07,ml,89,47,0.0188,0.36,ci,ci39645714,2023-10-28T19:15:33.040Z,"8 km E of Ojai, CA",earthquake,0.23,0.5,0.127,95,reviewed,ci,ci
2023-08-08T08:13:29.680Z,42.35433333,-124.0655,35.93,3.07,ml,28,42,0.1363,0.14,uw,uw61939442,2023-10-17T22:01:27.040Z,"28 km ENE of Pistol River, Oregon",earthquake,0.28,0.62,0.175660012,18,reviewed,uw,uw
2023-07-29T21:29:00.690Z,49.66783333,-114.8011667,-2,3.07,ml,27,234,0.2872,0.26,mb,mb90022863,2023-07-30T13:47:01.540Z,"British Columbia, Canada",quarry blast,2.51,31.61,0.172677106,28,reviewed,mb,mb
2023-07-25T13:06:15.520Z,31.545,-115.675,6.45,3.07,ml,13,99,0.1792,0.14,ci,ci39621490,2023-09-30T21:36:40.040Z,"87km ESE of Maneadero, B.C., MX",earthquake,0.25,1.24,0.094,18,reviewed,ci,ci
2023-06-08T22:08:48.820Z,34.2075,-118.0125,14.07,3.07,ml,163,16,0.04123,0.2,ci,ci40481064,2023-08-12T17:15:10.040Z,"6km NE of Sierra Madre, CA",earthquake,0.1,0.22,0.187,245,reviewed,ci,ci
2023-05-17T15:01:45.260Z,36.6485,-121.272,3.75,3.07,ml,66,77,0.05088,0.12,nc,nc73889176,2023-07-24T01:16:25.040Z,"16km SSE of Tres Pinos, CA",earthquake,0.16,0.6,0.156,65,reviewed,nc,nc
2023-04-29T21:08:02.070Z,32.706,-115.5351667,6.49,3.07,ml,30,44,0.06809,0.24,ci,ci40214943,2023-07-11T01:44:55.040Z,"3km S of Heber, CA",earthquake,0.29,0.98,0.214,12,reviewed,ci,ci
2023-11-29T23:35:30.830Z,33.9543333,-116.848,8.75,3.08,ml,125,23,0.0668,0.16,ci,ci39719898,2024-02-06T21:53:54.040Z,"4 km NE of Banning, CA",earthquake,0.09,0.24,0.156,203,reviewed,ci,ci
2023-11-10T20:33:49.550Z,44.3935,-124.587,29.67,3.08,ml,29,144,0.3604,0.21,uw,uw61971621,2024-01-18T21:20:06.567Z,"39 km WNW of Yachats, Oregon",earthquake,0.4,0.65,0.144860187,18,reviewed,uw,uw
2023-06-04T16:41:44.370Z,34.239,-119.7366667,-0.05,3.08,ml,40,122,0.1945,0.27,ci,ci40478144,2023-10-21T08:42:19.656Z,"21km S of Santa Barbara, CA",earthquake,0.34,0.71,0.146,50,reviewed,ci,ci
2023-05-31T21:12:22.020Z,31.7395,-116.2335,5.37,3.08,ml,26,90,0.3591,0.28,ci,ci40239231,2023-08-05T22:07:42.040Z,"32km E of Maneadero, B.C., MX",earthquake,0.34,31.61,0.126,116,reviewed,ci,ci
2023-05-26T20:39:01.380Z,38.6376667,-119.777,-1.28,3.08,ml,57,38,0.208,0.2,nc,nc73890315,2023-07-29T22:00:43.040Z,"6km SSE of Markleeville, CA",earthquake,0.2,1.78,0.199,39,reviewed,nc,nc
2024-03-30T19:30:51.880Z,34.1113333,-117.317,17,3.09,ml,136,15,0.01845,0.19,ci,ci40702456,2024-04-14T22:07:44.040Z,"3 km SW of San Bernardino, CA",earthquake,0.11,0.23,0.158,229,reviewed,ci,ci
2024-03-11T11:48:40.900Z,36.4971667,-118.1945,10.15,3.09,ml,34,69,0.1085,0.18,ci,ci40685504,2024-04-04T13:32:10.040Z,"15 km SW of Lone Pine, CA",earthquake,0.18,0.64,0.122,125,reviewed,ci,ci
2023-08-03T07:29:59.460Z,32.9923333,-117.7416667,16.33,3.09,ml,54,127,0.3677,0.2,ci,ci39628458,2023-10-07T21:38:57.040Z,"41 km WSW of Carlsbad, CA",earthquake,0.3,3.02,0.136,139,reviewed,ci,ci
2023-07-17T00:46:16.890Z,35.53466667,-96.7635,7,3.09,ml,97,60,0,0.17,ok,ok2023nvzq,2023-09-28T21:33:33.040Z,"8 km NW of Prague, Oklahoma",earthquake,,0.4,0.24,38,reviewed,ok,ok
2023-07-16T20:57:19.500Z,35.5445,-96.7645,7.27,3.09,ml,82,75,0.109778458,0.16,ok,ok2023nvsc,2023-09-28T21:33:31.040Z,"8 km SE of Sparks, Oklahoma",earthquake,,0.7,0.21,37,reviewed,ok,ok
2023-05-12T12:42:51.930Z,40.1941667,-121.0931667,4.59,3.09,ml,43,38,0.06677,0.17,nc,nc73887101,2023-07-22T19:17:01.040Z,"3km NNW of Canyondam, CA",earthquake,0.27,0.66,0.217,36,reviewed,nc,nc
2023-05-03T11:43:38.350Z,35.8708333,-117.7168333,9.27,3.09,ml,32,55,0.07339,0.16,ci,ci40217951,2023-07-15T22:11:05.040Z,"19km ESE of Little Lake, CA",earthquake,0.18,0.43,0.144,187,reviewed,ci,ci
2023-04-12T06:30:34.020Z,38.8013333,-122.7731667,0.39,3.09,ml,98,31,0.01054,0.06,nc,nc73871740,2023-06-17T21:36:48.040Z,"3km NNW of The Geysers, CA",earthquake,0.06,0.12,0.222,86,reviewed,nc,nc
2024-04-02T15:53:36.342Z,46.905,-112.5156,13.377,3.1,ml,64,74,0.061,0.71,us,us7000m9dz,2024-04-06T20:58:20.138Z,"13 km ESE of Lincoln, Montana",earthquake,2.19,2.103,0.035,106,reviewed,us,us
2024-03-21T17:46:39.630Z,31.0608333,-116.6415,11.63,3.1,ml,7,228,0.4434,0.17,ci,ci40520959,2024-03-21T18:46:40.067Z,"73 km S of Maneadero, B.C., MX",earthquake,0.62,3.75,0.155,53,reviewed,ci,ci
2024-03-18T23:11:41.357Z,37.1766,-114.9466,9.5,3.1,ml,18,97.72,0.245,0.1468,nn,nn00874991,2024-04-16T00:48:16.040Z,"28 km SE of Alamo, Nevada",earthquake,,13.3,0.11,14,reviewed,nn,nn
2024-03-04T17:01:51.160Z,31.353,-103.055,3.4338,3.1,ml,42,46,0,0.2,tx,tx2024emkj,2024-04-12T13:44:33.040Z,"12 km N of Coyanosa, Texas",earthquake,0.740892138,0.847071189,0.1,43,reviewed,tx,tx
2024-02-28T18:14:53.109Z,31.4219,-114.2822,10,3.1,ml,58,103,0.62,0.78,us,us6000mfnj,2024-04-08T16:45:41.040Z,"35 km SE of Golfo de Santa Clara, Mexico",earthquake,1.6,2.012,0.046,62,reviewed,us,us
2024-02-28T11:22:08.376Z,31.74,-104.12,6.7279,3.1,ml,31,59,0,0.2,tx,tx2024ecvr,2024-03-13T15:05:19.040Z,"49 km W of Mentone, Texas",earthquake,0.444757804,0.505335339,0.2,25,reviewed,tx,tx
2024-02-25T07:52:28.791Z,31.617,-104.533,7.9456,3.1,ml,16,147,0.1,0.1,tx,tx2024dxcg,2024-04-03T22:21:24.040Z,"63 km SSW of Whites City, New Mexico",earthquake,1.05717753,0.690952279,0.2,11,reviewed,tx,tx
2024-02-10T01:28:18.536Z,32.141,-101.076,8.0566,3.1,ml,16,68,0.2,0.1,tx,tx2024cvey,2024-03-13T01:30:00.040Z,"24 km SSW of Westbrook, Texas",earthquake,1.022985542,2.926066879,0.1,30,reviewed,tx,tx
2024-02-03T19:14:30.841Z,31.686,-104.41,5.9516,3.1,ml,46,65,0,0.2,tx,tx2024cjts,2024-04-13T19:36:54.040Z,"54 km S of Whites City, New Mexico",earthquake,1.043381888,0.924269786,0.2,38,reviewed,tx,tx
2024-02-01T12:37:19.657Z,45.1021,-74.2497,7.99,3.1,mb_lg,21,86,0.537,0.35,us,us7000lvtq,2024-04-13T19:32:32.040Z,"6 km WNW of Huntingdon, Canada",earthquake,4.07,4.77,0.062,69,reviewed,us,us
2024-01-30T22:35:54.228Z,41.7991,-108.7443,0,3.1,ml,44,82,0.831,0.69,us,us7000lv4f,2024-04-13T19:28:35.040Z,"13 km NNE of Point of Rocks, Wyoming",mining explosion,4.53,1.604,0.04,84,reviewed,us,us
2024-01-28T11:58:57.108Z,31.668,-104.373,6.1316,3.1,ml,19,57,0.1,0.2,tx,tx2024bygi,2024-03-30T22:34:45.040Z,"56 km S of Whites City, New Mexico",earthquake,0.898888623,1.017788642,0.1,13,reviewed,tx,tx
2024-01-26T17:11:05.373Z,49.8614,-123.6026,5.342,3.1,ml,23,104,1.098,0.79,us,us7000lu60,2024-03-30T22:34:18.040Z,"36 km WNW of Squamish, Canada",earthquake,2.38,2.921,0.037,96,reviewed,us,us
2024-01-21T12:06:59.366Z,37.2538,-114.937,13.9,3.1,ml,22,106.76,0.178,0.124,nn,nn00872033,2024-03-29T17:37:55.040Z,"23 km ESE of Alamo, Nevada",earthquake,,1.3,0.31,17,reviewed,nn,nn
2024-01-10T22:36:16.071Z,40.6526,-109.4991,0,3.1,ml,58,45,0.098,0.44,us,us6000m2z5,2024-03-16T19:00:15.040Z,"20 km NNE of Maeser, Utah",mining explosion,2.4,1.7,0.035,107,reviewed,us,us
2024-01-10T00:06:35.882Z,38.1254,-118.2517,10.5,3.1,ml,11,51.86,0.222,0.1661,nn,nn00871538,2024-03-16T18:59:44.040Z,"31 km SSW of Mina, Nevada",earthquake,,2,0.16,5,reviewed,nn,nn
2024-01-07T06:49:27.745Z,32.387,-101.622,5.7469,3.1,ml,21,51,0,0.2,tx,tx2024almo,2024-03-09T21:39:54.040Z,"17 km SSE of Ackerly, Texas",earthquake,0.77469919,0.737074623,0.2,22,reviewed,tx,tx
2024-01-03T13:19:58.307Z,31.566,-104.144,7.9311,3.1,ml,22,66,0,0.3,tx,tx2024aerk,2024-03-09T21:39:02.040Z,"43 km NW of Toyah, Texas",earthquake,1.199956214,1.130496607,0.3,16,reviewed,tx,tx
2024-01-01T08:36:34.189Z,31.617,-104.505,7.0313,3.1,ml,34,76,0.1,0.2,tx,tx2024aara,2024-03-09T21:38:21.040Z,"63 km S of Whites City, New Mexico",earthquake,1.250519135,0.709026745,0.1,32,reviewed,tx,tx
2024-01-01T03:39:26.783Z,29.32,-97.442,9.2684,3.1,ml,19,74,0.1,0.2,tx,tx2024aahh,2024-03-09T21:38:13.040Z,"19 km ENE of Smiley, Texas",earthquake,1.359601883,2.195248185,0.2,13,reviewed,tx,tx
2023-12-30T18:54:54.013Z,31.614,-103.969,7.1085,3.1,ml,29,53,0.1,0.1,tx,tx2023zorb,2024-03-02T21:39:34.040Z,"36 km WSW of Mentone, Texas",earthquake,0.574677016,0.898024731,0.1,27,reviewed,tx,tx
2023-12-21T11:45:28.629Z,38.6682,-97.5236,3.16,3.1,mb_lg,27,74,0.712,0.29,us,us7000lkkf,2024-02-27T22:57:03.040Z,"7 km E of Assaria, Kansas",earthquake,2,6.517,0.045,126,reviewed,us,us
2023-12-12T08:45:14.356Z,31.739,-104.115,6.093,3.1,ml,30,59,0,0.2,tx,tx2023ygzx,2024-02-17T22:43:06.040Z,"49 km W of Mentone, Texas",earthquake,0.45682497,0.702210598,0.1,18,reviewed,tx,tx
2023-12-12T08:27:14.009Z,31.738,-104.115,6.0802,3.1,ml,23,69,0,0.2,tx,tx2023ygzh,2024-02-17T22:43:06.040Z,"49 km W of Mentone, Texas",earthquake,0.44700983,0.958182422,0.2,13,reviewed,tx,tx
2023-12-12T03:07:25.698Z,31.737,-104.112,6.7614,3.1,ml,43,52,0,0.2,tx,tx2023ygot,2024-02-17T22:43:06.040Z,"48 km W of Mentone, Texas",earthquake,0.41603264,0.665485549,0.2,14,reviewed,tx,tx
2023-12-11T12:51:06.543Z,31.738,-104.112,6.0802,3.1,ml,22,61,0,0.2,tx,tx2023yfmm,2024-02-17T22:43:06.040Z,"48 km W of Mentone, Texas",earthquake,0.616195638,1.575016415,0.2,14,reviewed,tx,tx
2023-12-10T20:19:39.981Z,43.6428,-105.3025,0,3.1,ml,27,58,1.033,0.96,us,us7000lhza,2024-02-17T22:43:04.040Z,"19 km SE of Wright, Wyoming",mining explosion,6.66,1.722,0.043,82,reviewed,us,us
2023-12-08T07:46:28.835Z,44.2849,-115.1953,10,3.1,ml,38,66,0.308,0.71,us,us7000lh9j,2024-02-10T23:47:42.040Z,"21 km WNW of Stanley, Idaho",earthquake,2.14,1.995,0.037,96,reviewed,us,us
2023-12-06T01:14:33.845Z,31.679,-104.193,6.1316,3.1,ml,24,61,0.1,0.2,tx,tx2023xvma,2024-02-10T23:47:36.040Z,"55 km NW of Toyah, Texas",earthquake,0.725213754,1.168242473,0.1,6,reviewed,tx,tx
2023-12-05T21:53:56.809Z,40.643,-109.5107,0,3.1,ml,30,76,0.085,0.52,us,us7000lgj5,2024-02-10T23:47:36.040Z,"19 km NNE of Maeser, Utah",mining explosion,2.01,1.692,0.036,104,reviewed,us,us
2023-11-22T19:01:16.591Z,43.7493,-105.3915,0,3.1,ml,18,79,1.048,0.69,us,us6000lq4z,2024-02-01T15:13:48.040Z,"8 km E of Wright, Wyoming",mining explosion,4.28,1.108,0.045,66,reviewed,us,us
2023-11-09T16:19:36.124Z,31.679,-104.527,5.1032,3.1,ml(texnet),25,80,0,0.2,tx,tx2023vzhg,2024-01-13T23:10:56.040Z,"56 km SSW of Whites City, New Mexico",earthquake,1.377850017,0.433066961,0.2,13,reviewed,tx,tx
2023-11-02T18:54:18.776Z,31.655,-104.293,7.5712,3.1,ml(texnet),20,67,0,0.3,tx,tx2023vmry,2024-01-10T06:01:42.040Z,"58 km S of Whites City, New Mexico",earthquake,1.053316738,1.007629363,0.2,16,reviewed,tx,tx
2023-10-20T15:59:25.565Z,39.6274,-119.638,10.1,3.1,ml,30,73.28,0.135,0.1408,nn,nn00867659,2023-12-26T21:24:47.040Z,"6 km ESE of Spanish Springs, Nevada",earthquake,,1,0.29,9,reviewed,nn,nn
2023-10-17T21:12:56.104Z,43.6162,-105.1993,0,3.1,ml,26,98,0.981,1.22,us,us6000lgyu,2023-12-26T21:24:47.040Z,"27 km ESE of Wright, Wyoming",mining explosion,7.29,1.922,0.059,38,reviewed,us,us
2023-10-13T11:23:04.862Z,31.677,-104.19,6.093,3.1,ml(texnet),27,67,0.1,0.1,tx,tx2023ubox,2023-12-16T22:13:08.040Z,"55 km NW of Toyah, Texas",earthquake,0.531878392,0.675689605,0.3,18,reviewed,tx,tx
2023-10-12T17:57:39.370Z,43.8113,-105.3525,0,3.1,ml,14,127,1,0.78,us,us6000lf69,2023-12-16T22:13:08.040Z,"13 km ENE of Wright, Wyoming",mining explosion,9.75,1.826,0.047,60,reviewed,us,us
2023-10-09T03:02:41.120Z,32.682,-100.698,6.3827,3.1,ml(texnet),29,47,0,0.3,tx,tx2023ttqk,2023-12-16T22:13:06.040Z,"7 km NE of Hermleigh, Texas",earthquake,1.069561538,1.83227485,0.1,17,reviewed,tx,tx
2023-10-08T12:00:39.335Z,31.656,-104.475,5.8231,3.1,ml(texnet),56,67,0,0.3,tx,tx2023tsmq,2023-12-16T22:13:05.040Z,"58 km S of Whites City, New Mexico",earthquake,1.002839781,0.663562094,0.1,25,reviewed,tx,tx
2023-10-07T18:02:07.602Z,43.474,-105.3935,0,3.1,ml,39,95,1.168,0.55,us,us6000ldvi,2023-12-14T21:26:56.040Z,"31 km SSE of Wright, Wyoming",mining explosion,5.58,1.838,0.04,82,reviewed,us,us
2023-10-04T16:26:38.936Z,31.637,-104.176,7.3656,3.1,ml(texnet),54,60,0.1,0.3,tx,tx2023tlnl,2023-12-14T21:26:52.040Z,"50 km NW of Toyah, Texas",earthquake,0.778648867,0.818727281,0.1,24,reviewed,tx,tx
2023-10-04T13:50:35.149Z,33.971,-108.9841,9.067,3.1,ml,32,40,0.436,0.29,us,us6000lcu8,2023-12-14T21:26:52.040Z,"15 km SSE of Escudilla Bonita, New Mexico",earthquake,2.96,1.133,0.057,40,reviewed,us,us
2023-10-04T05:29:20.494Z,31.615,-103.981,8.5224,3.1,ml(texnet),66,41,0,0.2,tx,tx2023tkrs,2023-12-14T21:26:52.040Z,"37 km WSW of Mentone, Texas",earthquake,0.479724069,0.539650938,0.2,37,reviewed,tx,tx
2023-10-03T19:58:33.206Z,43.7458,-105.2891,0,3.1,ml,23,102,0.98,0.55,us,us6000lclf,2023-12-14T21:26:52.040Z,"16 km E of Wright, Wyoming",mining explosion,3.96,1.315,0.039,86,reviewed,us,us
2023-09-30T06:08:07.707Z,32.705,-100.698,2.1765,3.1,ml(texnet),11,71,0,0.1,tx,tx2023tdla,2023-12-09T22:00:42.040Z,"9 km NE of Hermleigh, Texas",earthquake,0.755753386,1.235482144,0.1,17,reviewed,tx,tx
2023-09-28T17:01:58.654Z,45.7145,-106.7426,0,3.1,ml,21,169,2.049,0.72,us,us6000lbgg,2023-12-09T22:00:40.040Z,"10 km N of Muddy, Montana",mining explosion,6.25,1.87,0.053,46,reviewed,us,us
2023-09-28T10:50:20.712Z,32.2208,-110.5104,11.504,3.1,ml,11,127,0.249,0.71,us,us6000lbcm,2024-01-20T20:20:20.503Z,"21 km E of Tanque Verde, Arizona",earthquake,4.24,7.005,0.06,36,reviewed,us,us
2023-09-25T09:02:20.516Z,28.915,-97.963,4.1818,3.1,ml(texnet),15,71,0,0.2,tx,tx2023sunf,2023-12-09T22:00:45.040Z,"6 km WNW of Karnes City, Texas",earthquake,1.274075914,2.064350881,0.2,9,reviewed,tx,tx
2023-09-24T20:17:22.989Z,43.6995,-105.3101,0,3.1,ml,18,119,1.013,0.43,us,us7000kxv8,2023-12-09T22:00:40.040Z,"15 km ESE of Wright, Wyoming",mining explosion,5.49,1.727,0.05,66,reviewed,us,us
2023-09-17T18:46:04.501Z,43.7098,-105.3119,0,3.1,ml,24,84,1.01,0.87,us,us7000kwce,2023-12-02T23:01:04.040Z,"15 km ESE of Wright, Wyoming",mining explosion,4.61,1.074,0.046,68,reviewed,us,us
2023-09-12T17:26:34.178Z,45.9833,-106.5493,0,3.1,ml,21,204,2.186,0.8,us,us7000kvbu,2023-11-18T22:29:31.040Z,"12 km NNE of Colstrip, Montana",mining explosion,6.76,1.934,0.056,42,reviewed,us,us
2023-09-11T23:49:24.549Z,29.05975342,-97.87189798,4.670857747,3.1,ml,22,82,0.080164909,0.2,tx,tx2023rwbl,2023-11-18T22:29:33.040Z,"16 km ENE of Falls City, Texas",earthquake,1.295215068,2.533880727,0,7,reviewed,tx,tx
2023-09-11T11:32:28.379Z,31.6574241,-104.3772564,6.131567383,3.1,ml,63,58,0.046718352,0.3,tx,tx2023rvdd,2023-11-18T22:29:33.040Z,"57 km S of Whites City, New Mexico",earthquake,0.685944036,0.590563947,0.1,35,reviewed,tx,tx
2023-09-07T18:02:37.189Z,43.7033,-105.3734,0,3.1,ml,34,66,1.053,0.98,us,us7000ku05,2023-11-17T19:47:50.040Z,"10 km ESE of Wright, Wyoming",mining explosion,5.47,1.47,0.043,71,reviewed,us,us
2023-08-26T23:05:23.008Z,31.6117994,-104.497093,6.877099609,3.1,ml,27,139,0.05698408,0.2,tx,tx2023qstx,2023-10-28T19:15:39.040Z,"63 km S of Whites City, New Mexico",earthquake,1.503230175,1.168122041,0.1,13,reviewed,tx,tx
2023-08-26T07:42:10.864Z,32.4710083,-102.0399438,9.072713216,3.1,ml,29,89,0.404799722,0.3,tx,tx2023qrpk,2023-10-28T19:15:38.040Z,"29 km SSW of Los Ybanez, Texas",earthquake,1.566309206,2.522069887,0.2,14,reviewed,tx,tx
2023-08-25T09:58:46.501Z,31.66361198,-104.3428616,7.982543945,3.1,ml,44,66,0.066945705,0.3,tx,tx2023qpym,2023-10-28T19:15:37.040Z,"56 km S of Whites City, New Mexico",earthquake,0.964164421,1.170037522,0.1,24,reviewed,tx,tx
2023-08-23T20:48:16.615Z,44.6897,-111.7995,7.301,3.1,ml,42,43,0.103,0.37,us,us7000kqi2,2023-10-28T19:15:36.040Z,"45 km NW of Island Park, Idaho",earthquake,1.18,2.947,0.052,48,reviewed,us,us
2023-08-14T12:39:48.686Z,31.68032698,-104.3893013,6.234399414,3.1,ml,38,56,0.043716478,0.3,tx,tx2023pwbg,2023-10-27T21:39:01.040Z,"54 km S of Whites City, New Mexico",earthquake,0.937084882,0.861766641,0.1,18,reviewed,tx,tx
2023-08-12T20:17:48.317Z,43.7788,-105.5826,0,3.1,ml,12,126,1.168,0.35,us,us7000kp97,2023-10-17T22:01:31.040Z,"7 km WNW of Wright, Wyoming",mining explosion,7.16,1.84,0.049,54,reviewed,us,us
2023-08-07T03:41:50.543Z,31.69736828,-104.1277627,6.388647461,3.1,ml,21,57,0.057579563,0.2,tx,tx2023pioz,2024-01-18T20:39:08.638Z,"50 km W of Mentone, Texas",earthquake,0.533101036,0.744788613,0.1,11,reviewed,tx,tx
2023-08-05T16:49:01.686Z,43.603,-105.1964,0,3.1,ml,44,53,0.986,0.65,us,us6000ky4q,2023-10-07T21:38:54.040Z,"28 km SE of Wright, Wyoming",mining explosion,6.22,1.913,0.05,52,reviewed,us,us
2023-07-31T21:29:07.933Z,32.83538818,-100.9445265,5.25777181,3.1,ml,23,65,0.040494245,0.2,tx,tx2023oxdt,2023-10-07T21:38:55.040Z,western Texas,earthquake,0.655039588,1.246719888,0,7,reviewed,tx,tx
2023-07-29T07:17:44.296Z,32.88116455,-100.9702506,3.692667643,3.1,ml,32,70,0.049589723,0.2,tx,tx2023oskn,2024-01-18T20:35:28.582Z,"18 km NNW of Snyder, Texas",earthquake,1.11952079,1.643881314,0.1,23,reviewed,tx,tx
2023-07-25T23:15:32.035Z,32.2903,-103.2817,2.006,3.1,mb_lg,16,192,0.298,0.24,us,us6000kvju,2023-09-30T21:36:31.040Z,"19 km SW of Eunice, New Mexico",earthquake,2.47,7.883,0.05,107,reviewed,us,us
2023-07-21T21:42:21.020Z,44.0379,-105.4359,0,3.1,ml,9,102,1.012,0.5,us,us7000khi6,2023-09-28T21:34:05.040Z,"21 km S of Antelope Valley-Crestview, Wyoming",mining explosion,4.13,1.758,0.047,60,reviewed,us,us
2023-07-18T19:36:32.978Z,43.6985,-105.2964,0,3.1,ml,24,58,1.004,0.81,us,us6000kvpr,2024-01-18T20:30:38.153Z,"16 km ESE of Wright, Wyoming",mining explosion,6.53,1.879,0.051,50,reviewed,us,us
2023-07-16T03:37:32.670Z,38.5382,-118.1611,8.7,3.1,ml,16,45.27,0.366,0.1759,nn,nn00862696,2023-09-28T21:33:23.040Z,"17 km NNW of Mina, Nevada",earthquake,,1.3,0.15,8,reviewed,nn,nn
2023-07-14T22:07:56.275Z,43.9597,-105.5586,0,3.1,ml,24,115,1.11,0.57,us,us7000khe6,2023-09-16T19:16:26.040Z,"23 km NNW of Wright, Wyoming",mining explosion,5.84,1.772,0.047,59,reviewed,us,us
2023-06-26T02:26:51.900Z,39.6464,-119.6463,9.3,3.1,ml,36,73.43,0.127,0.164,nn,nn00861737,2023-09-08T14:18:41.040Z,"5 km E of Spanish Springs, Nevada",earthquake,,1.2,0.28,9,reviewed,nn,nn
2023-06-24T19:01:28.722Z,43.7512,-105.3213,0,3.1,ml,14,122,1,0.62,us,us7000kavp,2023-08-26T20:54:28.040Z,"13 km E of Wright, Wyoming",mining explosion,4.95,1.778,0.05,62,reviewed,us,us
2023-06-08T14:05:50.577Z,32.75482178,-100.6529869,6.431599935,3.1,ml,14,63,0.075219569,0.1,tx,tx2023ldtk,2023-08-12T17:15:09.040Z,"16 km NE of Hermleigh, Texas",earthquake,0.724124307,1.121115067,0.2,8,reviewed,tx,tx
2023-06-05T22:38:48.400Z,32.5122,-104.4348,5,3.1,ml,40,77,0.531,0.36,us,us7000k6j1,2023-08-12T17:15:04.040Z,New Mexico,earthquake,2.9,1.954,0.085,18,reviewed,us,us
2023-06-02T00:28:07.553Z,39.6214,-119.9712,6.4,3.1,ml,28,68.9,0.016,0.1455,nn,nn00860645,2023-08-05T22:07:46.040Z,"6 km S of Cold Springs, Nevada",earthquake,,0.9,0.22,6,reviewed,nn,nn
2023-05-27T22:59:19.144Z,43.7508,-105.3842,0,3.1,ml,18,79,1.042,0.92,us,us7000k4j0,2023-07-29T22:00:24.040Z,"8 km E of Wright, Wyoming",mining explosion,3.73,1.59,0.046,62,reviewed,us,us
2023-05-26T14:51:25.399Z,31.60714072,-103.9870824,6.157275391,3.1,ml,17,81,0.057204037,0.2,tx,tx2023kgbj,2023-07-29T22:00:41.040Z,"37 km NNW of Toyah, Texas",earthquake,1.485262049,1.544476779,0.2,11,reviewed,tx,tx
2023-05-22T22:58:36.924Z,31.61293707,-103.971239,7.93112793,3.1,ml,17,65,0.003034717,0.1,tx,tx2023jzjk,2023-07-29T22:00:29.040Z,"36 km WSW of Mentone, Texas",earthquake,0.500443732,0.616648265,0.2,13,reviewed,tx,tx
2023-05-22T14:20:30.164Z,31.65408656,-104.3217915,6.851391602,3.1,ml,19,69,0.051580274,0.2,tx,tx2023jysi,2023-07-29T22:00:28.040Z,"58 km S of Whites City, New Mexico",earthquake,1.121746642,1.047288041,0.2,12,reviewed,tx,tx
2023-05-21T03:35:54.561Z,37.2718,-117.5855,5.481,3.1,ml,31,57,0.062,0.31,us,us6000kdjv,2023-07-29T22:00:24.040Z,"53 km S of Silver Peak, Nevada",earthquake,1.23,1.316,0.057,40,reviewed,us,us
2023-05-16T20:23:41.217Z,43.7985,-105.4181,0,3.1,ml,28,44,1.049,1.04,us,us6000kd80,2023-07-24T01:16:32.040Z,"7 km NE of Wright, Wyoming",mining explosion,5.03,1.799,0.045,64,reviewed,us,us
2023-05-15T18:00:34.743Z,43.824,-105.331,0,3.1,ml,56,39,0.981,0.94,us,us6000kc3s,2023-07-24T01:16:45.040Z,"15 km ENE of Wright, Wyoming",mining explosion,4.09,1.925,0.044,68,reviewed,us,us
2023-05-15T01:23:56.177Z,37.028,-104.9561,8.128,3.1,ml,26,63,0.167,0.6,us,us6000kbxx,2023-07-24T01:16:52.040Z,"15 km SW of Weston, Colorado",earthquake,3.16,8.611,0.053,68,reviewed,us,us
2023-05-10T22:01:22.944Z,35.6724,-111.6498,11.033,3.1,ml,43,50,0.273,0.7,us,us6000kazr,2023-07-22T19:16:41.040Z,"31 km SW of Cameron, Arizona",earthquake,1.26,8.186,0.037,98,reviewed,us,us
2023-05-06T18:00:13.857Z,43.7104,-105.3489,0,3.1,ml,77,32,1.034,0.59,us,us6000ka2j,2023-07-15T22:09:32.040Z,"12 km ESE of Wright, Wyoming",mining explosion,6.03,1.649,0.041,80,reviewed,us,us
2023-04-30T05:20:20.743Z,34.3598,-106.7926,5,3.1,ml,25,50,0.245,0.64,us,us7000jx48,2023-07-15T22:10:35.040Z,"5 km ENE of La Joya, New Mexico",earthquake,5.18,1.943,0.091,16,reviewed,us,us
2023-04-29T21:16:21.425Z,43.5793,-105.3201,0,3.1,ml,21,112,1.075,0.41,us,us7000jx1w,2023-07-11T01:44:28.040Z,"23 km SE of Wright, Wyoming",mining explosion,4.58,1.704,0.044,68,reviewed,us,us
2023-04-28T19:20:00.788Z,45.7511,-106.6455,0,3.1,ml,25,72,2.115,0.75,us,us7000jwsg,2024-01-18T19:52:51.341Z,"14 km N of Lame Deer, Montana",mining explosion,4.61,1.867,0.05,53,reviewed,us,us
2023-04-26T07:34:33.370Z,37.2868333,-121.6576667,6.26,3.1,ml,146,31,0.03041,0.11,nc,nc73877910,2023-07-30T14:02:12.056Z,"16km E of Seven Trees, CA",earthquake,0.08,0.18,0.152,109,reviewed,nc,nc
2023-04-20T20:10:47.021Z,40.6282,-109.4909,0,3.1,ml,44,48,0.083,0.67,us,us6000k5va,2023-07-03T02:46:56.040Z,Utah,mining explosion,3.31,1.4,0.038,93,reviewed,us,us
2023-04-16T05:36:49.908Z,31.68161853,-104.402772,6.131567383,3.1,ml,28,56,0.035644226,0.3,tx,tx2023hkgy,2023-07-03T02:47:45.040Z,"54 km S of Whites City, New Mexico",earthquake,0.964964372,0.939807832,0.2,22,reviewed,tx,tx
2023-04-15T22:35:39.870Z,31.70295214,-104.1381626,6.735705566,3.1,ml,26,44,0.0550257,0.2,tx,tx2023hjtb,2023-06-17T21:36:57.040Z,"51 km W of Mentone, Texas",earthquake,0.472271805,0.584072035,0.1,20,reviewed,tx,tx
2023-04-12T18:02:24.362Z,43.826,-105.2906,0,3.1,ml,35,51,0.953,0.92,us,us6000k3vn,2023-06-17T21:36:49.040Z,"18 km ENE of Wright, Wyoming",mining explosion,5.72,1.72,0.055,44,reviewed,us,us
2023-08-22T10:33:30.270Z,40.2936667,-124.5531667,15.43,3.11,ml,45,250,0.1612,0.17,nc,nc73927056,2023-10-28T19:15:34.040Z,"23 km W of Petrolia, CA",earthquake,0.59,0.29,0.194,28,reviewed,nc,nc
2023-07-16T19:33:20.780Z,31.5301667,-114.3841667,5.96,3.11,ml,8,133,0.5271,0.34,ci,ci39614330,2023-09-28T21:33:31.040Z,"94km SE of Estacion Coahuila, B.C., MX",earthquake,0.78,31.61,0.187,75,reviewed,ci,ci
2023-05-23T07:21:34.690Z,48.232,-122.5215,60.58,3.11,ml,63,24,0.09404,0.21,uw,uw61918522,2023-07-29T22:00:30.040Z,"6 km N of Camano, Washington",earthquake,0.4,0.53,0.222947536,54,reviewed,uw,uw
2024-03-07T01:48:35.340Z,47.49466667,-121.9081667,12.01,3.12,ml,98,30,0.02408,0.25,uw,uw61988126,2024-04-03T23:43:32.040Z,"7 km WSW of Snoqualmie, Washington",earthquake,0.23,0.44,0.141829731,138,reviewed,uw,uw
2023-12-09T21:44:53.360Z,33.1616667,-115.6563333,3.35,3.12,ml,65,33,0.0355,0.22,ci,ci40618288,2024-02-10T23:47:47.040Z,"14 km WNW of Calipatria, CA",earthquake,0.16,0.32,0.149,44,reviewed,ci,ci
2023-07-17T14:20:47.680Z,31.5923333,-115.669,6.07,3.12,ml,15,70,0.2231,0.16,ci,ci39614754,2023-09-28T21:33:38.040Z,"85km SW of Alberto Oviedo Mota, B.C., MX",earthquake,0.23,1.57,0.14,66,reviewed,ci,ci
2023-06-15T18:03:48.590Z,40.2885,-124.4766667,12.94,3.12,ml,34,244,0.1026,0.17,nc,nc73901451,2023-08-21T04:19:00.040Z,"17km WSW of Petrolia, CA",earthquake,0.72,0.37,0.299,36,reviewed,nc,nc
2023-05-03T03:14:17.840Z,36.8116667,-121.5408333,5.09,3.12,ml,83,34,0.03075,0.19,nc,nc73883241,2023-07-15T22:11:00.040Z,"4km S of San Juan Bautista, CA",earthquake,0.19,0.37,0.13,80,reviewed,nc,nc
2023-04-25T04:12:15.210Z,35.766,-121.2321667,7.63,3.12,ml,69,167,0.1052,0.09,nc,nc73877500,2023-07-11T01:44:44.040Z,"14km NNW of San Simeon, CA",earthquake,0.18,0.5,0.136,49,reviewed,nc,nc
2023-08-21T02:30:22.330Z,38.5448333,-119.5455,1.7,3.13,ml,20,83,,0.06,nc,nc73926586,2023-10-28T19:15:33.040Z,"7 km WNW of Walker, CA",earthquake,0.23,0.5,0.212,40,reviewed,nc,nc
2023-07-29T01:34:01.010Z,38.5158333,-119.5203333,4.78,3.13,ml,21,97,0.03182,0.06,nc,nc73917796,2023-09-30T21:36:33.040Z,"4 km W of Walker, CA",earthquake,0.35,0.32,0.174,57,reviewed,nc,nc
2023-05-01T20:36:51.480Z,33.0278333,-116.0081667,7.47,3.13,ml,89,20,0.1444,0.23,ci,ci40216951,2023-07-15T22:10:48.040Z,"17km SE of Ocotillo Wells, CA",earthquake,0.16,0.73,0.138,90,reviewed,ci,ci
2024-03-25T07:14:02.260Z,37.0771667,-121.183,6.43,3.14,ml,101,37,0.03067,0.17,nc,nc74023516,2024-03-28T20:46:36.398Z,"26 km SW of Gustine, CA",earthquake,0.15,0.36,0.145,72,reviewed,nc,nc
2024-02-01T19:16:30.430Z,36.683,-121.3318333,4.43,3.14,ml,20,123,0.02711,0.06,nc,nc71132699,2024-04-13T19:33:44.040Z,"12 km S of Tres Pinos, CA",earthquake,0.27,0.42,0.159,5,reviewed,nc,nc
2024-01-01T14:41:35.320Z,44.5895,-110.7511667,8.87,3.14,ml,27,72,0.07876,0.2,uu,uu80033801,2024-03-09T21:38:29.040Z,"29 km ESE of West Yellowstone, Montana",earthquake,0.35,0.78,0.328562091,8,reviewed,uu,uu
2023-11-17T00:47:40.490Z,48.2225,-122.3511667,18.05,3.14,ml,91,22,0.0175,0.27,uw,uw61972566,2024-01-26T16:37:29.040Z,"2 km SE of Stanwood, Washington",earthquake,0.26,0.45,0.21503534,82,reviewed,uw,uw
2023-07-17T00:38:58.760Z,31.5606667,-114.4211667,5.95,3.14,ml,7,127,0.546,0.08,ci,ci37558052,2023-09-28T21:33:39.040Z,"89km SE of Estacion Coahuila, B.C., MX",earthquake,0.22,31.61,0.199,5,reviewed,ci,ci
2024-02-05T00:45:37.300Z,39.0541667,-123.3468333,2.08,3.15,ml,51,39,0.06667,0.07,nc,nc73998616,2024-03-04T01:47:39.040Z,"5 km NNE of Boonville, CA",earthquake,0.1,0.89,0.147,7,reviewed,nc,nc
2023-07-17T00:38:39.620Z,31.5803333,-114.4105,5.95,3.15,ml,7,125,0.5584,0.27,ci,ci39614474,2023-09-28T21:33:33.040Z,"88km SE of Estacion Coahuila, B.C., MX",earthquake,0.81,31.61,0.214,7,reviewed,ci,ci
2024-02-22T17:35:11.280Z,37.5338333,-121.9068333,7.4,3.16,ml,128,23,0.0114,0.1,nc,nc74006136,2024-04-06T18:47:31.504Z,"7 km E of Fremont, CA",earthquake,0.09,0.16,0.183,125,reviewed,nc,nc
2024-01-13T03:37:28.469Z,35.66566667,-97.3915,6.5,3.16,ml,94,39,0,0.14,ok,ok2024awff,2024-03-16T18:59:24.040Z,"5 km W of Arcadia, Oklahoma",earthquake,,0.2,0.22,40,reviewed,ok,ok
2023-06-04T04:43:02.890Z,33.1406667,-116.5265,7.72,3.16,ml,114,15,0.0974,0.19,ci,ci40477624,2023-08-12T17:15:01.040Z,"10km NE of Julian, CA",earthquake,0.11,0.61,0.153,128,reviewed,ci,ci
2023-04-28T06:49:52.540Z,32.7048333,-115.5343333,11.06,3.16,ml,57,42,0.06939,0.26,ci,ci40212415,2023-07-11T01:44:48.040Z,"3km S of Heber, CA",earthquake,0.24,0.44,0.133,184,reviewed,ci,ci
2023-04-27T23:10:52.560Z,33.0293333,-116.0031667,9.96,3.16,ml,92,20,0.145,0.24,ci,ci40212119,2023-07-11T01:45:01.040Z,"17km SE of Ocotillo Wells, CA",earthquake,0.16,0.57,0.152,199,reviewed,ci,ci
2023-04-21T09:13:56.100Z,36.938,-121.4398333,3.88,3.16,ml,109,35,0.06798,0.14,nc,nc73876195,2023-07-03T02:46:51.040Z,"11km NNW of Hollister, CA",earthquake,0.12,0.46,0.114,85,reviewed,nc,nc
2024-03-18T23:57:52.720Z,36.6216667,-121.2293333,4.07,3.17,md,49,89,0.0695,0.1,nc,nc74019631,2024-03-25T03:52:01.040Z,"13 km NW of Pinnacles, CA",earthquake,0.16,0.88,0.156,56,reviewed,nc,nc
2023-11-22T15:49:00.460Z,40.6333333,-124.313,22.72,3.17,ml,31,211,0.06842,0.1,nc,nc73965951,2024-02-01T15:13:42.040Z,"8 km NNW of Ferndale, CA",earthquake,0.79,0.27,0.203,25,reviewed,nc,nc
2023-11-02T10:45:21.290Z,38.8136667,-112.064,11.56,3.17,ml,34,59,0.04233,0.2,uu,uu60553437,2024-01-10T06:01:39.040Z,"4 km NNE of Richfield, Utah",earthquake,0.33,0.56,0.127,30,reviewed,uu,uu
2023-09-26T18:40:03.090Z,40.694,-123.581,30.66,3.17,ml,74,22,0.2141,0.15,nc,nc73942216,2023-12-09T22:00:40.040Z,"28 km S of Willow Creek, CA",earthquake,0.21,0.55,0.166,25,reviewed,nc,nc
2023-12-27T12:08:20.950Z,35.9288333,-117.6818333,2.76,3.18,ml,49,39,0.1121,0.16,ci,ci40451647,2024-03-02T21:39:32.040Z,"20 km E of Little Lake, CA",earthquake,0.17,0.66,0.124,181,reviewed,ci,ci
2023-12-01T07:35:43.430Z,32.7515,-115.869,8.62,3.18,ml,91,28,0.113,0.24,ci,ci39720698,2024-02-06T21:53:56.040Z,"12 km E of Ocotillo, CA",earthquake,0.16,0.56,0.159,176,reviewed,ci,ci
2023-09-05T14:43:12.060Z,33.7431667,-120.0468333,11.17,3.18,ml,28,245,0.2365,0.2,ci,ci39658674,2023-11-17T19:47:47.040Z,"23 km SSE of Santa Rosa Is., CA",earthquake,0.5,0.69,0.161,48,reviewed,ci,ci
2023-07-14T02:45:58.010Z,38.7691667,-122.7266667,1.39,3.18,ml,100,26,0.007693,0.08,nc,nc73912546,2023-09-16T19:16:14.040Z,"3 km ESE of The Geysers, CA",earthquake,0.11,0.15,0.149,103,reviewed,nc,nc
2023-04-30T07:32:12.730Z,33.2095,-115.595,2,3.18,ml,56,89,0.03501,0.23,ci,ci40215687,2023-07-15T22:10:36.040Z,"8km WSW of Niland, CA",earthquake,0.22,0.33,0.185,194,reviewed,ci,ci
2024-01-20T17:44:21.330Z,33.3088333,-116.2406667,8.64,3.19,ml,101,17,0.07862,0.19,ci,ci40463303,2024-03-29T17:37:55.040Z,"14 km ENE of Borrego Springs, CA",earthquake,0.1,0.52,0.141,118,reviewed,ci,ci
2023-08-21T05:41:23.210Z,34.4238333,-119.1955,4.65,3.19,ml,73,30,0.04969,0.36,ci,ci39646146,2023-10-28T19:15:33.040Z,"5 km ESE of Ojai, CA",earthquake,0.33,0.94,0.154,106,reviewed,ci,ci
2023-08-18T16:53:19.190Z,32.4016667,-115.1275,8.26,3.19,ml,22,80,0.04887,0.26,ci,ci39643994,2023-10-27T21:39:04.040Z,"8 km NE of Delta, B.C., MX",earthquake,0.62,1.44,0.124,137,reviewed,ci,ci
2024-04-06T18:12:37.070Z,37.8588333,-122.2423333,8.88,3.2,mw,147,20,0.01625,0.1,nc,nc74030356,2024-04-16T22:28:55.165Z,"3 km ESE of Berkeley, CA",earthquake,0.08,0.13,,5,reviewed,nc,nc
2024-04-02T05:00:43.529Z,31.632,-104.51,7.4841,3.2,ml,18,75,0,0.2,tx,tx2024gmmf,2024-04-12T13:56:14.728Z,"61 km SSW of Whites City, New Mexico",earthquake,0.990298284,0.536161555,0.2,15,reviewed,tx,tx
2024-03-19T14:28:58.074Z,37.236,-114.9989,13.6,3.2,ml,13,109.12,0.176,0.1394,nn,nn00875010,2024-04-16T20:56:13.040Z,"20 km SE of Alamo, Nevada",earthquake,,6.6,0.35,11,reviewed,nn,nn
2024-03-09T06:27:25.425Z,39.4113,-119.6925,8.5,3.2,ml,31,40.53,0.057,0.1621,nn,nn00874424,2024-03-20T07:08:06.040Z,"11 km NNW of Virginia City, Nevada",earthquake,,0.8,0.3,8,reviewed,nn,nn
2024-03-06T00:22:11.052Z,39.4079,-119.6893,8.6,3.2,ml,28,40.1,0.06,0.1491,nn,nn00874233,2024-04-03T23:28:29.040Z,"11 km NNW of Virginia City, Nevada",earthquake,,0.7,0.29,9,reviewed,nn,nn
2024-03-03T09:20:53.533Z,31.614,-103.995,8.3685,3.2,ml,23,57,0,0.1,tx,tx2024ejzv,2024-04-10T14:26:30.040Z,"38 km NNW of Toyah, Texas",earthquake,0.508917785,0.409010854,0.2,18,reviewed,tx,tx
2024-02-19T20:55:01.131Z,28.972,-97.984,1.1475,3.2,ml,25,66,0,0.3,tx,tx2024dndb,2024-04-04T13:02:34.040Z,"3 km ESE of Falls City, Texas",earthquake,1.035734425,2.158832118,0.2,15,reviewed,tx,tx
2024-02-13T20:26:20.363Z,31.678,-104.41,5.7717,3.2,ml,22,56,0,0.2,tx,tx2024dcdd,2024-02-15T18:12:58.040Z,"55 km S of Whites City, New Mexico",earthquake,0.813625196,0.74223283,0.1,12,reviewed,tx,tx
2024-02-10T09:46:37.140Z,39.3933333,-120.1551667,5.73,3.2,ml,22,50,0.1191,0.12,nc,nc74000481,2024-03-02T00:50:52.040Z,"8 km NNE of Truckee, CA",earthquake,0.27,0.95,0.178,60,reviewed,nc,nc
2024-02-09T02:12:43.611Z,31.579,-104.545,6.6714,3.2,ml,15,86,0.1,0.1,tx,tx2024ctkz,2024-03-12T21:51:40.040Z,"65 km NNE of Van Horn, Texas",earthquake,2.145188684,2.510424029,0,6,reviewed,tx,tx
2024-02-08T02:03:01.571Z,28.979,-98.015,3.5948,3.2,ml,15,76,0,0.3,tx,tx2024crpe,2024-03-16T00:19:29.040Z,"0 km SSE of Falls City, Texas",earthquake,1.608501681,1.880855263,0.2,9,reviewed,tx,tx
2024-02-03T09:16:42.130Z,35.55516667,-96.74683333,4.63,3.2,ml,95,34,0,0.18,ok,ok2024cizz,2024-04-13T19:36:15.040Z,"8 km SE of Sparks, Oklahoma",earthquake,,0.3,0.26,39,reviewed,ok,ok
2024-02-02T22:36:18.806Z,41.7403,-108.6642,0,3.2,ml,61,66,0.889,0.81,us,us7000lwjk,2024-04-13T19:35:28.040Z,"12 km ENE of Point of Rocks, Wyoming",mining explosion,4.1,1.597,0.029,156,reviewed,us,us
2024-02-02T18:59:14.896Z,43.845,-105.3167,0,3.2,ml,42,55,0.965,0.71,us,us7000lwhn,2024-04-13T19:35:19.040Z,"17 km NE of Wright, Wyoming",mining explosion,6.15,1.766,0.038,90,reviewed,us,us
2024-01-25T19:38:11.660Z,31.692,-104.29,6.6971,3.2,ml,40,57,0,0.2,tx,tx2024btiy,2024-03-30T22:33:35.040Z,"54 km S of Whites City, New Mexico",earthquake,0.64925125,0.601094248,0.1,24,reviewed,tx,tx
2024-01-17T10:04:59.838Z,31.716,-104.288,7.2627,3.2,ml,47,57,0,0.2,tx,tx2024beaa,2024-03-29T17:37:52.040Z,"51 km S of Whites City, New Mexico",earthquake,0.694381004,0.70936885,0.1,27,reviewed,tx,tx
2024-01-13T20:05:24.413Z,43.5497,-105.2944,0,3.2,ml,19,78,1.075,0.7,us,us6000m3jk,2024-03-16T19:00:35.040Z,"27 km SE of Wright, Wyoming",mining explosion,5.76,1.484,0.043,70,reviewed,us,us
2024-01-13T02:22:25.348Z,42.5042,-65.9881,10,3.2,ml,16,224,2.447,0.58,us,us6000m4dx,2024-03-16T18:59:24.040Z,"148 km S of Yarmouth, Canada",earthquake,6.38,2.011,0.056,42,reviewed,us,us
2024-01-06T18:32:47.540Z,39.3358333,-123.1166667,7.69,3.2,ml,73,46,0.03867,0.08,nc,nc73985821,2024-03-09T21:39:47.040Z,"11 km NE of Redwood Valley, CA",earthquake,0.12,0.25,0.143,111,reviewed,nc,nc
2024-01-06T01:53:28.741Z,29.6117,-104.3424,10,3.2,ml,28,130,0.624,0.3,us,us6000m24z,2024-03-09T21:39:42.040Z,"6 km NNE of Presidio, Texas",earthquake,1.95,2.013,0.101,27,reviewed,us,us
2024-01-05T16:38:16.789Z,45.8414,-106.7577,0,3.2,ml,15,107,0.925,0.66,us,us6000m21p,2024-03-09T21:41:09.040Z,"11 km WSW of Colstrip, Montana",mining explosion,4.26,1.829,0.074,24,reviewed,us,us
2023-12-30T21:50:16.735Z,31.619,-103.988,7.5198,3.2,ml,38,37,0.1,0.1,tx,tx2023zowv,2024-03-02T21:39:34.040Z,"38 km WSW of Mentone, Texas",earthquake,0.536378915,0.927540564,0.1,50,reviewed,tx,tx
2023-12-30T09:24:48.843Z,45.9704,-75.2458,9.428,3.2,mb_lg,39,89,0.543,0.37,us,us6000m0l5,2024-03-02T21:39:33.040Z,"13 km WSW of Notre-Dame-du-Mont-Carmel, Canada",earthquake,3.69,10.557,0.056,83,reviewed,us,us
2023-12-23T20:04:46.540Z,43.6134,-105.0892,0,3.2,ml,17,82,0.915,0.94,us,us7000ll4k,2024-02-27T22:56:55.040Z,"35 km ESE of Wright, Wyoming",mining explosion,7.16,1.411,0.042,75,reviewed,us,us
2023-12-04T22:07:19.370Z,49.2406,-119.5738,8.058,3.2,ml,35,133,0.089,0.62,us,us7000lg8e,2024-02-10T23:47:31.040Z,"6 km NNW of Oliver, Canada",earthquake,3.43,4.117,0.048,56,reviewed,us,us
2023-12-04T18:32:04.782Z,31.687,-101.706,3.6927,3.2,ml,30,66,0.1,0.2,tx,tx2023xtdf,2024-02-10T23:47:31.040Z,"28 km SW of Garden City, Texas",earthquake,0.770591009,1.379228199,0.1,13,reviewed,tx,tx
2023-11-25T12:00:23.755Z,31.624,-104.366,6.5429,3.2,ml(texnet),22,63,0.1,0.2,tx,tx2023xceu,2024-02-01T15:13:44.040Z,"61 km S of Whites City, New Mexico",earthquake,0.949599047,1.165592396,0.2,15,reviewed,tx,tx
2023-11-21T18:34:40.241Z,31.613,-104.525,6.1573,3.2,ml(texnet),16,82,0.1,0.2,tx,tx2023wvjv,2024-02-01T15:13:42.040Z,"63 km SSW of Whites City, New Mexico",earthquake,1.882567448,1.37195578,0.2,10,reviewed,tx,tx
2023-11-10T21:03:00.996Z,43.8704,-105.2941,0,3.2,ml,19,86,0.942,0.48,us,us7000la80,2024-01-13T23:09:29.040Z,"20 km NE of Wright, Wyoming",mining explosion,4.04,1.758,0.04,81,reviewed,us,us
2023-11-08T10:30:06.871Z,31.613,-103.994,7.5841,3.2,ml(texnet),15,58,0,0.1,tx,tx2023vxai,2024-01-13T23:10:41.040Z,"38 km NNW of Toyah, Texas",earthquake,0.468244683,0.621912005,0.2,13,reviewed,tx,tx
2023-11-04T01:28:02.996Z,39.0985,-97.5843,10,3.2,mb_lg,14,88,0.759,0.54,us,us7000l8sp,2024-01-10T06:01:53.040Z,"7 km N of Bennington, Kansas",earthquake,3.15,1.989,0.17,9,reviewed,us,us
2023-10-31T02:18:25.292Z,38.3455,-118.913,10.5,3.2,mw,23,49.72,0.167,0.1443,nn,nn00868173,2024-01-10T06:01:21.040Z,"29 km ENE of Bridgeport, California",earthquake,,0.8,,,reviewed,nn,nn
2023-10-20T17:50:58.724Z,44.0455,-105.3857,0,3.2,ml,28,55,0.976,0.75,us,us6000lgzk,2023-12-26T21:24:48.040Z,"21 km SSE of Antelope Valley-Crestview, Wyoming",mining explosion,5.98,1.55,0.056,42,reviewed,us,us
2023-10-18T20:57:19.050Z,43.7789,-105.3012,0,3.2,ml,29,60,0.976,0.54,us,us6000lggc,2023-12-26T21:24:35.040Z,"15 km E of Wright, Wyoming",mining explosion,5.13,1.461,0.045,64,reviewed,us,us
2023-10-01T18:03:52.825Z,43.5422,-105.262,0,3.2,ml,25,128,1.059,0.53,us,us6000lc4g,2023-12-14T21:26:50.040Z,"29 km SE of Wright, Wyoming",mining explosion,9.46,1.772,0.048,60,reviewed,us,us
2023-09-28T09:26:54.354Z,31.751,-104.183,6.3244,3.2,ml(texnet),36,57,0,0.1,tx,tx2023taap,2023-12-09T22:00:40.040Z,"50 km SSE of Whites City, New Mexico",earthquake,0.422476381,0.614767379,0.3,27,reviewed,tx,tx
2023-09-27T20:07:05.171Z,43.7977,-105.3066,0,3.2,ml,13,103,0.973,0.29,us,us6000lb6y,2023-12-09T22:00:40.040Z,"15 km ENE of Wright, Wyoming",mining explosion,3.55,1.725,0.055,44,reviewed,us,us
2023-09-24T07:13:14.839Z,31.626,-104.516,5.0261,3.2,ml(texnet),29,148,0,0.3,tx,tx2023ssod,2023-12-09T22:00:44.040Z,"62 km SSW of Whites City, New Mexico",earthquake,1.9481208,1.407665056,0.2,19,reviewed,tx,tx
2023-09-15T22:24:16.979Z,38.1509,-118.1633,11.4,3.2,ml,12,42.98,0.148,0.1123,nn,nn00865877,2023-11-18T22:29:35.040Z,"27 km S of Mina, Nevada",earthquake,,1.7,0.16,7,reviewed,nn,nn
2023-09-13T17:58:00.652Z,43.8031,-105.2259,0,3.2,ml,37,69,0.916,0.8,us,us7000kvkj,2023-11-18T22:29:31.040Z,"22 km ENE of Wright, Wyoming",mining explosion,5.84,1.731,0.045,64,reviewed,us,us
2023-09-11T20:07:23.647Z,29.09454346,-97.86982996,2.518839518,3.2,ml,19,85,0.069507517,0.3,tx,tx2023rvuc,2023-11-18T22:29:33.040Z,"18 km SSE of Stockdale, Texas",earthquake,2.206267046,2.101764894,0.2,10,reviewed,tx,tx
2023-09-08T01:35:32.940Z,31.94000244,-102.0399438,7.996704102,3.2,ml,25,70,0.091154169,0.1,tx,tx2023rowx,2024-04-10T19:17:56.069Z,"7 km SSE of Midland, Texas",earthquake,0.594839329,1.336604543,0.1,7,reviewed,tx,tx
2023-09-06T19:54:12.182Z,44.6605,-114.4085,16.61,3.2,ml,50,55,0.542,0.54,us,us7000ktrd,2023-11-17T19:47:46.040Z,"22 km NW of Challis, Idaho",earthquake,1.37,7.298,0.038,93,reviewed,us,us
2023-08-28T22:19:14.040Z,43.7172,-105.2773,0,3.2,ml,16,118,0.984,0.66,us,us7000ksni,2023-11-04T21:35:22.040Z,"17 km ESE of Wright, Wyoming",mining explosion,5.12,0.999,0.053,52,reviewed,us,us
2023-08-25T20:22:44.505Z,43.7388,-105.3527,0,3.2,ml,32,100,1.025,0.46,us,us7000ksea,2023-10-28T19:15:38.040Z,"11 km E of Wright, Wyoming",mining explosion,5.64,1.385,0.044,67,reviewed,us,us
2023-08-23T18:08:55.527Z,45.2453,-106.9061,0,3.2,ml,18,182,2.016,0.77,us,us7000kqd8,2023-10-28T19:15:36.040Z,"31 km WSW of Birney, Montana",mining explosion,4.28,1.306,0.051,50,reviewed,us,us
2023-08-22T07:04:20.380Z,31.61319555,-103.997466,8.895178223,3.2,ml,45,56,0.018531986,0.1,tx,tx2023qkgj,2023-10-28T19:15:34.040Z,"38 km NNW of Toyah, Texas",earthquake,0.498491438,0.469177214,0.1,27,reviewed,tx,tx
2023-08-17T16:51:26.546Z,37.2069,-104.7715,4.887,3.2,ml,29,58,0.085,0.75,us,us7000kp2h,2023-10-27T21:39:03.040Z,"9 km N of Segundo, Colorado",earthquake,2.8,5.839,0.071,34,reviewed,us,us
2023-08-08T04:03:09.757Z,31.67702989,-104.4016538,6.131567383,3.2,ml,37,65,0.033257508,0.3,tx,tx2023pklf,2023-10-17T22:01:27.040Z,"55 km S of Whites City, New Mexico",earthquake,1.064519897,0.863895809,0.1,19,reviewed,tx,tx
2023-07-21T19:57:19.054Z,45.5009,-108.8538,5,3.2,ml,70,69,0.64,0.59,us,us7000khhb,2023-09-28T21:34:05.040Z,Eastern Montana,earthquake,1.25,1.94,0.047,60,reviewed,us,us
2023-07-19T05:47:46.265Z,28.97735596,-98.27929687,2.714477539,3.2,ml,22,78,0.150079606,0.3,tx,tx2023oaap,2023-09-28T21:33:47.040Z,"19 km E of Pleasanton, Texas",earthquake,1.425514538,1.999757229,0.1,17,reviewed,tx,tx
2023-07-17T21:25:27.635Z,31.65262315,-104.476244,5.92590332,3.2,ml,19,101,0.026332231,0.2,tx,tx2023nxon,2023-09-28T21:33:40.040Z,"58 km S of Whites City, New Mexico",earthquake,1.35176467,0.689532688,0,6,reviewed,tx,tx
2023-07-14T01:00:32.483Z,38.1108,-118.0327,4.7,3.2,ml,12,59.05,0.096,0.1926,nn,nn00862577,2023-09-16T19:16:14.040Z,"31 km SSE of Mina, Nevada",earthquake,,3.7,0.22,7,reviewed,nn,nn
2023-07-05T20:05:42.001Z,43.7044,-105.3877,0,3.2,ml,20,81,1.062,1.05,us,us6000kqaw,2023-09-09T21:54:49.040Z,"9 km ESE of Wright, Wyoming",mining explosion,3.74,1.918,0.056,42,reviewed,us,us
2023-06-14T03:46:25.421Z,31.56102374,-104.0914476,5.720239258,3.2,ml,13,76,0.028603054,0.1,tx,tx2023lnxz,2023-08-21T04:18:52.040Z,"39 km NW of Toyah, Texas",earthquake,0.827778645,0.809812805,0.1,15,reviewed,tx,tx
2023-06-04T13:55:24.154Z,38.4191,-96.8373,5,3.2,mb_lg,32,93,0.704,0.26,us,us7000k69b,2023-08-12T17:15:02.040Z,"13 km SE of Lincolnville, Kansas",earthquake,1.62,1.983,0.04,161,reviewed,us,us
2023-06-01T18:55:43.867Z,37.2644,-104.5233,5.338,3.2,mwr,35,64,0.154,0.91,us,us7000k5k7,2023-08-05T22:07:45.040Z,"6 km NW of El Moro, Colorado",earthquake,3.38,5.505,,10,reviewed,us,slm
2023-05-31T14:10:41.723Z,32.75115967,-100.6615615,7.263061523,3.2,ml,25,48,0.083158224,0.2,tx,tx2023kpdn,2023-08-05T22:07:42.040Z,"15 km NE of Hermleigh, Texas",earthquake,0.879384172,0.899591984,0.1,12,reviewed,tx,tx
2023-05-30T19:59:10.468Z,43.8198,-105.3543,0,3.2,ml,34,42,0.998,0.89,us,us7000k52t,2023-08-05T22:07:41.040Z,Wyoming,mining explosion,2.26,1.75,0.045,66,reviewed,us,us
2023-05-24T19:38:49.422Z,39.3587,-98.9467,6.675,3.2,mb_lg,29,46,0.821,0.56,us,us7000k3l2,2023-07-29T22:00:35.040Z,"12 km S of Alton, Kansas",earthquake,1.71,7.313,0.043,140,reviewed,us,us
2023-05-22T08:36:25.354Z,29.09637451,-97.6361443,7.60542806,3.2,ml,19,67,0.061586794,0.3,tx,tx2023jygz,2023-07-29T22:00:28.040Z,"18 km NW of Yorktown, Texas",earthquake,1.655012153,2.645952628,0.2,18,reviewed,tx,tx
2023-05-19T17:59:39.305Z,43.7769,-105.3847,0,3.2,ml,33,60,1.033,0.54,us,us6000kd8r,2023-07-24T01:15:47.040Z,"9 km ENE of Wright, Wyoming",mining explosion,6.2,1.754,0.042,76,reviewed,us,us
2023-05-11T20:00:40.384Z,43.7036,-105.3562,0,3.2,ml,18,77,1.042,0.69,us,us6000kb7i,2023-07-22T19:16:51.040Z,"12 km ESE of Wright, Wyoming",mining explosion,5.46,1.461,0.046,62,reviewed,us,us
2023-05-08T21:58:07.553Z,31.67765392,-104.4116189,7.288427734,3.2,ml,54,56,0.012458884,0.3,tx,tx2023izsj,2023-07-22T19:16:26.040Z,"55 km S of Whites City, New Mexico",earthquake,0.693893131,0.699032321,0.1,26,reviewed,tx,tx
2023-05-08T18:04:04.801Z,43.6736,-105.2481,0,3.2,ml,20,75,0.984,0.72,us,us6000kafp,2023-07-22T19:16:25.040Z,"21 km ESE of Wright, Wyoming",mining explosion,4.73,1.193,0.051,50,reviewed,us,us
2023-05-06T01:48:46.082Z,31.58772833,-104.5205162,5.745947266,3.2,ml,19,78,0.082742709,0.3,tx,tx2023iunm,2023-07-15T22:10:03.040Z,"66 km SSW of Whites City, New Mexico",earthquake,2.187133754,1.643592623,0.1,24,reviewed,tx,tx
2023-05-04T17:01:09.519Z,43.8358,-105.2279,0,3.2,ml,15,84,0.907,0.64,us,us6000k9hs,2023-07-15T22:09:31.040Z,"23 km ENE of Wright, Wyoming",mining explosion,4.95,1.829,0.043,70,reviewed,us,us
2023-04-29T23:08:10.221Z,37.2583,-114.9948,8.9,3.2,ml,27,90.32,0.155,0.179,nn,nn00858896,2023-07-11T01:44:55.040Z,Nevada,earthquake,,3,0.43,18,reviewed,nn,nn
2023-04-28T03:41:18.391Z,31.65176817,-104.2854443,8.008251953,3.2,ml,14,58,0.026485188,0.2,tx,tx2023igbe,2023-07-11T01:44:31.040Z,"58 km S of Whites City, New Mexico",earthquake,1.085855865,1.501077377,0.1,37,reviewed,tx,tx
2023-04-27T17:59:28.232Z,43.841,-105.342,0,3.2,ml,28,65,0.984,0.86,us,us7000jwck,2023-07-11T01:44:27.040Z,Wyoming,mining explosion,6.45,1.541,0.055,44,reviewed,us,us
2023-04-26T20:02:30.676Z,44.6587,-114.3799,15.346,3.2,ml,20,74,0.556,0.32,us,us7000jw45,2024-01-18T19:52:22.517Z,"20 km NW of Challis, Idaho",earthquake,2.49,7.17,0.074,44,reviewed,us,us
2023-04-26T07:27:15.059Z,31.68215487,-104.3909326,6.131567383,3.2,ml,38,68,0.029864693,0.3,tx,tx2023icrm,2023-07-11T01:44:30.040Z,"54 km S of Whites City, New Mexico",earthquake,0.896812221,0.669384277,0.1,21,reviewed,tx,tx
2023-04-25T07:40:51.784Z,31.6060821,-103.9588366,7.879711914,3.2,ml,13,56,0.009706727,0.1,tx,tx2023iawp,2023-07-11T01:44:36.040Z,"35 km WSW of Mentone, Texas",earthquake,0.673771808,0.703437775,0.1,15,reviewed,tx,tx
2023-04-18T17:43:04.358Z,45.8479,-106.6484,0,3.2,ml,26,112,0.891,0.57,us,us6000k5cd,2023-07-03T02:47:15.040Z,"4 km SSW of Colstrip, Montana",mining explosion,6.94,1.823,0.055,44,reviewed,us,us
2023-04-17T14:52:40.226Z,31.65101019,-104.2975477,6.697143555,3.2,ml,16,66,0.111266829,0.2,tx,tx2023hmuu,2023-07-03T02:47:29.040Z,"58 km S of Whites City, New Mexico",earthquake,1.015768718,1.797959905,0.1,22,reviewed,tx,tx
2023-04-12T20:53:23.437Z,45.1536,-106.8869,0,3.2,ml,33,64,1.604,0.73,us,us6000k3wv,2023-06-17T21:36:49.040Z,"34 km WSW of Birney, Montana",mining explosion,4.82,1.727,0.047,60,reviewed,us,us
2024-02-02T21:32:36.420Z,37.7131667,-122.5521667,9.44,3.21,ml,128,145,0.04676,0.08,nc,nc73997916,2024-04-13T19:35:26.040Z,"5 km WSW of San Francisco Zoo, CA",earthquake,0.15,0.22,0.16,121,reviewed,nc,nc
2023-05-02T00:19:35.430Z,35.9438333,-117.4958333,0.15,3.21,ml,33,57,0.1522,0.18,ci,ci40217047,2023-07-15T22:10:49.040Z,"21km NNW of Searles Valley, CA",earthquake,0.2,0.44,0.184,64,reviewed,ci,ci
2023-04-30T11:44:03.220Z,33.2026667,-115.5888333,2.68,3.21,ml,60,89,0.03372,0.21,ci,ci40215983,2023-07-15T22:10:37.040Z,"8km WSW of Niland, CA",earthquake,0.21,0.3,0.201,80,reviewed,ci,ci
2023-04-29T12:09:11.090Z,32.7111667,-115.5471667,10.58,3.21,ml,49,42,0.0572,0.26,ci,ci40214159,2023-07-11T01:44:53.040Z,"3km SW of Heber, CA",earthquake,0.24,0.5,0.173,13,reviewed,ci,ci
2024-02-10T09:49:44.460Z,32.1335,-115.1808333,11.05,3.22,ml,24,55,0.08779,0.37,ci,ci40665224,2024-03-13T01:34:33.040Z,"10 km S of Alberto Oviedo Mota, B.C., MX",earthquake,0.49,0.88,0.194,89,reviewed,ci,ci
2023-12-01T13:12:15.260Z,32.736,-115.8756667,7.09,3.22,ml,83,35,0.09659,0.24,ci,ci39720842,2024-02-06T21:53:56.040Z,"11 km E of Ocotillo, CA",earthquake,0.17,0.6,0.154,176,reviewed,ci,ci
2023-09-23T15:57:47.940Z,37.4186667,-121.3045,3.44,3.22,ml,127,126,0.03733,0.17,nc,nc73940786,2024-02-26T07:17:38.141Z,"16 km WSW of Patterson, CA",earthquake,0.17,0.44,0.212,117,reviewed,nc,nc
2023-09-22T10:46:38.850Z,35.54033333,-96.7555,7,3.22,ml,101,35,0,0.18,ok,ok2023sped,2023-12-02T23:01:09.040Z,"8 km NW of Prague, Oklahoma",earthquake,,0.4,0.21,39,reviewed,ok,ok
2023-09-18T06:20:52.980Z,38.8108333,-122.793,1.47,3.22,ml,113,31,0.00338,0.1,nc,nc73938186,2023-12-02T23:01:07.040Z,"5 km NW of The Geysers, CA",earthquake,0.09,0.14,0.199,107,reviewed,nc,nc
2023-09-18T04:17:37.720Z,39.2225,-120.0956667,3.53,3.22,ml,32,52,0.08394,0.12,nc,nc73938166,2023-12-02T23:01:07.040Z,"4 km N of Dollar Point, CA",earthquake,0.2,0.62,0.197,69,reviewed,nc,nc
2023-06-30T20:59:41.310Z,40.223,-121.1495,5.48,3.22,ml,44,28,0.02487,0.18,nc,nc73907241,2023-09-08T14:18:31.040Z,"2km NNE of Prattville, CA",earthquake,0.29,0.47,0.174,47,reviewed,nc,nc
2024-04-08T15:45:40.030Z,38.7708333,-122.7343333,2.59,3.23,ml,92,18,0.01253,0.07,nc,nc74031336,2024-04-15T15:39:36.040Z,"2 km ESE of The Geysers, CA",earthquake,0.1,0.2,0.144,93,reviewed,nc,nc
2024-03-31T23:12:32.100Z,33.2926667,-116.7723333,13.6,3.23,ml,123,11,0.05767,0.2,ci,ci40702696,2024-04-05T01:46:38.617Z,"6 km N of Lake Henshaw, CA",earthquake,0.11,0.3,0.15,224,reviewed,ci,ci
2023-11-13T17:54:51.050Z,37.2473333,-118.2753333,12.75,3.23,ml,38,103,0.01773,0.08,nc,nc73962521,2024-01-26T16:37:36.040Z,"9 km N of Big Pine, CA",earthquake,0.27,0.36,0.161,32,reviewed,nc,nc
2023-08-20T21:47:33.710Z,34.4146667,-119.1945,6.14,3.23,ml,87,29,0.05209,0.35,ci,ci39645434,2023-10-28T19:15:32.040Z,"6 km SE of Ojai, CA",earthquake,0.27,0.96,0.131,94,reviewed,ci,ci
2024-01-16T22:24:01.650Z,48.2365,-124.948,-0.21,3.24,ml,18,201,0.2026,0.63,uw,uw61980156,2024-03-29T17:37:52.040Z,"28 km WSW of Neah Bay, Washington",earthquake,1.45,2.51,0.119533653,11,reviewed,uw,uw
2023-12-21T21:29:27.620Z,31.9036667,-117.2583333,21.66,3.24,ml,23,238,0.4819,0.26,ci,ci40449327,2024-02-27T22:57:04.040Z,"48 km SW of Primo Tapia, B.C., MX",earthquake,0.89,1.24,0.161,60,reviewed,ci,ci
2023-11-28T10:19:55.000Z,33.2828333,-116.2171667,11.56,3.24,ml,126,21,0.133,0.16,ci,ci39718786,2024-02-06T21:53:54.040Z,"15 km ENE of Borrego Springs, CA",earthquake,0.09,0.26,0.136,194,reviewed,ci,ci
2023-11-19T13:26:24.060Z,40.6243333,-123.6251667,22.72,3.24,ml,71,20,0.104,0.15,nc,nc73964546,2024-02-01T15:13:41.040Z,"35 km S of Willow Creek, CA",earthquake,0.19,0.47,0.322,44,reviewed,nc,nc
2023-06-04T10:09:35.150Z,35.57966667,-82.87233333,0.1,3.24,md,28,43,0.102,0.3,se,se60500788,2023-08-12T17:15:02.040Z,"4 km NNW of West Canton, North Carolina",earthquake,0.52,1.93,0.054295515,21,reviewed,se,se
2023-05-16T11:37:26.630Z,40.2371667,-121.1678333,6.02,3.24,ml,42,33,0.02014,0.2,nc,nc73888746,2023-07-24T01:16:36.040Z,"2km NNE of Almanor, CA",earthquake,0.28,0.64,0.166,44,reviewed,nc,nc
2024-03-10T01:00:04.950Z,40.2978333,-124.4031667,32.99,3.25,ml,36,239,0.04727,0.19,nc,nc74014796,2024-03-28T23:48:36.040Z,"10 km WSW of Petrolia, CA",earthquake,0.89,0.55,0.175,22,reviewed,nc,nc
2023-12-08T23:58:18.940Z,34.0128333,-116.344,3.06,3.25,ml,81,43,0.06803,0.16,ci,ci40617784,2024-02-10T23:47:44.040Z,"14 km SSW of Joshua Tree, CA",earthquake,0.11,0.29,0.195,108,reviewed,ci,ci
2023-08-31T00:59:36.220Z,37.4328333,-121.3021667,-0.38,3.25,mw,115,90,0.04976,0.22,nc,nc73931156,2023-11-04T21:35:59.040Z,"16 km SW of Westley, CA",earthquake,0.22,0.28,,5,reviewed,nc,nc
2023-08-24T14:57:02.670Z,34.4176667,-119.189,2.26,3.25,ml,87,28,0.0467,0.33,ci,ci39649538,2023-11-03T20:31:35.837Z,"6 km SE of Ojai, CA",earthquake,0.24,0.53,0.152,17,reviewed,ci,ci
2023-08-20T21:55:42.300Z,34.429,-119.1715,2,3.25,ml,107,26,0.02919,0.35,ci,ci39645506,2023-10-28T19:15:32.040Z,"7 km ESE of Ojai, CA",earthquake,0.19,0.46,0.134,215,reviewed,ci,ci
2024-03-20T15:09:49.600Z,35.6458333,-118.3201667,7.91,3.26,ml,49,27,0.05554,0.16,ci,ci40691096,2024-04-17T04:45:33.040Z,"14 km ESE of Wofford Heights, CA",earthquake,0.13,0.41,0.154,182,reviewed,ci,ci
2024-02-12T08:39:19.200Z,32.7925,-115.5593333,11.09,3.26,ml,40,47,0.05064,0.25,ci,ci40666328,2024-03-14T14:02:00.040Z,"0 km NNW of El Centro, CA",earthquake,0.28,0.48,0.211,30,reviewed,ci,ci
2024-01-18T03:47:41.020Z,48.23516667,-122.6815,55.81,3.26,ml,78,28,0.0412,0.2,uw,uw61980351,2024-03-29T17:37:52.040Z,"1 km NNE of Coupeville, Washington",earthquake,0.33,0.46,0.173569461,72,reviewed,uw,uw
2023-11-25T16:20:04.970Z,41.3446667,-111.2981667,-3.37,3.26,ml,35,47,0.1968,0.17,uu,uu60555092,2024-02-01T15:13:45.040Z,"23 km SW of Woodruff, Utah",earthquake,0.25,0.91,0.15,21,reviewed,uu,uu
2023-10-21T02:59:33.580Z,36.18683333,-89.45166667,11.26,3.26,md,77,34,0.04368,0.16,nm,nm60556241,2023-12-26T21:24:50.040Z,"9 km SSE of Ridgely, Tennessee",earthquake,0.18,0.31,0.159978137,44,reviewed,nm,nm
2023-07-13T03:17:53.620Z,31.7321667,-116.222,6.89,3.26,ml,14,89,0.3581,0.26,ci,ci39611490,2023-09-16T19:16:12.040Z,"33km E of Maneadero, B.C., MX",earthquake,0.41,4,0.16,148,reviewed,ci,ci
2023-04-12T02:22:35.250Z,36.565,-121.1555,3.66,3.26,ml,67,65,0.02498,0.1,nc,nc73871065,2023-06-17T21:36:47.040Z,"4km NNW of Pinnacles, CA",earthquake,0.14,0.27,0.166,75,reviewed,nc,nc
2024-03-18T23:57:26.920Z,36.6241667,-121.235,5.46,3.27,ml,72,78,0.06546,0.12,nc,nc74019636,2024-04-16T02:19:01.040Z,"13 km NW of Pinnacles, CA",earthquake,0.17,0.58,0.152,72,reviewed,nc,nc
2024-02-01T17:32:54.300Z,36.6861667,-121.3251667,5.44,3.27,ml,74,86,0.02731,0.12,nc,nc73997351,2024-04-13T19:33:35.040Z,"12 km S of Tres Pinos, CA",earthquake,0.13,0.34,0.149,73,reviewed,nc,nc
2024-02-01T19:28:04.000Z,36.6881667,-121.324,5.31,3.28,ml,69,76,0.02642,0.08,nc,nc73997406,2024-02-02T11:41:02.075Z,"11 km S of Tres Pinos, CA",earthquake,0.14,0.36,0.165,62,reviewed,nc,nc
2023-09-12T08:32:21.450Z,37.1875,-121.573,5.81,3.28,ml,147,36,0.04897,0.11,nc,nc73935981,2024-02-27T08:42:29.867Z,"10 km NE of Morgan Hill, CA",earthquake,0.09,0.21,0.164,115,reviewed,nc,nc
2024-01-16T18:38:37.770Z,36.935,-121.6865,10.99,3.29,ml,113,57,0.02015,0.16,nc,nc73990216,2024-03-29T17:37:52.040Z,"5 km ESE of Interlaken, CA",earthquake,0.14,0.26,0.153,97,reviewed,nc,nc
2024-01-04T00:10:31.220Z,44.5855,-110.746,10.03,3.29,ml,24,56,0.07609,0.2,uu,uu80034111,2024-03-09T21:39:10.040Z,"29 km ESE of West Yellowstone, Montana",earthquake,0.37,0.86,0.30598992,7,reviewed,uu,uu
2023-10-28T05:49:49.120Z,38.5536667,-119.5061667,4.9,3.29,ml,21,113,0.03396,0.06,nc,nc73952610,2024-01-04T04:22:34.040Z,"5 km NNW of Walker, CA",earthquake,0.24,0.34,0.232,40,reviewed,nc,nc
2023-10-15T19:52:14.890Z,34.5685,-119.1346667,1.62,3.29,ml,94,21,0.1286,0.33,ci,ci40582824,2024-01-05T19:13:11.550Z,"17 km NE of Ojai, CA",earthquake,0.19,0.57,0.124,199,reviewed,ci,ci
2023-06-13T22:45:43.790Z,36.5368333,-121.1455,2.6,3.29,ml,65,107,0.005624,0.12,nc,nc73900831,2023-08-21T04:18:51.040Z,"1km NNW of Pinnacles, CA",earthquake,0.15,0.24,0.21,78,reviewed,nc,nc
2024-04-07T04:39:00.621Z,47.0315,-76.2258,10,3.3,mb_lg,16,113,1.412,0.43,us,us7000majq,2024-04-08T03:18:08.140Z,"61 km NNW of Saint-Boniface, Canada",earthquake,4.58,1.987,0.054,92,reviewed,us,us
2024-03-19T23:40:13.710Z,44.3495,-115.1956,18.88,3.3,ml,25,72,0.349,0.65,us,us6000mjvh,2024-04-17T04:39:38.513Z,"25 km NW of Stanley, Idaho",earthquake,1.18,6.277,0.045,66,reviewed,us,us
2024-03-16T02:25:15.640Z,31.117,-116.6686667,5.74,3.3,ml,5,287,0.4303,0.13,ci,ci40687864,2024-03-18T20:31:39.187Z,"67 km S of Maneadero, B.C., MX",earthquake,1.04,2.3,0.156,66,reviewed,ci,ci
2024-03-10T04:50:34.659Z,44.3609,-116.1464,10,3.3,ml,31,61,0.336,0.63,us,us7000m4hr,2024-03-29T00:01:22.385Z,"8 km NW of Smiths Ferry, Idaho",earthquake,2.26,2.001,0.032,126,reviewed,us,us
2024-03-04T22:31:07.388Z,31.682,-104.401,6.2024,3.3,ml,27,68,0,0.2,tx,tx2024emvg,2024-03-19T03:13:55.130Z,"54 km S of Whites City, New Mexico",earthquake,1.001046321,0.910493462,0.2,20,reviewed,tx,tx
2024-03-03T09:36:26.403Z,31.618,-103.986,6.933,3.3,ml,24,54,0,0.1,tx,tx2024ekak,2024-03-28T13:40:12.849Z,"37 km WSW of Mentone, Texas",earthquake,0.422726335,0.365904305,0.2,19,reviewed,tx,tx
2024-03-01T05:15:22.306Z,31.668,-104.188,6.0999,3.3,ml,23,69,0.1,0.1,tx,tx2024egaq,2024-04-09T04:26:30.040Z,"54 km NW of Toyah, Texas",earthquake,0.503059446,1.134842314,0.4,18,reviewed,tx,tx
2024-02-22T11:14:30.907Z,31.656,-104.311,7.2791,3.3,ml,23,58,0,0.1,tx,tx2024drwk,2024-03-19T12:19:32.487Z,"57 km S of Whites City, New Mexico",earthquake,0.759755221,0.939455913,0.1,15,reviewed,tx,tx
2024-02-19T07:37:39.866Z,31.658,-104.448,6.0999,3.3,ml,31,75,0,0.2,tx,tx2024dmcq,2024-04-05T13:46:48.040Z,"57 km S of Whites City, New Mexico",earthquake,0.803982302,0.497378815,0.1,19,reviewed,tx,tx
2024-02-18T14:50:14.852Z,37.0311,-104.9732,3.767,3.3,ml,14,85,0.177,0.3,us,us7000m00v,2024-03-09T19:56:32.449Z,"14 km SSE of Stonewall Gap, Colorado",earthquake,2.61,6.88,0.06,40,reviewed,us,us
2024-02-17T06:52:16.686Z,28.972,-97.965,8.3252,3.3,ml,14,70,0.1,0.3,tx,tx2024dikg,2024-03-02T10:45:07.918Z,"5 km ESE of Falls City, Texas",earthquake,1.616985112,3.112077818,0.1,9,reviewed,tx,tx
2024-02-12T14:04:01.040Z,32.783,-115.5548333,11.38,3.3,ml,59,37,0.04612,0.32,ci,ci40667680,2024-02-13T21:27:56.040Z,"1 km SSE of El Centro, CA",earthquake,0.29,0.46,0.166,109,reviewed,ci,ci
2024-02-05T21:11:35.712Z,44.4506,-114.4831,10,3.3,ml,42,40,0.326,0.73,us,us7000lx6m,2024-03-04T05:49:10.892Z,"20 km WSW of Challis, Idaho",earthquake,1.51,1.986,0.034,116,reviewed,us,us
2024-01-31T21:35:36.942Z,43.5952,-105.228,0,3.3,ml,10,78,1.01,0.54,us,us7000lvhm,2024-04-13T19:30:38.040Z,"27 km SE of Wright, Wyoming",mining explosion,3.92,1.725,0.055,50,reviewed,us,us
2024-01-26T21:04:01.394Z,43.8645,-105.4349,0,3.3,ml,17,86,1.042,0.46,us,us7000lu7u,2024-03-30T22:32:12.040Z,"13 km NNE of Wright, Wyoming",mining explosion,3.35,1.72,0.045,64,reviewed,us,us
2024-01-24T21:01:05.978Z,31.349,-103.072,3.7415,3.3,ml,26,52,0,0.2,tx,tx2024brqf,2024-03-30T22:33:20.040Z,"11 km N of Coyanosa, Texas",earthquake,0.665445388,0.711446459,0.1,6,reviewed,tx,tx
2024-01-21T16:39:17.570Z,32.405,-102.04,8.7793,3.3,ml,11,80,0.1,0.1,tx,tx2024blvb,2024-03-29T17:37:55.040Z,"33 km WSW of Ackerly, Texas",earthquake,0.729796534,1.699125869,0.2,27,reviewed,tx,tx
2024-01-20T13:09:32.245Z,39.765,-117.9004,11,3.3,ml,8,110.98,0.145,0.1373,nn,nn00871979,2024-03-29T17:37:54.040Z,"67 km SE of Lovelock, Nevada",earthquake,,1.7,0.29,6,reviewed,nn,nn
2024-01-19T07:09:45.288Z,44.6843,-114.4119,10,3.3,ml,43,28,0.522,0.66,us,us6000m4m7,2024-03-29T17:37:53.040Z,"24 km NW of Challis, Idaho",earthquake,2.03,1.991,0.037,98,reviewed,us,us
2024-01-12T17:21:37.836Z,45.7255,-112.1413,5,3.3,ml,73,28,0.216,0.68,us,us6000m3cp,2024-03-16T18:59:28.040Z,"16 km SSW of Whitehall, Montana",earthquake,1.08,1.91,0.042,76,reviewed,us,us
2024-01-11T17:18:32.228Z,31.3551,-115.4038,10,3.3,ml,30,84,0.323,1.18,us,us6000m35m,2024-03-16T18:59:34.040Z,"65 km NW of San Felipe, Mexico",earthquake,1.63,1.989,0.052,48,reviewed,us,us
2024-01-05T21:24:09.198Z,31.677,-104.189,6.8,3.3,ml,26,66,0.1,0.2,tx,tx2024aiyj,2024-03-09T21:39:39.040Z,"55 km NW of Toyah, Texas",earthquake,0.700417172,0.854887554,0.2,15,reviewed,tx,tx
2024-01-04T22:38:43.418Z,28.891,-98.075,5.698,3.3,ml,19,77,0.1,0.3,tx,tx2024ahfi,2024-03-09T21:39:25.040Z,"11 km SSW of Falls City, Texas",earthquake,1.546366532,2.485914652,0.1,12,reviewed,tx,tx
2024-01-04T21:02:58.513Z,43.7601,-105.3084,0,3.3,ml,19,80,0.988,0.99,us,us6000m1uw,2024-03-09T21:41:09.040Z,"14 km E of Wright, Wyoming",mining explosion,5.64,1.733,0.043,72,reviewed,us,us
2024-01-03T10:45:47.690Z,31.3512,-114.3575,10,3.3,ml,36,69,0.526,0.69,us,us6000m1ed,2024-03-09T21:39:00.040Z,"39 km SSE of Golfo de Santa Clara, Mexico",earthquake,3.99,1.982,0.055,44,reviewed,us,us
2023-12-30T18:42:09.342Z,31.614,-103.969,7.1599,3.3,ml,22,50,0,0.1,tx,tx2023zoqq,2024-03-02T21:39:34.040Z,"36 km WSW of Mentone, Texas",earthquake,0.535851059,0.535156888,0.1,16,reviewed,tx,tx
2023-12-26T21:01:05.659Z,43.8016,-105.3454,0,3.3,ml,45,61,0.998,0.59,us,us6000lzxb,2024-03-02T21:39:31.040Z,"13 km ENE of Wright, Wyoming",mining explosion,4.85,1.917,0.044,68,reviewed,us,us
2023-12-20T18:26:04.688Z,45.2064,-106.7637,0,3.3,ml,44,107,1.773,1.07,us,us7000lkfa,2024-02-27T22:56:55.040Z,"23 km WSW of Birney, Montana",mining explosion,6.19,1.839,0.046,63,reviewed,us,us
2023-12-16T18:58:48.309Z,43.8179,-105.2678,0,3.3,ml,31,60,0.94,0.43,us,us7000ljjx,2024-02-17T22:43:04.040Z,"19 km ENE of Wright, Wyoming",mining explosion,3.13,1.753,0.039,85,reviewed,us,us
2023-12-15T20:09:27.044Z,43.5618,-105.229,0,3.3,ml,33,80,1.029,0.56,us,us7000ljdi,2024-02-17T22:43:04.040Z,"29 km SE of Wright, Wyoming",mining explosion,1.9,1.8,0.038,89,reviewed,us,us
2023-12-12T23:05:36.052Z,31.729,-104.541,5.4117,3.3,ml,35,84,0,0.2,tx,tx2023yicg,2024-02-17T22:43:07.040Z,"51 km SSW of Whites City, New Mexico",earthquake,1.71971626,0.717197635,0.1,21,reviewed,tx,tx
2023-12-04T20:52:39.832Z,31.678,-104.377,6.9542,3.3,ml,30,56,0,0.3,tx,tx2023xthw,2024-02-10T23:47:31.040Z,western Texas,earthquake,1.124920386,1.098999112,0.1,17,reviewed,tx,tx
2023-12-02T03:29:11.667Z,32.749,-100.657,9.1216,3.3,ml,18,57,0.1,0.2,tx,tx2023xoil,2024-02-06T21:53:57.040Z,"15 km NE of Hermleigh, Texas",earthquake,1.232988131,1.758159932,0,6,reviewed,tx,tx
2023-12-01T15:51:26.400Z,32.7363333,-115.8793333,7.32,3.3,ml,86,29,0.09568,0.24,ci,ci39720890,2024-02-06T21:53:56.040Z,"11 km E of Ocotillo, CA",earthquake,0.17,0.6,0.166,48,reviewed,ci,ci
2023-11-11T20:01:26.289Z,43.7683,-104.9644,0,3.3,ml,30,62,0.758,1.1,us,us7000ladt,2024-01-13T23:09:30.040Z,"42 km E of Wright, Wyoming",mining explosion,4.47,1.096,0.044,69,reviewed,us,us
2023-11-02T19:39:10.865Z,32.403,-101.588,4.4752,3.3,ml(texnet),25,51,0,0.2,tx,tx2023vmtn,2024-01-10T06:01:42.040Z,"18 km SE of Ackerly, Texas",earthquake,0.801943867,0.815012159,0.3,19,reviewed,tx,tx
2023-11-02T16:51:29.010Z,32.222,-102.004,8.388,3.3,ml(texnet),30,52,0.1,0.1,tx,tx2023vmnw,2024-01-10T06:01:41.040Z,"22 km WNW of Stanton, Texas",earthquake,0.385763503,0.643972422,0.2,27,reviewed,tx,tx
2023-10-31T20:07:09.123Z,43.7117,-105.3264,0,3.3,ml,41,41,1.018,0.68,us,us7000l7wv,2024-01-10T06:01:27.040Z,"14 km ESE of Wright, Wyoming",mining explosion,6.29,1.737,0.039,88,reviewed,us,us
2023-10-29T05:51:53.370Z,31.665,-104.372,7.1085,3.3,ml(texnet),66,49,0.1,0.2,tx,tx2023veka,2024-01-10T06:01:08.040Z,"56 km S of Whites City, New Mexico",earthquake,0.835718614,0.980032144,0.1,36,reviewed,tx,tx
2023-10-27T06:10:55.061Z,31.61,-103.973,8.3296,3.3,ml(texnet),15,56,0,0.1,tx,tx2023vatq,2024-01-04T04:22:24.040Z,"36 km NNW of Toyah, Texas",earthquake,0.432063203,0.594301868,0.2,13,reviewed,tx,tx
2023-10-24T19:58:19.157Z,43.8346,-105.3803,0,3.3,ml,39,42,1.012,0.45,us,us7000l62b,2024-01-04T04:22:07.040Z,"12 km NE of Wright, Wyoming",mining explosion,2.03,1.739,0.04,84,reviewed,us,us
2023-10-13T20:48:31.481Z,43.7274,-105.1376,0,3.3,ml,53,76,0.888,1.15,us,us6000lffc,2023-12-16T22:13:08.040Z,"28 km E of Wright, Wyoming",mining explosion,7.07,0.99,0.044,68,reviewed,us,us
2023-10-11T19:59:30.629Z,43.7518,-105.3746,0,3.3,ml,33,121,1.035,1.04,us,us6000lewq,2023-12-16T22:13:07.040Z,"9 km E of Wright, Wyoming",mining explosion,7.18,1.92,0.04,84,reviewed,us,us
2023-10-03T13:15:41.260Z,32.6672,-109.1103,5,3.3,ml,19,117,0.114,0.35,us,us6000lchs,2023-12-14T21:26:51.040Z,"3 km WSW of Franklin, Arizona",earthquake,3.53,1.978,0.051,50,reviewed,us,us
2023-09-25T03:18:10.059Z,32.403,-102.021,9.7085,3.3,ml(texnet),17,53,0.1,0.1,tx,tx2023subv,2023-12-09T22:00:45.040Z,"31 km WSW of Ackerly, Texas",earthquake,0.851877121,2.100788212,0.1,7,reviewed,tx,tx
2023-09-20T19:34:41.036Z,43.6998,-105.3953,0,3.3,ml,29,99,1.069,1.09,us,us7000kwz6,2023-12-02T23:01:04.040Z,"9 km SE of Wright, Wyoming",mining explosion,6.98,1.895,0.047,60,reviewed,us,us
2023-09-20T02:39:38.572Z,38.1753,-117.7825,8.1,3.3,ml,14,50.98,0.115,0.1213,nn,nn00866091,2023-12-02T23:01:08.040Z,"37 km SE of Mina, Nevada",earthquake,,1.1,0.2,8,reviewed,nn,nn
2023-09-03T15:49:56.409Z,43.9179,-106.93,5,3.3,ml,27,82,1.301,0.89,us,us7000kt1b,2023-11-17T19:47:48.040Z,"32 km NW of Kaycee, Wyoming",earthquake,1.89,1.951,0.047,60,reviewed,us,us
2023-08-30T12:28:23.609Z,29.07073975,-97.84501379,9.806355794,3.3,ml,16,85,0.099066626,0.3,tx,tx2023qzgx,2023-11-04T21:35:50.040Z,"19 km ENE of Falls City, Texas",earthquake,2.019351207,1.695690435,0.2,7,reviewed,tx,tx
2023-08-26T07:35:29.810Z,37.0141,-104.9664,6.975,3.3,mwr,12,64,0.182,0.48,us,us7000kr51,2023-10-28T19:15:38.040Z,Colorado,earthquake,1.19,3.78,,9,reviewed,us,slm
2023-08-23T20:21:49.567Z,31.68918845,-104.2919274,8.342456055,3.3,ml,48,64,0.029003037,0.2,tx,tx2023qnca,2023-10-28T19:15:36.040Z,"54 km S of Whites City, New Mexico",earthquake,0.61608636,0.904339279,0.1,52,reviewed,tx,tx
2023-08-20T13:59:11.779Z,44.2914,-115.2244,10,3.3,ml,25,105,0.853,0.78,us,us7000kpmg,2023-10-28T19:15:32.040Z,"24 km WNW of Stanley, Idaho",earthquake,2.06,1.992,0.031,138,reviewed,us,us
2023-08-19T02:49:04.058Z,31.68402423,-104.3861039,6.028735352,3.3,ml,53,65,0.034127209,0.2,tx,tx2023qelh,2023-10-27T21:39:04.040Z,"54 km S of Whites City, New Mexico",earthquake,0.718205005,0.656596671,0.1,30,reviewed,tx,tx
2023-08-13T02:00:14.354Z,31.67972375,-104.4113687,6.337231445,3.3,ml,31,56,0.029420288,0.1,tx,tx2023ptkr,2023-10-27T21:39:00.040Z,"55 km S of Whites City, New Mexico",earthquake,0.764268337,0.704198536,0.1,41,reviewed,tx,tx
2023-08-07T15:29:08.426Z,31.6770474,-104.3989623,7.10847168,3.3,ml,57,65,0.035084401,0.3,tx,tx2023pjmi,2023-10-17T22:01:27.040Z,"55 km S of Whites City, New Mexico",earthquake,0.781801583,0.867795952,0.1,28,reviewed,tx,tx
2023-07-31T18:04:46.728Z,43.7724,-105.271,0,3.3,ml,22,70,0.958,0.62,us,us6000kwwj,2023-10-07T21:38:54.040Z,"17 km E of Wright, Wyoming",mining explosion,3.31,1.629,0.055,44,reviewed,us,us
2023-07-31T09:32:55.128Z,31.67564065,-104.4032563,6.542895508,3.3,ml,15,56,0.031321509,0.2,tx,tx2023owgb,2023-10-07T21:38:55.040Z,"55 km S of Whites City, New Mexico",earthquake,1.254562871,1.308402012,0.2,10,reviewed,tx,tx
2023-07-29T23:16:34.712Z,32.37762451,-101.6497952,8.73034668,3.3,ml,49,35,0.052626963,0.3,tx,tx2023otqf,2023-09-30T21:36:34.040Z,"17 km SSE of Ackerly, Texas",earthquake,0.702929841,0.902735164,0.1,70,reviewed,tx,tx
2023-07-27T15:28:12.768Z,45.8836,-106.6963,0,3.3,ml,73,60,0.869,0.82,us,us6000kvxr,2023-09-30T21:36:32.040Z,"5 km W of Colstrip, Montana",mining explosion,5.48,1.897,0.048,56,reviewed,us,us
2023-07-26T19:45:27.970Z,37.2482,-114.6426,0,3.3,ml,9,109.55,0.362,0.1844,nn,nn00863328,2023-09-30T21:36:31.040Z,Nevada,earthquake,,0,0.42,6,reviewed,nn,nn
2023-07-19T12:19:13.651Z,39.5318,-116.6247,0.3,3.3,ml,18,68.45,0.821,0.1616,nn,nn00862990,2023-09-28T21:33:49.040Z,"38 km E of Austin, Nevada",earthquake,,4.9,0.39,10,reviewed,nn,nn
2023-07-16T15:42:30.993Z,43.6775,-105.3217,0,3.3,ml,10,118,1.03,0.53,us,us7000kg63,2023-09-28T21:33:30.040Z,"15 km ESE of Wright, Wyoming",mining explosion,4.27,0.919,0.056,42,reviewed,us,us
2023-07-11T21:44:27.109Z,44.6089,-112.5724,10.179,3.3,mwr,38,89,0.052,0.39,us,us7000kez8,2023-09-16T19:16:10.040Z,"3 km SSE of Lima, Montana",earthquake,1.25,4.518,,21,reviewed,us,slm
2023-07-09T18:04:15.292Z,43.7332,-105.3441,0,3.3,ml,16,121,1.022,0.7,us,us6000kr60,2023-09-16T19:16:26.040Z,"12 km E of Wright, Wyoming",mining explosion,3.42,1.77,0.049,64,reviewed,us,us
2023-07-07T17:41:15.414Z,31.65602843,-104.3040461,7.93112793,3.3,ml,60,58,0.036840399,0.3,tx,tx2023nfac,2023-09-09T21:54:56.040Z,"58 km S of Whites City, New Mexico",earthquake,0.673196129,0.703822672,0.1,31,reviewed,tx,tx
2023-06-27T23:46:57.411Z,32.8427124,-100.9466702,4.13285319,3.3,ml,25,66,0.037028615,0.2,tx,tx2023mnfc,2023-11-15T18:11:00.746Z,"14 km N of Snyder, Texas",earthquake,0.66239339,1.090046149,0.1,7,reviewed,tx,tx
2023-06-05T04:16:14.474Z,28.4777,-88.0417,5,3.3,ml,66,117,2.817,0.69,us,us7000k6cb,2023-08-12T17:15:03.040Z,"155 km SE of Venice, Louisiana",earthquake,5.61,1.969,0.077,22,reviewed,us,us
2023-06-03T07:06:54.673Z,41.382,-106.7754,11.6,3.3,ml,22,83,0.795,0.6,us,us7000k619,2023-08-05T22:07:52.040Z,"8 km SSE of Saratoga, Wyoming",earthquake,1.88,8.448,0.04,84,reviewed,us,us
2023-06-02T16:09:16.761Z,41.6285,-108.6655,0,3.3,ml,17,86,1.258,0.5,us,us7000k5uc,2024-01-18T20:11:46.414Z,"11 km ESE of Point of Rocks, Wyoming",mining explosion,2.68,1.728,0.043,72,reviewed,us,us
2023-05-30T19:10:47.059Z,43.6021,-105.2433,0,3.3,ml,34,78,1.016,0.84,us,us7000k52f,2024-01-18T20:02:08.547Z,"26 km SE of Wright, Wyoming",mining explosion,6.49,1.732,0.044,68,reviewed,us,us
2023-05-19T04:22:04.585Z,38.1634,-117.8174,9.8,3.3,ml,10,43.48,0.122,0.13,nn,nn00859696,2023-07-24T01:16:05.040Z,"35 km SE of Mina, Nevada",earthquake,,1.4,0.06,7,reviewed,nn,nn
2023-05-09T18:19:02.786Z,44.0323,-105.3806,0,3.3,ml,28,63,0.973,0.51,us,us6000kap5,2023-07-22T19:16:32.040Z,"22 km SSE of Antelope Valley-Crestview, Wyoming",mining explosion,2.44,1.774,0.041,78,reviewed,us,us
2023-05-08T18:04:48.046Z,43.7778,-105.3788,0,3.3,ml,25,67,1.029,0.63,us,us6000kafw,2023-07-22T19:16:25.040Z,"9 km ENE of Wright, Wyoming",mining explosion,5.19,1.682,0.052,48,reviewed,us,us
2023-05-05T15:09:30.634Z,36.9099,-104.8298,3.013,3.3,ml,16,83,0.111,0.39,us,us6000k9tj,2023-07-15T22:09:57.040Z,"24 km S of Weston, Colorado",earthquake,2.62,3.283,0.055,72,reviewed,us,us
2023-05-02T20:15:39.621Z,39.1914,-116.1556,0,3.3,ml,7,61.7,0.874,0.1946,nn,nn00858976,2023-07-15T22:10:56.040Z,"39 km SSW of Eureka, Nevada",earthquake,,0,0.24,3,reviewed,nn,nn
2023-05-02T15:19:37.119Z,36.8164,-104.8033,4.152,3.3,ml,14,95,0.05,0.27,us,us7000jxi2,2023-07-31T21:54:10.247Z,"33 km WSW of Raton, New Mexico",earthquake,2.36,3.708,0.055,74,reviewed,us,us
2023-04-20T18:04:34.209Z,43.7853,-105.2754,0,3.3,ml,43,41,0.956,0.94,us,us6000k5u1,2024-01-18T19:49:56.110Z,"17 km ENE of Wright, Wyoming",mining explosion,4.99,1.892,0.045,65,reviewed,us,us
2023-04-19T21:24:36.973Z,43.6363,-105.2826,0,3.3,ml,16,75,1.024,0.49,us,us6000k5lu,2023-07-03T02:47:05.040Z,"21 km SE of Wright, Wyoming",mining explosion,5.94,1.699,0.047,65,reviewed,us,us
2023-04-16T15:23:27.389Z,38.1429,-117.9704,7.4,3.3,ml,17,63.82,0.057,0.2159,nn,nn00858273,2023-07-03T02:47:41.040Z,"30 km SSE of Mina, Nevada",earthquake,,0.9,0.42,10,reviewed,nn,nn
2023-04-14T20:23:25.086Z,43.6584,-105.3718,0,3.3,ml,41,57,1.071,0.69,us,us6000k4jw,2023-06-17T21:36:55.040Z,"14 km SE of Wright, Wyoming",mining explosion,6.51,1.725,0.04,81,reviewed,us,us
2023-12-09T20:04:46.430Z,33.1655,-115.657,3.25,3.31,ml,67,28,0.03381,0.25,ci,ci40618200,2024-02-10T23:47:47.040Z,"14 km WNW of Calipatria, CA",earthquake,0.19,0.35,0.212,34,reviewed,ci,ci
2023-08-20T07:21:16.490Z,34.3425,-116.8698333,1.88,3.31,ml,105,27,0.03549,0.15,ci,ci39645178,2024-01-25T04:19:07.660Z,"9 km NNW of Big Bear City, CA",earthquake,0.09,0.2,0.116,177,reviewed,ci,ci
2023-12-27T17:25:29.430Z,35.9253333,-117.684,2.57,3.32,ml,35,80,0.1111,0.17,ci,ci40451791,2024-03-02T21:39:32.040Z,"20 km E of Little Lake, CA",earthquake,0.22,0.69,0.154,54,reviewed,ci,ci
2023-05-08T15:05:24.100Z,34.0453333,-118.6536667,7.22,3.32,ml,113,48,0.0153,0.27,ci,ci40220951,2023-08-21T02:14:34.560Z,"2km WNW of Las Flores, CA",earthquake,0.21,0.41,0.183,180,reviewed,ci,ci
2024-02-01T19:16:35.960Z,36.6863333,-121.3311667,4.9,3.33,ml,54,74,0.02443,0.14,nc,nc71132704,2024-04-13T19:33:45.040Z,"12 km S of Tres Pinos, CA",earthquake,0.18,0.38,0.162,74,reviewed,nc,nc
2023-12-05T04:09:58.340Z,33.8783333,-117.908,9.84,3.33,ml,120,21,0.01377,0.24,ci,ci40616032,2024-02-16T19:10:09.410Z,"2 km E of Fullerton, CA",earthquake,0.15,0.34,0.221,148,reviewed,ci,ci
2023-10-10T11:09:19.110Z,44.6703333,-110.0013333,13.18,3.34,ml,25,115,0.08357,0.25,uu,uu60033849,2023-12-16T22:13:06.040Z,"37 km S of Silver Gate, Montana",earthquake,0.57,0.92,0.232,11,reviewed,uu,uu
2023-08-21T23:50:25.130Z,34.415,-119.1981667,6.2,3.34,ml,90,30,0.05471,0.33,ci,ci39646898,2023-10-28T19:15:34.040Z,"6 km SE of Ojai, CA",earthquake,0.25,0.7,0.15,123,reviewed,ci,ci
2023-08-06T23:25:26.210Z,35.3173333,-118.5655,5.21,3.34,ml,64,24,0.1212,0.19,ci,ci40530992,2023-10-17T22:01:26.040Z,"23 km NNW of Tehachapi, CA",earthquake,0.15,0.58,0.14,118,reviewed,ci,ci
2023-07-09T05:30:39.730Z,38.7495,-122.7315,1.5,3.34,ml,101,36,0.01068,0.07,nc,nc73910536,2023-09-16T19:16:06.040Z,"4km SE of The Geysers, CA",earthquake,0.08,0.13,0.136,98,reviewed,nc,nc
2023-12-11T14:19:51.270Z,39.948,-120.8488333,-0.13,3.35,ml,74,76,0.283,0.16,nc,nc73974566,2024-04-05T02:11:32.127Z,"4 km ENE of East Quincy, CA",earthquake,0.17,1.4,0.154,64,reviewed,nc,nc
2023-11-17T09:40:28.200Z,32.415,-115.1981667,11.43,3.35,ml,32,53,0.08231,0.31,ci,ci39714146,2024-01-26T16:37:29.040Z,"7 km N of Delta, B.C., MX",earthquake,0.34,0.81,0.149,163,reviewed,ci,ci
2023-11-06T01:51:05.370Z,40.1288333,-121.1141667,0.87,3.35,ml,59,24,0.1211,0.17,nc,nc73956640,2024-01-13T23:10:09.040Z,"6 km SW of Canyondam, CA",earthquake,0.21,1.42,0.167,45,reviewed,nc,nc
2023-09-14T02:43:54.090Z,36.5745,-121.1756667,7.74,3.35,ml,87,53,0.008319,0.15,nc,nc73936566,2023-11-18T22:29:34.040Z,"6 km NNW of Pinnacles, CA",earthquake,0.2,0.32,0.123,83,reviewed,nc,nc
2023-08-08T08:47:38.180Z,32.3788333,-115.1236667,14.3,3.35,ml,35,70,0.07017,0.36,ci,ci40531712,2023-10-17T22:01:27.040Z,"7 km ENE of Delta, B.C., MX",earthquake,0.44,0.96,0.108,63,reviewed,ci,ci
2023-07-16T20:54:47.270Z,35.53983333,-96.76016667,6.78,3.35,ml,76,57,0,0.2,ok,ok2023nvrz,2024-02-03T07:25:14.370Z,"9 km NW of Prague, Oklahoma",earthquake,,0.5,0.21,29,reviewed,ok,ok
2023-07-16T10:49:37.380Z,31.541,-115.6775,4.86,3.35,ml,16,66,0.1747,0.28,ci,ci39614106,2023-09-28T21:33:26.040Z,"86km ESE of Maneadero, B.C., MX",earthquake,0.41,1.84,0.157,147,reviewed,ci,ci
2023-08-12T17:58:33.080Z,31.3225,-114.324,1.37,3.36,ml,5,167,0.5335,0.13,ci,ci40535408,2023-08-15T16:48:15.862Z,"116 km SSE of Estacion Coahuila, B.C., MX",earthquake,0.55,1.47,0.195,18,reviewed,ci,ci
2023-06-30T05:10:14.280Z,34.9971667,-118.5206667,8.99,3.36,ml,89,23,0.1472,0.16,ci,ci40500216,2023-09-08T14:18:29.040Z,"16km SSW of Tehachapi, CA",earthquake,0.1,0.37,0.202,256,reviewed,ci,ci
2023-04-30T05:55:59.950Z,33.0296667,-116.0076667,7.69,3.37,ml,86,20,0.1456,0.23,ci,ci40215511,2023-07-15T22:10:35.040Z,"17km SE of Ocotillo Wells, CA",earthquake,0.16,0.73,0.135,120,reviewed,ci,ci
2024-02-22T13:02:49.580Z,47.6745,-121.7321667,18.63,3.38,ml,129,56,0.03464,0.33,uw,uw61984016,2024-04-04T17:45:10.040Z,"13 km E of Lake Marcel-Stillwater, Washington",earthquake,0.25,0.43,0.197174726,209,reviewed,uw,uw
2023-05-20T08:18:16.240Z,33.3821667,-116.9066667,12.64,3.38,ml,168,16,0.04656,0.23,ci,ci40229151,2023-07-24T01:15:34.040Z,"5km NW of Palomar Observatory, CA",earthquake,0.1,0.32,0.147,254,reviewed,ci,ci
2023-05-05T11:12:15.710Z,35.056,-118.8973333,13.84,3.38,ml,77,20,0.08969,0.25,ci,ci40219303,2023-07-15T22:09:48.040Z,"13km NNE of Grapevine, CA",earthquake,0.19,0.48,0.159,245,reviewed,ci,ci
2023-09-04T17:56:45.270Z,35.1166667,-119.0341667,12.82,3.39,ml,76,25,0.0708,0.26,ci,ci39658306,2023-11-17T19:47:47.040Z,"19 km SW of Lamont, CA",earthquake,0.2,0.67,0.123,102,reviewed,ci,ci
2023-08-17T19:58:59.980Z,34.8986667,-119.039,8.89,3.39,ml,80,26,0.08536,0.29,ci,ci39643162,2023-10-27T21:39:03.040Z,"11 km WSW of Grapevine, CA",earthquake,0.23,0.51,0.163,111,reviewed,ci,ci
2024-04-06T18:31:59.770Z,44.3791,-116.1312,16.279,3.4,ml,72,39,0.358,0.64,us,us7000mahe,2024-04-09T16:09:21.019Z,"9 km NNW of Smiths Ferry, Idaho",earthquake,2.34,6.942,0.024,228,reviewed,us,us
2024-02-19T16:57:26.665Z,28.943,-97.967,6.3232,3.4,ml,23,52,0,0.3,tx,tx2024dmvf,2024-03-03T19:04:35.040Z,"6 km SE of Falls City, Texas",earthquake,1.064450507,1.828709147,0.1,12,reviewed,tx,tx
2024-02-13T20:44:18.017Z,31.676,-104.403,8.2396,3.4,ml,60,69,0,0.3,tx,tx2024dcds,2024-02-15T18:13:33.040Z,"55 km S of Whites City, New Mexico",earthquake,0.714691694,0.7500521,0.1,26,reviewed,tx,tx
2024-02-12T08:43:52.880Z,32.7848333,-115.5615,8.82,3.4,ml,41,60,0.04353,0.29,ci,ci40666376,2024-02-13T08:46:21.833Z,"0 km SW of El Centro, CA",earthquake,0.34,0.89,0.137,31,reviewed,ci,ci
2024-02-09T04:51:36.141Z,28.959,-98.002,10.5889,3.4,ml,20,68,0.1,0.3,tx,tx2024ctqg,2024-03-01T22:50:41.040Z,"3 km SSE of Falls City, Texas",earthquake,1.070942982,1.628573195,0.2,19,reviewed,tx,tx
2024-02-02T10:19:05.950Z,32.204,-103.098,5.8231,3.4,ml,57,70,0.1,0.2,tx,tx2024chgn,2024-04-13T19:34:58.040Z,"13 km NE of Jal, New Mexico",earthquake,0.755884579,1.841715608,0.2,82,reviewed,tx,tx
2024-01-25T18:57:05.083Z,45.0988,-106.8877,0,3.4,ml,25,98,1.656,0.55,us,us7000ltt1,2024-03-30T22:32:10.040Z,"30 km NE of Ranchester, Wyoming",mining explosion,5.5,1.647,0.04,84,reviewed,us,us
2024-01-22T00:03:17.484Z,32.405,-102.04,8.4858,3.4,ml,16,80,0.1,0.1,tx,tx2024bmjr,2024-03-30T22:32:14.040Z,"33 km WSW of Ackerly, Texas",earthquake,0.549697556,0.984158783,0.2,25,reviewed,tx,tx
2024-01-20T01:46:04.615Z,31.608,-104.244,6.6457,3.4,ml,28,68,0.1,0.2,tx,tx2024biwb,2024-03-29T17:37:54.040Z,"53 km NW of Toyah, Texas",earthquake,1.154005037,1.200629654,0.2,22,reviewed,tx,tx
2023-12-31T16:34:50.024Z,39.0869,-97.5693,5.03,3.4,mwr,12,87,0.747,0.24,us,us6000m0ue,2024-03-02T21:39:34.040Z,"6 km NNE of Bennington, Kansas",earthquake,3.09,7.588,,3,reviewed,us,slm
2023-12-30T20:38:48.339Z,43.6927,-105.1918,0,3.4,ml,16,76,0.939,0.8,us,us6000m0pm,2024-03-02T21:39:34.040Z,"25 km ESE of Wright, Wyoming",mining explosion,2.67,1.834,0.041,77,reviewed,us,us
2023-12-19T15:14:52.859Z,31.538,-104.146,9.5507,3.4,ml,17,70,0,0.2,tx,tx2023yuhg,2024-02-27T22:57:01.040Z,"41 km NW of Toyah, Texas",earthquake,1.390017182,1.119625452,0.2,13,reviewed,tx,tx
2023-12-19T09:31:41.043Z,39.6184,-119.6312,7,3.4,ml,34,71.91,0.063,0.1648,nn,nn00870301,2024-02-27T22:57:01.040Z,"7 km ESE of Spanish Springs, Nevada",earthquake,,0.9,0.27,10,reviewed,nn,nn
2023-12-12T20:31:11.587Z,31.675,-104.388,7.0571,3.4,ml,44,57,0,0.2,tx,tx2023yhxe,2024-02-17T22:43:07.040Z,"55 km S of Whites City, New Mexico",earthquake,0.766493755,0.983414216,0.2,26,reviewed,tx,tx
2023-12-07T21:00:44.509Z,43.7723,-105.475,0,3.4,ml,23,80,1.096,0.94,us,us7000lh5u,2024-02-10T23:47:41.040Z,"2 km NNE of Wright, Wyoming",mining explosion,2.75,1.83,0.038,89,reviewed,us,us
2023-12-01T23:12:42.608Z,31.624,-104.399,8.2657,3.4,ml,26,74,0,0.1,tx,tx2023xnzz,2024-02-06T21:53:57.040Z,"61 km S of Whites City, New Mexico",earthquake,0.569064845,0.799238561,0.1,14,reviewed,tx,tx
2023-12-01T19:09:18.804Z,43.7848,-105.2898,0,3.4,ml,65,35,0.966,0.87,us,us7000lf7g,2024-02-06T21:53:57.040Z,"16 km ENE of Wright, Wyoming",mining explosion,5.22,1.676,0.039,87,reviewed,us,us
2023-11-25T07:05:50.495Z,39.0595,-97.6126,9.387,3.4,mb_lg,46,37,0.782,0.33,us,us6000lqn6,2024-02-01T15:13:44.040Z,"3 km NNW of Bennington, Kansas",earthquake,4.46,7.344,0.04,161,reviewed,us,us
2023-11-23T15:40:17.885Z,31.711,-104.563,6.6272,3.4,ml(texnet),32,84,0,0.3,tx,tx2023wyva,2024-02-01T15:13:43.040Z,"54 km SSW of Whites City, New Mexico",earthquake,0.890409735,0.951072284,0.2,47,reviewed,tx,tx
2023-11-22T20:12:54.926Z,43.7199,-105.2781,0,3.4,ml,34,77,0.983,0.94,us,us6000lq59,2024-02-01T15:13:48.040Z,"17 km ESE of Wright, Wyoming",mining explosion,5.85,1.915,0.041,79,reviewed,us,us
2023-11-22T17:55:05.087Z,45.1495,-106.9539,0,3.4,ml,28,97,1.622,0.7,us,us6000lq4k,2024-02-01T15:13:48.040Z,"31 km NNE of Ranchester, Wyoming",mining explosion,4.12,1.746,0.04,83,reviewed,us,us
2023-11-17T19:08:36.960Z,43.8519,-105.315,0,3.4,ml,41,41,0.962,0.59,us,us6000lp70,2024-01-26T16:37:51.040Z,"18 km NE of Wright, Wyoming",mining explosion,6.29,1.757,0.038,93,reviewed,us,us
2023-11-07T04:02:46.661Z,31.664,-104.311,6.1316,3.4,ml(texnet),44,58,0,0.2,tx,tx2023vury,2024-01-13T23:10:20.040Z,"57 km S of Whites City, New Mexico",earthquake,0.610841468,0.587180879,0.2,26,reviewed,tx,tx
2023-11-06T21:13:00.066Z,43.73,-105.3758,0,3.4,ml,42,41,1.044,0.51,us,us7000l985,2024-01-13T23:09:29.040Z,"9 km ESE of Wright, Wyoming",mining explosion,5.81,1.734,0.042,77,reviewed,us,us
2023-10-31T20:31:21.248Z,43.5741,-105.2897,0,3.4,ml,41,77,1.059,0.94,us,us7000l7x1,2024-01-10T06:01:28.040Z,"25 km SE of Wright, Wyoming",mining explosion,6.65,0.936,0.037,94,reviewed,us,us
2023-10-26T20:03:28.649Z,43.7178,-105.3755,0,3.4,ml,24,57,1.049,1.19,us,us7000l6ml,2024-01-04T04:22:20.040Z,"10 km ESE of Wright, Wyoming",mining explosion,5.07,1.48,0.043,70,reviewed,us,us
2023-10-18T09:29:56.396Z,31.669,-104.368,6.0802,3.4,ml(texnet),29,57,0.1,0.2,tx,tx2023ukot,2023-12-26T21:24:32.040Z,"56 km S of Whites City, New Mexico",earthquake,0.82554821,0.80563818,0.1,15,reviewed,tx,tx
2023-09-18T14:34:40.980Z,40.1778,-98.3284,9.962,3.4,mb_lg,24,52,1.237,0.52,us,us7000kwge,2023-12-02T23:01:07.040Z,Nebraska,earthquake,2.07,7.527,0.041,153,reviewed,us,us
2023-09-11T02:53:57.776Z,37.19,-104.7149,7.047,3.4,ml,15,82,0.087,0.61,us,us7000kuy4,2023-11-18T22:29:32.040Z,"7 km N of Valdez, Colorado",earthquake,1.87,1.796,0.069,35,reviewed,us,us
2023-09-02T04:28:28.649Z,31.58604836,-104.498986,6.054443359,3.4,ml,35,142,0.082706898,0.3,tx,tx2023redp,2023-11-04T21:36:16.040Z,"66 km S of Whites City, New Mexico",earthquake,1.487873941,1.337886676,0.2,24,reviewed,tx,tx
2023-08-28T12:40:17.163Z,30.9445,-116.1509,10,3.4,ml,25,243,0.401,0.76,us,us7000krgs,2023-11-04T21:35:41.040Z,"2 km SE of Las Brisas, Mexico",earthquake,3.39,2.004,0.047,60,reviewed,us,us
2023-08-25T19:19:29.533Z,43.6116,-105.153,0,3.4,ml,48,80,0.955,0.71,us,us7000kr0w,2023-10-28T19:15:38.040Z,"31 km ESE of Wright, Wyoming",mining explosion,3.68,1.905,0.044,69,reviewed,us,us
2023-08-24T17:55:02.474Z,44.064,-105.3607,0,3.4,ml,29,107,0.956,0.89,us,us7000kqp9,2023-10-28T19:15:36.040Z,"20 km SSE of Antelope Valley-Crestview, Wyoming",mining explosion,5.11,1.921,0.045,65,reviewed,us,us
2023-08-22T06:16:25.464Z,31.61240895,-103.9922172,7.776879883,3.4,ml,22,58,0.020015317,0.1,tx,tx2023qker,2023-10-28T19:15:34.040Z,"38 km NNW of Toyah, Texas",earthquake,0.548085147,0.615926133,0.2,13,reviewed,tx,tx
2023-08-22T04:11:39.955Z,32.40875244,-102.0249381,10.58890788,3.4,ml,19,82,0.120044231,0.1,tx,tx2023qkal,2023-10-28T19:15:34.040Z,"31 km WSW of Ackerly, Texas",earthquake,0.795277369,1.254306064,0.1,30,reviewed,tx,tx
2023-08-22T03:51:31.124Z,31.71720262,-104.5380084,5.334619141,3.4,ml,55,149,0.008272883,0.3,tx,tx2023qjzv,2023-10-28T19:15:34.040Z,"53 km SSW of Whites City, New Mexico",earthquake,2.320357796,0.753161671,0.1,30,reviewed,tx,tx
2023-08-20T16:06:16.591Z,31.67535408,-104.376337,7.005639648,3.4,ml,84,65,0.042539306,0.3,tx,tx2023qhhd,2023-10-28T19:15:32.040Z,"55 km S of Whites City, New Mexico",earthquake,0.572205028,0.708862422,0.1,42,reviewed,tx,tx
2023-08-14T16:45:05.025Z,35.31463623,-101.701848,6.773966471,3.4,ml,14,81,0.130041045,0.4,tx,tx2023pwji,2023-10-27T21:39:01.040Z,"15 km NE of Amarillo, Texas",earthquake,2.758908514,2.343075671,0.2,7,reviewed,tx,tx
2023-08-06T10:27:58.981Z,36.9072,-104.8402,7.5,3.4,mwr,54,23,0.107,1.06,us,us6000ky98,2023-10-17T22:01:25.040Z,"24 km S of Weston, Colorado",earthquake,3.26,6.643,,5,reviewed,us,slm
2023-08-04T17:49:19.444Z,31.68076923,-104.391997,6.131567383,3.4,ml,22,56,0.042078197,0.2,tx,tx2023peel,2024-01-18T20:38:08.805Z,"54 km S of Whites City, New Mexico",earthquake,0.798617172,0.730135739,0.1,11,reviewed,tx,tx
2023-08-01T18:07:58.562Z,45.1416,-106.8944,0,3.4,ml,33,54,1.617,0.71,us,us6000kx3p,2023-10-07T21:38:54.040Z,"33 km NE of Ranchester, Wyoming",mining explosion,6.15,1.842,0.045,66,reviewed,us,us
2023-07-22T21:20:39.287Z,32.84088135,-100.9466702,4.279581706,3.4,ml,19,65,0.038136219,0.2,tx,tx2023ogrw,2023-09-28T21:34:13.040Z,"13 km NNW of Snyder, Texas",earthquake,0.625454134,1.131843599,0.1,14,reviewed,tx,tx
2023-07-19T11:57:48.356Z,39.5391,-116.5791,3.2,3.4,ml,14,48,1.02,0.1957,nn,nn00862982,2023-09-28T21:33:49.040Z,"42 km E of Austin, Nevada",earthquake,,4,0.25,10,reviewed,nn,nn
2023-07-05T02:16:55.574Z,38.5416,-118.1536,10,3.4,ml,11,38.81,0.367,0.1733,nn,nn00862138,2023-09-09T21:54:47.040Z,"17 km NNW of Mina, Nevada",earthquake,,1.4,0.35,6,reviewed,nn,nn
2023-06-26T01:50:47.821Z,39.6486,-119.6521,10.3,3.4,ml,34,68.53,0.133,0.1645,nn,nn00861727,2023-09-08T14:18:41.040Z,"4 km E of Spanish Springs, Nevada",earthquake,,1.2,0.39,9,reviewed,nn,nn
2023-06-19T14:13:07.066Z,37.2824,-104.4938,6.469,3.4,mwr,46,52,0.158,0.57,us,us7000k9kp,2023-08-26T20:54:23.040Z,"7 km NNW of El Moro, Colorado",earthquake,3.61,6.013,,6,reviewed,us,slm
2023-06-02T21:51:49.569Z,31.67422667,-104.4086268,6.645727539,3.4,ml,25,69,0.015931755,0.2,tx,tx2023ktjt,2023-08-05T22:07:49.040Z,"55 km S of Whites City, New Mexico",earthquake,0.764141866,0.608174346,0.1,20,reviewed,tx,tx
2023-05-10T18:21:14.386Z,35.6487,-111.655,6.916,3.4,ml,29,40,0.264,0.38,us,us6000kay5,2023-07-22T19:16:39.040Z,"33 km SW of Cameron, Arizona",earthquake,2.92,5.652,0.03,144,reviewed,us,us
2023-05-03T23:13:25.462Z,37.2012,-104.7538,3.537,3.4,ml,29,59,0.082,0.59,us,us6000k9ce,2023-07-15T22:09:33.040Z,"8 km N of Segundo, Colorado",earthquake,3.14,5.852,0.05,81,reviewed,us,us
2023-04-28T17:19:16.166Z,49.1862,-120.8363,4.696,3.4,ml,95,51,0.432,0.42,us,us7000jwrg,2023-07-11T01:44:28.040Z,"38 km SW of Princeton, Canada",earthquake,1.64,5.703,0.033,120,reviewed,us,us
2023-04-26T20:03:12.701Z,44.6943,-114.3893,16.382,3.4,mwr,52,36,0.524,0.56,us,us7000jw46,2023-07-11T01:45:02.040Z,"24 km NNW of Challis, Idaho",earthquake,2.97,7.946,0.066,22,reviewed,us,us
2023-04-24T22:16:17.744Z,47.1382,-76.1399,9.813,3.4,mb_lg,25,119,1.43,0.39,us,us7000jvnf,2024-01-18T19:51:38.712Z,"71 km NW of Ferme-Neuve, Canada",earthquake,4.43,7.379,0.059,77,reviewed,us,us
2023-04-20T04:25:39.517Z,31.60694173,-103.9776678,9.319360352,3.4,ml,17,67,0.008419367,0.1,tx,tx2023hrmq,2023-07-03T02:47:03.040Z,"36 km NNW of Toyah, Texas",earthquake,0.591250015,0.58778326,0.1,18,reviewed,tx,tx
2023-04-18T20:31:35.666Z,32.3912,-104.4793,5,3.4,ml,37,32,0.509,0.36,us,us6000k5di,2023-07-03T02:47:14.040Z,"23 km W of Carlsbad, New Mexico",earthquake,1.94,1.942,0.085,18,reviewed,us,us
2023-12-29T07:10:11.880Z,38.814,-122.7988333,2.08,3.41,ml,106,27,0.006625,0.06,nc,nc73982331,2024-03-02T21:39:33.040Z,"6 km NW of The Geysers, CA",earthquake,0.08,0.12,0.145,138,reviewed,nc,nc
2023-10-30T12:31:38.000Z,33.4843333,-116.4226667,5.45,3.41,ml,117,22,0.03905,0.18,ci,ci40591304,2024-02-12T14:19:21.573Z,"22 km SSW of La Quinta, CA",earthquake,0.09,0.34,0.158,188,reviewed,ci,ci
2024-02-16T16:30:18.830Z,47.59283333,-123.092,50.47,3.42,ml,144,20,0.06076,0.36,uw,uw61983351,2024-03-15T06:02:53.202Z,"17 km WSW of Brinnon, Washington",earthquake,0.31,0.51,0.176984629,210,reviewed,uw,uw
2023-12-30T08:29:11.160Z,35.7473333,-117.5703333,4.46,3.42,ml,54,43,0.1232,0.14,ci,ci40452647,2024-03-02T21:39:33.040Z,"15 km W of Searles Valley, CA",earthquake,0.14,0.41,0.14,216,reviewed,ci,ci
2023-12-23T05:52:22.350Z,33.6798333,-117.9773333,13.03,3.43,ml,114,80,0.02614,0.26,ci,ci40449799,2024-03-07T06:22:29.476Z,"3 km SE of Huntington Beach, CA",earthquake,0.2,0.33,0.175,113,reviewed,ci,ci
2023-12-06T04:11:51.390Z,32.7378333,-115.878,7.27,3.43,ml,63,29,0.09749,0.25,ci,ci40616744,2024-02-10T23:47:37.040Z,"11 km E of Ocotillo, CA",earthquake,0.21,0.71,0.141,96,reviewed,ci,ci
2023-08-17T05:17:26.310Z,32.9938333,-118.8406667,5.83,3.44,ml,13,268,0.2472,0.24,ci,ci40538616,2023-10-27T21:39:02.040Z,"22 km W of San Clemente Is. (NW tip), CA",earthquake,1.06,31.61,0.185,224,reviewed,ci,ci
2023-06-03T12:01:51.910Z,38.7966667,-122.7775,-0.87,3.45,md,42,74,0.008855,0.05,nc,nc71130564,2023-08-05T22:07:36.040Z,"3km NW of The Geysers, CA",earthquake,0.12,0.32,0.24,22,reviewed,nc,nc
2023-10-26T16:39:56.570Z,36.0178333,-117.771,1.78,3.47,ml,45,37,0.04675,0.2,ci,ci40588312,2024-01-04T04:22:19.040Z,"15 km NE of Little Lake, CA",earthquake,0.18,0.26,0.152,85,reviewed,ci,ci
2024-02-21T14:01:32.550Z,35.8655,-120.4156667,8.81,3.48,mw,62,58,0.02561,0.07,nc,nc74005576,2024-04-02T15:45:28.676Z,"4 km SSE of Parkfield, CA",earthquake,0.12,0.19,,4,reviewed,nc,nc
2024-02-12T14:15:21.720Z,32.7835,-115.5526667,11.69,3.48,mw,57,36,0.04781,0.26,ci,ci40667752,2024-03-20T13:43:03.391Z,"1 km SE of El Centro, CA",earthquake,0.23,0.37,,4,reviewed,ci,ci
2024-02-03T06:32:59.710Z,35.5235,-96.77116667,5.82,3.48,ml,83,33,0,0.17,ok,ok2024ciuo,2024-04-13T19:36:02.040Z,"8 km WNW of Prague, Oklahoma",earthquake,,0.3,0.24,32,reviewed,ok,ok
2024-01-15T07:25:05.920Z,48.00416667,-123.1666667,43.52,3.48,ml,82,27,0.04556,0.21,uw,uw61979966,2024-03-29T17:37:51.040Z,"7 km SSW of River Road, Washington",earthquake,0.29,0.51,0.176828914,63,reviewed,uw,uw
2023-07-14T10:30:44.760Z,31.5361667,-114.3828333,5.96,3.48,ml,10,133,0.5229,0.29,ci,ci39612530,2023-09-16T19:16:15.040Z,"94km SE of Estacion Coahuila, B.C., MX",earthquake,0.53,31.61,0.165,126,reviewed,ci,ci
2023-06-24T10:10:33.510Z,34.952,-116.7205,2.14,3.48,ml,32,48,0.1424,0.13,ci,ci40493880,2023-08-26T20:54:08.040Z,"28km ENE of Barstow, CA",earthquake,0.14,0.46,0.125,154,reviewed,ci,ci
2024-02-29T02:21:45.670Z,37.8886667,-121.6303333,8.17,3.49,mw,135,67,0.02413,0.26,nc,nc74009641,2024-03-27T04:43:55.889Z,"2 km NNE of Byron, CA",earthquake,0.2,0.48,,3,reviewed,nc,nc
2024-02-12T08:38:13.420Z,32.8196667,-115.5863333,12.1,3.49,ml,32,49,0.06155,0.32,ci,ci40666304,2024-03-27T16:37:24.213Z,"4 km SSW of Imperial, CA",earthquake,0.43,0.93,0.132,12,reviewed,ci,ci
2023-12-04T05:47:02.880Z,37.0655,-118.5315,10.46,3.49,ml,53,42,0.2414,0.08,nc,nc73971566,2024-02-10T23:47:29.040Z,"24 km WSW of Big Pine, CA",earthquake,0.22,0.91,0.177,128,reviewed,nc,nc
2023-11-27T10:37:40.580Z,35.5223333,-118.383,6.38,3.49,ml,73,19,0.1586,0.16,ci,ci39718330,2024-04-18T19:45:36.494Z,"12 km SE of Bodfish, CA",earthquake,0.11,0.59,0.122,222,reviewed,ci,ci
2023-09-19T03:44:30.550Z,37.4358333,-121.3031667,-0.4,3.49,mw,149,90,0.05285,0.19,nc,nc73938706,2023-12-02T23:01:07.040Z,"15 km SW of Westley, CA",earthquake,0.18,0.24,,3,reviewed,nc,nc
2023-07-17T03:15:52.710Z,31.5405,-115.6813333,5.33,3.49,ml,14,93,0.1726,0.2,ci,ci39614506,2023-09-28T21:33:34.040Z,"86km ESE of Maneadero, B.C., MX",earthquake,0.34,2.13,0.133,64,reviewed,ci,ci
2024-04-10T02:59:21.941Z,48.8359,-112.4387,10,3.5,ml,26,88,0.534,0.43,us,us7000mb4q,2024-04-11T03:08:13.701Z,"17 km NNW of Santa Rita, Montana",earthquake,1.54,1.981,0.233,46,reviewed,us,mb
2024-03-29T02:34:58.484Z,31.068,-107.443,10,3.5,ml,17,164,1.489,0.73,us,us7000m8pd,2024-04-18T21:41:15.259Z,"51 km E of Ascención, Mexico",earthquake,2.85,1.99,0.085,48,reviewed,us,us
2024-03-15T18:46:14.957Z,39.3283,-94.6473,1,3.5,mb_lg,39,48,0.912,0.43,us,us6000mj50,2024-04-19T18:52:13.040Z,"2 km NE of Ferrelview, Missouri",mine collapse,2.28,1.072,0.039,175,reviewed,us,us
2024-03-10T11:23:37.644Z,41.9951,-119.6084,0,3.5,ml,5,117.4,0.525,0.2776,nn,nn00874499,2024-04-13T05:12:22.830Z,"47 km ENE of Fort Bidwell, California",earthquake,,0,0.69,5,reviewed,nn,nn
2024-03-05T12:57:50.585Z,44.3785,-116.0824,10,3.5,ml,38,62,0.375,0.41,us,us6000mgv4,2024-04-04T10:18:01.999Z,"8 km N of Smiths Ferry, Idaho",earthquake,1.4,2.011,0.031,140,reviewed,us,us
2024-03-03T09:15:53.133Z,31.607,-103.978,6.51,3.5,ml,18,49,0,0.1,tx,tx2024ejzn,2024-04-10T14:32:39.235Z,"36 km NNW of Toyah, Texas",earthquake,0.608770364,0.585800051,0.1,6,reviewed,tx,tx
2024-03-01T13:19:15.916Z,44.3742,-116.1077,10,3.5,ml,28,61,0.362,0.69,us,us6000mg2a,2024-04-10T14:18:49.750Z,"8 km N of Smiths Ferry, Idaho",earthquake,2.34,2.01,0.031,134,reviewed,us,us
2024-02-24T23:50:10.585Z,32.7133,-104.3958,2.146,3.5,mwr,80,33,0.587,0.6,us,us7000m1ew,2024-04-03T22:26:06.398Z,"6 km S of Atoka, New Mexico",earthquake,4.09,6.592,0.075,17,reviewed,us,us
2024-02-23T15:19:33.765Z,28.972,-98.033,6.3232,3.5,ml,20,79,0.1,0.4,tx,tx2024dtzz,2024-04-04T17:57:14.172Z,"1 km SW of Falls City, Texas",earthquake,1.814848346,1.632705389,0.1,24,reviewed,tx,tx
2024-02-15T18:28:53.790Z,31.4823,-114.3821,10,3.5,ml,19,138,0.572,1.13,us,us7000lzgt,2024-04-15T14:29:04.040Z,"25 km SSE of Golfo de Santa Clara, Mexico",earthquake,1.01,1.989,0.062,34,reviewed,us,us
2024-02-12T18:12:26.757Z,31.655,-104.398,6.0999,3.5,ml,27,61,0,0.2,tx,tx2024dade,2024-03-07T12:33:42.125Z,"57 km S of Whites City, New Mexico",earthquake,0.770765745,0.714023704,0.2,21,reviewed,tx,tx
2024-02-06T16:04:02.215Z,44.4441,-114.4983,13.899,3.5,ml,81,27,0.42,0.5,us,us7000lxc5,2024-03-06T16:32:10.614Z,"21 km NNW of Clayton, Idaho",earthquake,1.79,6.776,0.026,188,reviewed,us,us
2024-02-04T10:52:56.073Z,41.9778,-119.5983,0,3.5,ml,7,118.82,0.53,0.156,nn,nn00872898,2024-04-13T19:37:30.040Z,"47 km ENE of Fort Bidwell, California",earthquake,,0,0.23,7,reviewed,nn,nn
2024-02-02T21:02:11.134Z,43.5257,-105.1302,0,3.5,ml,16,84,0.991,0.48,us,us7000lwin,2024-04-13T19:35:24.040Z,"38 km SE of Wright, Wyoming",mining explosion,6.19,1.676,0.038,92,reviewed,us,us
2024-01-29T00:03:00.095Z,39.4074,-119.6995,8.8,3.5,mw,46,40.38,0.053,0.1766,nn,nn00872549,2024-04-13T19:25:52.040Z,"11 km NNW of Virginia City, Nevada",earthquake,,0.6,,,reviewed,nn,nn
2024-01-26T19:06:31.377Z,43.7862,-105.3809,0,3.5,ml,42,59,1.027,0.6,us,us7000lu6v,2024-03-30T22:32:11.040Z,"9 km ENE of Wright, Wyoming",mining explosion,5.79,1.691,0.038,92,reviewed,us,us
2024-01-03T03:11:31.513Z,31.598,-103.949,9.0109,3.5,ml,17,54,0,0.2,tx,tx2024adxi,2024-03-09T21:38:54.040Z,"34 km NNW of Toyah, Texas",earthquake,1.021824406,1.20910867,0.3,13,reviewed,tx,tx
2023-12-30T20:28:48.125Z,31.594,-103.953,7.674,3.5,ml,29,55,0.1,0.1,tx,tx2023zoue,2024-03-02T21:39:34.040Z,"34 km NNW of Toyah, Texas",earthquake,0.938823524,1.499240103,0.1,36,reviewed,tx,tx
2023-12-21T21:56:51.673Z,43.6709,-105.3702,0,3.5,ml,21,75,1.064,0.29,us,us7000lkr5,2024-02-27T22:56:55.040Z,"13 km SE of Wright, Wyoming",mining explosion,7.2,1.722,0.04,82,reviewed,us,us
2023-12-20T23:48:28.379Z,36.017,-106.8525,11.457,3.5,ml,31,48,1.116,0.4,us,us7000lkhu,2024-02-27T22:57:03.040Z,"9 km E of Cuba, New Mexico",earthquake,3.79,7.597,0.043,76,reviewed,us,us
2023-12-20T14:19:17.742Z,32.385,-101.635,6.2849,3.5,ml,22,81,0,0.2,tx,tx2023ywba,2024-02-27T22:57:02.040Z,"17 km SSE of Ackerly, Texas",earthquake,0.849798713,1.074000404,0.2,19,reviewed,tx,tx
2023-12-13T06:52:19.610Z,38.7968333,-122.746,0.34,3.5,mw,109,26,0.01136,0.07,nc,nc73975501,2024-02-17T22:43:08.040Z,"2 km NNE of The Geysers, CA",earthquake,0.08,0.15,,4,reviewed,nc,nc
2023-12-10T19:31:18.271Z,40.1666,-98.3057,5,3.5,mwr,41,31,1.246,0.81,us,us7000lhz1,2024-02-17T22:43:05.040Z,"10 km NNE of Guide Rock, Nebraska",earthquake,3.38,1.423,,16,reviewed,us,slm
2023-11-28T07:59:39.430Z,34.292,-116.8188333,7.22,3.5,ml,123,35,0.08944,0.13,ci,ci39718738,2024-02-06T21:53:54.040Z,"4 km NE of Big Bear City, CA",earthquake,0.09,0.3,0.167,217,reviewed,ci,ci
2023-11-18T14:16:11.317Z,32.761,-100.658,9.195,3.5,ml(texnet),21,79,0.1,0.2,tx,tx2023wpos,2024-01-26T16:37:52.040Z,"16 km NE of Hermleigh, Texas",earthquake,1.117491097,1.314211667,0.1,7,reviewed,tx,tx
2023-11-15T21:03:48.610Z,43.805,-105.3294,0,3.5,ml,20,82,0.986,0.52,us,us6000lnp2,2024-01-26T16:37:43.040Z,"14 km ENE of Wright, Wyoming",mining explosion,6.37,1.73,0.048,70,reviewed,us,us
2023-11-15T10:58:32.905Z,31.1,-103.265,0.0902,3.5,ml(texnet),18,70,0,0.2,tx,tx2023wjvs,2024-01-26T16:37:43.040Z,"24 km SW of Coyanosa, Texas",earthquake,0.879016825,0.982028871,0.4,13,reviewed,tx,tx
2023-11-12T23:21:56.005Z,32.224,-101.997,8.9749,3.5,ml(texnet),16,72,0.1,0.1,tx,tx2023wfhu,2024-01-26T16:37:58.040Z,"22 km WNW of Stanton, Texas",earthquake,0.478116987,0.768797658,0.1,8,reviewed,tx,tx
2023-11-01T02:38:59.867Z,44.2623,-115.134,6.439,3.5,mwr,64,67,0.259,0.74,us,us7000l7zl,2024-01-10T06:01:30.040Z,"16 km WNW of Stanley, Idaho",earthquake,1.91,4.573,,10,reviewed,us,slm
2023-10-20T23:07:30.792Z,28.933,-98.048,2.959,3.5,ml(texnet),16,72,0.1,0.1,tx,tx2023upgr,2023-12-26T21:24:50.040Z,southern Texas,earthquake,0.930527059,2.198847907,0.1,7,reviewed,tx,tx
2023-10-19T00:09:57.825Z,31.627,-104.507,7.5198,3.5,ml(texnet),39,73,0,0.2,tx,tx2023ulrs,2023-12-26T21:24:35.040Z,"62 km SSW of Whites City, New Mexico",earthquake,1.641068932,0.67930142,0.1,25,reviewed,tx,tx
2023-10-17T20:16:41.184Z,31.676,-104.37,6.1187,3.5,ml(texnet),32,57,0,0.2,tx,tx2023ujon,2023-12-26T21:24:29.040Z,"55 km S of Whites City, New Mexico",earthquake,0.560553831,0.588436484,0.1,23,reviewed,tx,tx
2023-10-15T17:23:57.056Z,39.0036,-117.0526,3.1,3.5,ml,8,97.4,0.546,0.158,nn,nn00867351,2023-12-26T21:24:19.040Z,"22 km S of Kingston, Nevada",earthquake,,1.8,0.49,5,reviewed,nn,nn
2023-10-09T13:25:55.545Z,28.926,-98.062,6.7251,3.5,ml(texnet),22,73,0.1,0.5,tx,tx2023tuky,2023-12-16T22:13:06.040Z,"7 km SW of Falls City, Texas",earthquake,1.962698389,3.036989574,0.2,20,reviewed,tx,tx
2023-10-03T06:06:21.042Z,32.749,-100.617,3.9861,3.5,ml(texnet),32,71,0.1,0.3,tx,tx2023tixl,2023-12-14T21:26:51.040Z,"18 km SW of Rotan, Texas",earthquake,0.880664337,1.681531794,0.1,17,reviewed,tx,tx
2023-09-22T12:18:31.454Z,32.2871,-103.3149,7.7,3.5,ml,33,61,0.098,0.5,us,us7000kxci,2023-12-02T23:01:10.040Z,New Mexico,earthquake,1.94,6.915,0.085,26,reviewed,us,us
2023-09-08T20:03:48.320Z,43.7511,-105.3801,0,3.5,ml,33,101,1.039,0.45,us,us7000kue1,2023-11-17T19:47:51.040Z,"9 km E of Wright, Wyoming",mining explosion,5.58,1.398,0.042,73,reviewed,us,us
2023-08-21T18:03:48.664Z,43.826,-105.2106,0,3.5,ml,19,52,1.517,0.44,us,us7000kpxu,2023-10-28T19:15:33.040Z,"24 km ENE of Wright, Wyoming",mining explosion,5.38,0.962,0.046,62,reviewed,us,us
2023-08-20T19:30:54.899Z,44.6349,-112.5968,12.418,3.5,mwr,43,36,0.038,0.49,us,us7000kpnv,2023-10-28T19:15:32.040Z,"0 km WSW of Lima, Montana",earthquake,2.07,7.373,0.044,49,reviewed,us,us
2023-08-20T18:06:49.793Z,43.7517,-105.3857,0,3.5,ml,33,101,1.043,0.6,us,us7000kpnf,2023-10-28T19:15:32.040Z,"8 km E of Wright, Wyoming",mining explosion,5.56,1.334,0.049,72,reviewed,us,us
2023-08-19T02:17:52.859Z,31.67760404,-104.3838935,5.874487305,3.5,ml,53,65,0.035909539,0.2,tx,tx2023qekg,2023-10-27T21:39:04.040Z,"55 km S of Whites City, New Mexico",earthquake,0.739107127,0.723447267,0.1,29,reviewed,tx,tx
2023-07-31T09:25:21.341Z,32.37762451,-101.6605135,5.844685872,3.5,ml,20,74,0.047472273,0.1,tx,tx2023owfu,2023-10-07T21:38:55.040Z,"17 km SSE of Ackerly, Texas",earthquake,0.474246474,0.546611771,0.2,16,reviewed,tx,tx
2023-07-22T09:24:21.998Z,31.93450928,-102.3464891,7.801066081,3.5,ml,19,61,0.02774058,0.1,tx,tx2023ofue,2023-09-28T21:34:08.040Z,"10 km SSE of Gardendale, Texas",earthquake,0.683229266,0.570966622,0.2,29,reviewed,tx,tx
2023-07-06T18:05:33.332Z,43.81,-105.2723,0,3.5,ml,14,126,0.945,0.52,us,us6000kqjs,2023-09-09T21:54:52.040Z,"18 km ENE of Wright, Wyoming",mining explosion,7.12,1.677,0.049,54,reviewed,us,us
2023-07-05T09:21:20.940Z,40.2315,-121.1571667,5.25,3.5,mw,48,28,0.01852,0.26,nc,nc73909066,2023-09-09T21:54:48.040Z,"2km NE of Almanor, CA",earthquake,0.37,0.79,,5,reviewed,nc,nc
2023-06-09T18:16:15.741Z,43.7503,-105.3531,0,3.5,ml,33,59,1.021,0.53,us,us7000k7h7,2023-08-12T17:15:13.040Z,"11 km E of Wright, Wyoming",mining explosion,6.34,1.741,0.043,72,reviewed,us,us
2023-06-06T02:56:01.400Z,40.485,-124.7696667,15.73,3.5,ml,95,223,0.3298,0.14,nc,nc73897551,2023-08-12T17:15:04.040Z,"44km WSW of Ferndale, CA",earthquake,0.55,0.47,0.226,62,reviewed,nc,nc
2023-05-25T09:29:51.108Z,31.70610769,-104.5465081,6.362939453,3.5,ml,25,83,0.019791047,0.3,tx,tx2023kdvg,2023-07-29T22:00:36.040Z,"54 km SSW of Whites City, New Mexico",earthquake,1.440917657,0.798985994,0.2,18,reviewed,tx,tx
2023-05-22T22:59:08.816Z,31.61294221,-103.9696252,7.828295898,3.5,ml,14,66,0.002343728,0.1,tx,tx2023jzjl,2023-07-29T22:00:29.040Z,"36 km WSW of Mentone, Texas",earthquake,0.649995004,0.933891713,0.2,12,reviewed,tx,tx
2023-05-16T20:08:50.733Z,43.6901,-105.3797,0,3.5,ml,41,41,1.063,0.94,us,us6000kcdr,2023-07-24T01:16:32.040Z,"11 km SE of Wright, Wyoming",mining explosion,5.64,1.334,0.041,80,reviewed,us,us
2023-05-04T19:01:37.308Z,43.7398,-105.2706,0,3.5,ml,32,36,0.97,0.75,us,us6000k9ij,2023-07-15T22:09:31.040Z,"17 km E of Wright, Wyoming",mining explosion,5.2,1.81,0.042,74,reviewed,us,us
2023-04-17T20:55:01.275Z,31.65706908,-104.3605682,6.697143555,3.5,ml,23,67,0.060937618,0.3,tx,tx2023hngs,2023-07-03T02:47:24.040Z,"57 km S of Whites City, New Mexico",earthquake,1.196482152,1.248748303,0.2,15,reviewed,tx,tx
2024-02-03T02:28:43.970Z,37.1645,-112.9906667,14.02,3.52,ml,27,73,0.2,0.23,uu,uu80036516,2024-04-13T19:35:43.040Z,"Springdale, Utah",earthquake,0.39,0.58,0.113089176,21,reviewed,uu,uu
2023-12-30T02:26:27.530Z,35.4003333,-118.6451667,5.21,3.52,ml,65,34,0.1243,0.19,ci,ci40452607,2024-03-02T21:39:33.040Z,"25 km SSW of Bodfish, CA",earthquake,0.14,0.74,0.138,85,reviewed,ci,ci
2023-10-05T03:09:58.000Z,35.041,-117.661,0.79,3.52,ml,63,40,0.1102,0.15,ci,ci40577368,2023-12-14T21:26:53.040Z,"5 km NNW of Boron, CA",earthquake,0.12,0.32,0.15,156,reviewed,ci,ci
2023-08-20T21:45:26.350Z,34.4273333,-119.1821667,2.08,3.52,ml,86,28,0.03814,0.32,ci,ci39645402,2024-04-07T17:04:45.099Z,"6 km ESE of Ojai, CA",earthquake,0.21,0.42,0.163,121,reviewed,ci,ci
2023-04-14T14:56:56.320Z,32.5215,-115.6255,15.53,3.52,mlr,65,48,0.04057,0.27,ci,ci40440784,2023-06-17T21:36:54.040Z,"8km SSW of Progreso, B.C., MX",earthquake,0.23,0.5,0.146,205,reviewed,ci,ci
2024-02-07T09:36:37.940Z,40.1711667,-121.0485,2.7,3.54,mw,38,56,0.1065,0.15,nc,nc73999211,2024-03-07T06:19:41.628Z,"2 km E of Canyondam, CA",earthquake,0.23,1.53,,4,reviewed,nc,nc
2024-02-12T23:54:43.500Z,37.4075,-118.55,5.47,3.55,mw,34,52,0.05526,0.06,nc,nc74001951,2024-04-02T17:16:49.572Z,"4 km E of Round Valley, CA",earthquake,0.24,0.76,,3,reviewed,nc,nc
2023-05-06T14:16:02.550Z,32.7175,-115.5491667,5.15,3.55,mw,57,40,0.05164,0.29,ci,ci40219807,2023-07-15T22:10:07.040Z,"2km SW of Heber, CA",earthquake,0.24,0.63,,4,reviewed,ci,ci
2024-02-12T08:38:25.950Z,32.809,-115.58,14.28,3.56,ml,52,38,0.05556,0.3,ci,ci40666312,2024-04-16T09:11:50.747Z,"3 km NW of El Centro, CA",earthquake,0.34,0.59,0.231,13,reviewed,ci,ci
2023-05-30T20:24:52.680Z,34.0218333,-119.1248333,13.56,3.56,ml,73,97,0.1353,0.29,ci,ci40238207,2023-08-05T22:07:41.040Z,"15km SSE of Port Hueneme, CA",earthquake,0.34,0.66,0.193,134,reviewed,ci,ci
2023-05-03T01:40:24.490Z,35.8715,-117.7166667,8.85,3.56,ml,35,41,0.07402,0.15,ci,ci40217695,2023-07-15T22:10:59.040Z,"19km ESE of Little Lake, CA",earthquake,0.15,0.5,0.136,80,reviewed,ci,ci
2023-04-26T06:46:58.450Z,34.0288333,-116.8456667,19.7,3.56,mlr,131,19,0.03209,0.17,ci,ci40445744,2023-07-11T01:45:07.040Z,"12km NNE of Banning, CA",earthquake,0.11,0.28,0.242,15,reviewed,ci,ci
2023-04-17T07:45:17.200Z,33.8713333,-120.446,0.85,3.56,ml,20,283,0.1841,0.22,ci,ci40441800,2023-07-03T02:47:34.040Z,"19km SSW of San Miguel Is., CA",earthquake,0.78,0.7,0.134,137,reviewed,ci,ci
2024-03-20T16:38:23.420Z,31.4126667,-115.3838333,5.77,3.57,ml,16,78,0.2897,0.2,ci,ci40517199,2024-03-20T20:08:04.045Z,"93 km SSW of Alberto Oviedo Mota, B.C., MX",earthquake,0.29,31.61,0.266,141,reviewed,ci,ci
2023-06-19T06:49:11.580Z,35.498,-118.145,6.81,3.57,ml,61,32,0.03874,0.15,ci,ci40488576,2023-11-27T12:42:20.849Z,"32km ESE of Lake Isabella, CA",earthquake,0.12,0.38,0.159,111,reviewed,ci,ci
2023-08-08T15:58:35.000Z,32.3811667,-115.1225,15.6,3.58,ml,31,70,0.06771,0.32,ci,ci40531840,2023-10-17T22:01:28.040Z,"7 km ENE of Delta, B.C., MX",earthquake,0.4,0.81,0.118,27,reviewed,ci,ci
2023-05-28T13:33:24.290Z,31.0733333,-116.6141667,5.67,3.58,ml,7,225,0.4174,0.12,ci,ci40235983,2023-05-31T17:03:03.514Z,"72km S of Maneadero, B.C., MX",earthquake,0.48,31.61,0.218,170,reviewed,ci,ci
2024-03-12T16:50:42.470Z,44.3728,-116.1254,16.431,3.6,mwr,93,22,0.354,0.52,us,us7000m4v4,2024-04-19T19:22:54.831Z,"8 km NNW of Smiths Ferry, Idaho",earthquake,2.28,8.783,0.078,16,reviewed,us,us
2024-01-27T20:39:00.921Z,32.1414,-93.3221,8.879,3.6,mb,14,87,0.779,0.27,us,us7000lueh,2024-03-30T22:34:33.040Z,"4 km SSW of Hall Summit, Louisiana",earthquake,1.53,7.921,0.249,4,reviewed,us,us
2023-12-22T02:49:18.738Z,32.764,-100.636,8.6325,3.6,ml,19,80,0.1,0.2,tx,tx2023yyve,2024-02-27T22:57:04.040Z,"18 km NE of Hermleigh, Texas",earthquake,0.864221062,1.12294068,0.2,14,reviewed,tx,tx
2023-12-17T23:13:51.360Z,43.8049,-105.333,0,3.6,ml,20,82,0.989,0.65,us,us7000ljrk,2024-02-27T22:56:55.040Z,"14 km ENE of Wright, Wyoming",mining explosion,7.38,1.74,0.044,83,reviewed,us,us
2023-12-17T14:35:04.574Z,31.68,-104.535,5.7717,3.6,ml,15,80,0,0.4,tx,tx2023yqoy,2024-02-27T22:57:00.040Z,"56 km SSW of Whites City, New Mexico",earthquake,1.789120557,0.95511337,0.1,8,reviewed,tx,tx
2023-12-12T03:18:22.318Z,31.656,-104.028,6.7614,3.6,ml,43,43,0,0.2,tx,tx2023ygpd,2024-02-17T22:43:06.040Z,"41 km W of Mentone, Texas",earthquake,0.382500646,0.45509849,0.1,25,reviewed,tx,tx
2023-11-23T21:35:17.258Z,43.8279,-105.2862,0,3.6,ml,20,84,0.949,0.41,us,us6000lqcr,2024-02-01T15:13:48.040Z,"18 km ENE of Wright, Wyoming",mining explosion,5.42,1.492,0.038,89,reviewed,us,us
2023-11-19T19:31:45.260Z,31.672,-104.535,5.5146,3.6,ml(texnet),44,79,0,0.2,tx,tx2023wruq,2024-02-01T15:13:41.040Z,"57 km SSW of Whites City, New Mexico",earthquake,1.271798825,0.572689748,0.2,12,reviewed,tx,tx
2023-11-15T10:41:55.916Z,41.2402,-89.1858,5.688,3.6,mb_lg,64,28,0.689,0.45,us,us6000lnhy,2024-01-26T16:37:43.040Z,"1 km SSW of Standard, Illinois",earthquake,1.61,6.992,0.038,180,reviewed,us,us
2023-10-21T09:17:19.018Z,27.5429,-93.8739,9.947,3.6,mb,68,236,2.966,0.49,us,us6000lh4t,2023-12-26T21:24:52.040Z,"208 km SE of Surfside Beach, Texas",earthquake,10.89,8.879,0.287,3,reviewed,us,us
2023-10-19T07:43:04.369Z,39.621,-119.6343,10.5,3.6,mw,38,72.6,0.135,0.1509,nn,nn00867596,2023-12-26T21:24:37.040Z,Nevada,earthquake,,0.9,,,reviewed,nn,nn
2023-10-18T18:26:54.225Z,39.6241,-119.6313,11.6,3.6,ml,38,73.4,0.139,0.1618,nn,nn00867575,2023-12-26T21:24:34.040Z,Nevada,earthquake,,0.8,0.33,10,reviewed,nn,nn
2023-10-13T22:41:42.635Z,42.9403,-111.5198,0.327,3.6,ml,53,68,0.072,0.53,us,us6000lffv,2023-12-16T22:13:08.040Z,"32 km NNE of Soda Springs, Idaho",earthquake,1.55,2.135,0.031,134,reviewed,us,us
2023-10-02T03:21:22.285Z,32.758,-100.655,3.8394,3.6,ml(texnet),14,54,0.1,0.1,tx,tx2023tgwm,2023-12-14T21:26:51.040Z,"16 km NE of Hermleigh, Texas",earthquake,0.852508761,1.486177393,0.1,13,reviewed,tx,tx
2023-09-27T20:00:21.390Z,38.558,-119.5118333,4.58,3.6,ml,25,112,0.02859,0.07,nc,nc73942611,2023-12-09T22:00:40.040Z,"6 km NNW of Walker, CA",earthquake,0.2,0.34,0.182,161,reviewed,nc,nc
2023-09-13T20:02:24.285Z,43.7302,-105.382,0,3.6,ml,21,122,1.048,0.34,us,us7000kvl9,2023-11-18T22:29:31.040Z,"9 km ESE of Wright, Wyoming",mining explosion,5.91,1.725,0.046,62,reviewed,us,us
2023-09-10T23:46:12.927Z,37.1967,-104.7813,1.963,3.6,mwr,28,59,0.075,0.53,us,us7000kuwn,2023-11-18T22:29:32.040Z,"8 km NNW of Segundo, Colorado",earthquake,3.07,5.485,0.083,14,reviewed,us,us
2023-09-04T21:18:52.999Z,43.7686,-105.3249,0,3.6,ml,20,124,0.996,0.57,us,us7000kt8u,2023-11-17T19:47:49.040Z,"13 km E of Wright, Wyoming",mining explosion,8.23,1.337,0.043,83,reviewed,us,us
2023-09-02T18:03:12.777Z,43.7308,-105.2779,0,3.6,ml,46,76,0.979,0.75,us,us7000ksw5,2023-11-04T21:35:22.040Z,"17 km E of Wright, Wyoming",mining explosion,5.38,1.86,0.038,89,reviewed,us,us
2023-08-29T08:05:33.310Z,33.0018333,-117.9176667,5.98,3.6,mw,80,133,0.4776,0.31,ci,ci39653906,2024-01-01T16:36:57.349Z,"45 km ENE of San Clemente Is. (SE tip), CA",earthquake,0.42,31.61,,4,reviewed,ci,ci
2023-08-28T02:43:26.223Z,41.7313,-80.972,5,3.6,mwr,86,47,0.829,0.71,us,us7000krer,2023-11-04T21:35:38.040Z,"7 km SE of Madison, Ohio",earthquake,4.46,1.862,0.041,58,reviewed,us,us
2023-08-15T20:13:12.728Z,43.7579,-105.2705,0,3.6,ml,34,76,0.963,0.37,us,us7000knj9,2023-10-27T21:39:02.040Z,"17 km E of Wright, Wyoming",mining explosion,5.43,1.376,0.045,66,reviewed,us,us
2023-08-08T22:34:51.029Z,31.67836631,-104.4081261,6.851391602,3.6,ml,45,69,0.015274326,0.2,tx,tx2023plvw,2023-10-17T22:01:28.040Z,"55 km S of Whites City, New Mexico",earthquake,0.873581278,0.944914394,0.1,31,reviewed,tx,tx
2023-08-06T04:03:40.469Z,44.8197,-114.3969,14.96,3.6,mwr,49,40,0.429,0.51,us,us6000ky7k,2023-10-17T22:01:25.040Z,"37 km NNW of Challis, Idaho",earthquake,3.77,5.972,0.043,53,reviewed,us,us
2023-06-02T08:14:46.002Z,41.3773,-106.7672,1.317,3.6,mwr,58,45,0.787,0.63,us,us7000k5pl,2023-08-05T22:07:47.040Z,"9 km SSE of Saratoga, Wyoming",earthquake,3.54,2.342,0.061,26,reviewed,us,us
2023-05-11T07:31:20.882Z,31.53639665,-104.1531231,7.262719727,3.6,ml,45,65,0.047934949,0.2,tx,tx2023jech,2023-07-22T19:16:44.040Z,"42 km NW of Toyah, Texas",earthquake,0.808515594,1.016823938,0.2,25,reviewed,tx,tx
2023-04-23T18:10:08.198Z,43.8635,-76.0202,8.68,3.6,mwr,63,38,0.454,0.5,us,us6000k6kx,2024-04-16T00:20:47.562Z,New York,earthquake,2.55,4.258,0.046,45,reviewed,us,us
2023-04-14T18:04:09.073Z,43.7785,-105.3137,0,3.6,ml,37,81,0.984,0.36,us,us6000k4ir,2023-06-17T21:36:55.040Z,"14 km ENE of Wright, Wyoming",mining explosion,2.27,1.743,0.041,77,reviewed,us,us
2023-10-01T19:29:36.760Z,40.2915,-124.2905,9.59,3.61,mw,40,115,0.0308,0.17,nc,nc73944271,2023-12-14T21:26:50.040Z,"4 km S of Petrolia, CA",earthquake,0.36,0.21,,4,reviewed,nc,nc
2023-07-30T13:49:04.320Z,37.2561667,-121.6323333,5.88,3.61,mw,141,34,0.03266,0.09,nc,nc73918291,2023-10-07T21:38:55.040Z,"14 km N of Morgan Hill, CA",earthquake,0.08,0.17,,6,reviewed,nc,nc
2023-05-01T23:13:47.480Z,38.8905,-123.6595,9.07,3.62,mw,66,216,0.08718,0.1,nc,nc73882866,2023-07-15T22:10:49.040Z,"4km SE of Point Arena, CA",earthquake,0.38,0.28,,4,reviewed,nc,nc
2023-04-17T15:27:56.450Z,34.9518333,-116.7195,1.8,3.62,ml,40,47,0.142,0.14,ci,ci40441936,2023-07-03T02:47:29.040Z,"28km ENE of Barstow, CA",earthquake,0.13,0.49,0.12,175,reviewed,ci,ci
2024-02-16T07:38:40.520Z,34.0386667,-117.595,12.99,3.63,ml,193,13,0.01158,0.22,ci,ci40671296,2024-03-02T10:09:06.891Z,"3 km ESE of Ontario, CA",earthquake,0.11,0.23,0.193,371,reviewed,ci,ci
2024-02-12T08:37:47.540Z,32.8068333,-115.5643333,11.18,3.63,ml,25,62,0.05436,0.21,ci,ci40666296,2024-03-27T16:15:07.082Z,"2 km NNW of El Centro, CA",earthquake,0.31,0.5,0.128,13,reviewed,ci,ci
2023-05-15T00:13:39.290Z,32.4671667,-115.9566667,1,3.63,mlr,8,171,0.1822,0.37,ci,ci40225231,2023-05-18T10:09:10.590Z,"30km S of Ocotillo, CA",earthquake,2.19,31.61,0.403,31,automatic,ci,ci
2023-12-06T04:30:22.080Z,32.737,-115.8783333,9.29,3.65,ml,69,29,0.09661,0.25,ci,ci40616768,2024-02-13T02:47:59.956Z,"11 km E of Ocotillo, CA",earthquake,0.21,0.57,0.136,134,reviewed,ci,ci
2023-04-20T03:35:47.710Z,37.9163333,-121.8396667,16.04,3.65,mw,207,32,0.05353,0.26,nc,nc73875700,2023-07-03T02:47:03.040Z,"9km ESE of Clayton, CA",earthquake,0.15,0.39,,3,reviewed,nc,nc
2023-08-20T22:08:52.590Z,34.4321667,-119.168,1.63,3.66,mw,98,26,0.02565,0.32,ci,ci39645586,2023-10-28T19:15:33.040Z,"7 km ESE of Ojai, CA",earthquake,0.21,0.45,,4,reviewed,ci,ci
2024-02-12T10:18:35.990Z,32.7886667,-115.5501667,15.79,3.67,ml,58,43,0.05286,0.27,ci,ci40667016,2024-02-19T10:38:22.040Z,"1 km E of El Centro, CA",earthquake,0.27,0.44,0.246,17,reviewed,ci,ci
2023-10-28T01:38:31.780Z,37.6178333,-122.377,11.61,3.67,mw,165,29,,0.11,nc,nc73952475,2024-01-15T15:24:51.823Z,"2 km NNE of Millbrae, CA",earthquake,0.09,0.18,,4,reviewed,nc,nc
2023-08-31T00:11:18.870Z,41.3888333,-111.6508333,11.76,3.67,ml,39,79,0.1295,0.18,uu,uu60548782,2024-01-18T20:48:31.544Z,"15 km ENE of Wolf Creek, Utah",earthquake,0.26,0.46,0.207,34,reviewed,uu,uu
2023-08-18T10:46:10.340Z,32.3973333,-115.1366667,10.81,3.67,mw,32,67,0.05577,0.29,ci,ci39643754,2023-10-27T21:39:03.040Z,"7 km NE of Delta, B.C., MX",earthquake,0.35,0.77,,4,reviewed,ci,ci
2023-09-25T00:40:31.129Z,34.48,-97.77266667,19.89,3.68,ml,97,47,0,0.36,ok,ok2023stwr,2024-01-13T04:18:53.052Z,"9 km WNW of Velma, Oklahoma",earthquake,,0.7,0.23,32,reviewed,ok,ok
2024-04-05T21:59:13.660Z,40.6805,-74.7286,7.114,3.7,mwr,33,107,0.656,0.46,us,us7000mab9,2024-04-19T12:52:08.138Z,"7 km W of Bedminster, New Jersey",earthquake,1.52,2.484,0.06,27,reviewed,us,us
2024-02-22T06:15:54.655Z,29.001,-97.965,3.6865,3.7,ml,25,63,0.1,0.3,tx,tx2024drmo,2024-03-09T12:20:17.104Z,"5 km ENE of Falls City, Texas",earthquake,1.423999446,1.7023473,0.2,12,reviewed,tx,tx
2024-02-17T09:12:04.192Z,31.636,-104.015,6.8561,3.7,ml,36,33,0,0.1,tx,tx2024diox,2024-03-19T22:05:41.157Z,"40 km W of Mentone, Texas",earthquake,0.367764475,0.397738533,0.2,28,reviewed,tx,tx
2024-02-17T06:34:18.786Z,28.963,-97.936,8.3252,3.7,ml,13,74,0,0.3,tx,tx2024dijs,2024-03-02T10:44:09.770Z,"8 km ESE of Falls City, Texas",earthquake,2.640698519,4.423806138,0.2,7,reviewed,tx,tx
2024-02-12T10:18:44.260Z,32.786,-115.534,15.95,3.7,ml,23,69,0.0492,0.33,ci,ci37623804,2024-03-27T12:37:50.040Z,"2 km E of El Centro, CA",earthquake,0.55,0.8,0.319,20,reviewed,ci,ci
2024-02-12T08:07:10.075Z,28.952,-98.004,5.3556,3.7,ml,15,68,0.1,0.2,tx,tx2024czjf,2024-03-07T06:53:40.179Z,"3 km SSE of Falls City, Texas",earthquake,1.436881222,2.763348882,0,6,reviewed,tx,tx
2023-12-07T06:16:51.830Z,36.8508333,-120.9696667,6.53,3.7,ml,151,25,0.1422,0.2,nc,nc73972711,2024-02-10T23:47:40.040Z,"25 km SSW of Los Banos, CA",earthquake,0.18,0.41,0.109,154,reviewed,nc,nc
2023-08-22T07:00:13.301Z,31.61457704,-103.9966655,8.895178223,3.7,ml,40,57,0.018738797,0.1,tx,tx2023qkgd,2023-10-28T19:15:34.040Z,"38 km NNW of Toyah, Texas",earthquake,0.522286252,0.459964403,0.2,25,reviewed,tx,tx
2023-08-05T00:05:35.214Z,29.3270874,-103.4183134,0.024454753,3.7,ml,10,140,0.230171882,0.4,tx,tx2023peqx,2023-10-07T21:38:58.040Z,"10 km E of Study Butte, Texas",earthquake,4.5935947,2.924065463,0.1,6,reviewed,tx,tx
2023-06-12T12:38:26.098Z,44.6192,-114.257,6.09,3.7,mwr,45,32,0.283,0.59,us,us7000k7yj,2023-08-21T04:18:44.040Z,"12 km N of Challis, Idaho",earthquake,2.23,4.73,0.033,86,reviewed,us,us
2023-06-02T00:23:05.353Z,39.6139,-119.9797,7.1,3.7,mw,40,65.29,0.016,0.1781,nn,nn00860639,2024-01-29T08:35:40.801Z,Nevada,earthquake,,0.8,,,reviewed,nn,nn
2023-04-17T18:03:41.349Z,31.66484022,-104.2901214,9.319360352,3.7,ml,30,66,0.096111797,0.3,tx,tx2023hnbc,2023-07-03T02:47:27.040Z,"57 km S of Whites City, New Mexico",earthquake,0.99520507,1.418577979,0,7,reviewed,tx,tx
2023-10-15T19:50:16.440Z,34.5636667,-119.1363333,7,3.71,ml,100,21,0.1253,0.31,ci,ci40582816,2023-12-26T21:24:19.040Z,"16 km NE of Ojai, CA",earthquake,0.19,0.77,0.151,253,reviewed,ci,ci
2023-04-29T21:06:47.870Z,32.709,-115.5406667,11.34,3.71,mw,59,43,0.06265,0.31,ci,ci40214935,2023-07-11T01:44:55.040Z,"3km SSW of Heber, CA",earthquake,0.27,0.48,,4,reviewed,ci,ci
2023-07-02T09:29:49.230Z,33.827,-118.881,10.73,3.72,mw,109,151,0.1874,0.4,ci,ci40501968,2024-04-12T09:51:39.555Z,"21km SSW of Malibu, CA",earthquake,0.53,31.61,,6,reviewed,ci,ci
2023-05-18T15:55:53.710Z,40.2251667,-121.1346667,8.4,3.72,mw,47,35,0.02396,0.17,nc,nc73889641,2023-07-24T01:16:13.040Z,"3km NE of Prattville, CA",earthquake,0.25,0.5,,4,reviewed,nc,nc
2023-07-16T10:37:34.290Z,31.5368333,-115.667,8.84,3.73,ml,13,66,0.1761,0.27,ci,ci37557572,2023-09-28T21:33:30.040Z,"88km ESE of Maneadero, B.C., MX",earthquake,0.43,1.92,0.137,8,reviewed,ci,ci
2024-02-05T01:06:53.130Z,35.3936667,-118.2256667,7.19,3.78,mw,60,20,0.1587,0.15,ci,ci40662944,2024-04-18T19:48:53.060Z,"32 km SE of Bodfish, CA",earthquake,0.12,0.74,,4,reviewed,ci,ci
2023-05-12T02:54:45.390Z,40.196,-121.1003333,4.79,3.79,mw,50,46,0.06211,0.18,nc,nc73886856,2023-07-22T19:16:56.040Z,"4km NW of Canyondam, CA",earthquake,0.28,0.63,,4,reviewed,nc,nc
2024-03-05T07:37:56.969Z,32.427,-102.113,6.2744,3.8,ml,56,86,0.1,0.2,tx,tx2024enni,2024-04-17T07:36:46.633Z,"37 km SSW of Los Ybanez, Texas",earthquake,0.976259895,0.691551036,0.2,66,reviewed,tx,tx
2024-03-04T21:02:46.579Z,40.4036,-116.3653,9.8,3.8,ml,8,85.2,0.53,0.132,nn,nn00874165,2024-03-18T05:05:42.391Z,"17 km E of Crescent Valley, Nevada",earthquake,,7.3,0.38,5,reviewed,nn,nn
2024-02-28T17:38:21.971Z,31.4139,-114.229,13.339,3.8,ml,25,213,0.652,0.6,us,us6000mfmk,2024-04-08T16:24:47.040Z,"39 km SE of Golfo de Santa Clara, Mexico",earthquake,2.62,7.282,0.043,70,reviewed,us,us
2024-02-26T13:31:37.508Z,31.5058,-114.4013,10,3.8,ml,28,78,0.605,0.92,us,us7000m1m1,2024-04-08T16:01:14.238Z,"22 km SSE of Golfo de Santa Clara, Mexico",earthquake,2.09,1.992,0.052,48,reviewed,us,us
2023-12-27T17:46:56.360Z,35.77166667,-90.19083333,11.2,3.8,mw,80,58,0.03771,0.19,nm,nm60563441,2024-03-02T21:39:32.040Z,"6 km NE of Etowah, Arkansas",earthquake,0.26,0.37,,0,reviewed,nm,nm
2023-12-18T23:55:11.816Z,36.8446,-104.8009,6.816,3.8,ml,32,59,0.066,0.4,us,us7000ljyj,2024-02-27T22:57:01.040Z,"31 km S of Segundo, Colorado",earthquake,4.56,5.642,0.043,103,reviewed,us,us
2023-12-14T01:14:48.329Z,32.759,-100.643,7.8744,3.8,ml,22,51,0.1,0.1,tx,tx2023ykca,2024-02-17T22:43:09.040Z,"17 km NE of Hermleigh, Texas",earthquake,0.720821694,1.10977718,0.2,12,reviewed,tx,tx
2023-12-13T15:47:58.913Z,31.737,-104.112,7.4684,3.8,ml,42,52,0,0.2,tx,tx2023yjji,2024-02-17T22:43:09.040Z,"48 km W of Mentone, Texas",earthquake,0.46734374,0.849321672,0.2,25,reviewed,tx,tx
2023-10-26T16:37:43.155Z,41.9509,-119.627,1.3,3.8,ml,9,118.95,0.505,0.1288,nn,nn00867904,2024-01-04T04:22:19.040Z,"44 km ENE of Fort Bidwell, California",earthquake,,2.2,0.13,7,reviewed,nn,nn
2023-08-26T13:30:11.770Z,31.61387718,-104.4957689,6.902807617,3.8,ml,47,138,0.054982027,0.2,tx,tx2023qsaz,2023-10-28T19:15:38.040Z,"63 km S of Whites City, New Mexico",earthquake,1.165787626,0.858726603,0.2,23,reviewed,tx,tx
2023-08-22T06:15:17.593Z,31.61195834,-103.9895253,8.342456055,3.8,ml,26,58,0.017690672,0.1,tx,tx2023qkep,2023-10-28T19:15:34.040Z,"37 km NNW of Toyah, Texas",earthquake,0.693185223,0.71846262,0.3,19,reviewed,tx,tx
2023-08-13T15:28:58.920Z,40.9506667,-124.2655,22.99,3.8,mw,54,172,0.1349,0.14,nc,nc73923661,2023-10-27T21:39:00.040Z,"14 km W of McKinleyville, CA",earthquake,0.32,0.32,,10,reviewed,nc,nc
2023-07-23T20:52:06.293Z,34.7585,-112.4319,5,3.8,ml,27,42,0.375,1.08,us,us7000khv5,2023-12-04T07:06:06.384Z,"2 km E of Chino Valley, Arizona",earthquake,1.96,1.938,0.028,166,reviewed,us,us
2023-07-19T04:22:09.551Z,28.97369385,-98.28136489,4.621948242,3.8,ml,23,55,0.147668758,0.2,tx,tx2023nzxt,2023-09-28T21:33:46.040Z,"19 km E of Pleasanton, Texas",earthquake,1.107095348,2.128302548,0.1,7,reviewed,tx,tx
2023-07-16T04:36:09.978Z,38.5412,-118.1622,8,3.8,mw,20,38.96,0.37,0.1877,nn,nn00862704,2023-09-28T21:33:23.040Z,"17 km NNW of Mina, Nevada",earthquake,,1.2,,,reviewed,nn,nn
2023-07-12T15:02:39.764Z,31.55997914,-104.0939955,6.118713379,3.8,ml,26,63,0.030808084,0.1,tx,tx2023nnyj,2023-09-16T19:16:11.040Z,"39 km NW of Toyah, Texas",earthquake,0.520540636,0.351724605,0.2,19,reviewed,tx,tx
2023-05-19T18:37:30.445Z,31.608853,-103.9904524,8.715222168,3.8,ml,19,60,0.018529522,0.1,tx,tx2023jtoh,2023-07-24T01:15:46.040Z,"37 km NNW of Toyah, Texas",earthquake,0.436173828,0.374468665,0.1,11,reviewed,tx,tx
2023-05-18T01:04:17.102Z,35.3661,-107.5612,5,3.8,ml,31,58,0.995,0.81,us,us6000kcpy,2023-07-24T01:16:19.040Z,"8 km ENE of San Mateo, New Mexico",earthquake,3.68,1.948,0.052,48,reviewed,us,us
2023-05-10T23:20:50.829Z,31.52984619,-104.1643245,7.214152018,3.8,ml,43,65,0.058482363,0.1,tx,tx2023jdmd,2023-07-22T19:16:42.040Z,"42 km NW of Toyah, Texas",earthquake,0.63206365,0.847057608,0.2,24,reviewed,tx,tx
2023-07-14T10:37:08.530Z,31.5298333,-114.3758333,5.97,3.81,ml,12,133,0.5315,0.35,ci,ci39612546,2023-10-16T23:34:15.770Z,"95km SE of Estacion Coahuila, B.C., MX",earthquake,0.54,31.61,0.129,56,reviewed,ci,ci
2024-02-05T08:56:19.480Z,32.38,-115.4788333,11.04,3.82,ml,43,63,0.1522,0.34,ci,ci40663112,2024-03-13T12:22:34.040Z,"24 km SSW of Puebla, B.C., MX",earthquake,0.41,1.09,0.156,162,reviewed,ci,ci
2023-12-01T07:16:47.490Z,37.4328333,-113.1191667,11.43,3.86,ml,26,78,0.07676,0.18,uu,uu60555582,2024-02-06T21:53:56.040Z,"13 km SSE of Kanarraville, Utah",earthquake,0.4,0.59,0.235,26,reviewed,uu,uu
2023-07-17T03:46:31.060Z,31.5365,-115.6796667,6.52,3.86,ml,16,67,0.1699,0.18,ci,ci39614514,2023-09-28T21:33:34.040Z,"86km ESE of Maneadero, B.C., MX",earthquake,0.24,1.33,0.144,75,reviewed,ci,ci
2023-11-05T05:12:57.650Z,32.8643333,-115.7388333,13.16,3.87,ml,70,39,0.01633,0.31,ci,ci39708250,2024-01-13T23:10:02.040Z,"16 km W of Imperial, CA",earthquake,0.24,0.52,0.163,138,reviewed,ci,ci
2023-10-08T21:30:23.900Z,38.8271667,-122.804,1.75,3.87,mw,108,20,0.006058,0.06,nc,nc73947486,2023-12-16T22:13:05.040Z,"7 km NW of The Geysers, CA",earthquake,0.07,0.11,,3,reviewed,nc,nc
2023-07-04T14:58:49.570Z,40.3898333,-124.4095,29.86,3.88,mw,38,223,0.1018,0.16,nc,nc73908746,2023-09-09T21:54:46.040Z,"13km NW of Petrolia, CA",earthquake,0.7,0.45,,4,reviewed,nc,nc
2023-04-13T07:42:10.810Z,38.7865,-122.7635,2.01,3.88,mw,101,31,0.01441,0.06,nc,nc73872965,2023-06-17T21:36:50.040Z,"1km NNW of The Geysers, CA",earthquake,0.08,0.13,,3,reviewed,nc,nc
2024-03-17T14:53:53.380Z,40.5575,-123.6748333,35.06,3.89,mw,53,33,0.1105,0.13,nc,nc74018946,2024-04-19T18:36:12.527Z,"36 km E of Hydesville, CA",earthquake,0.25,0.58,,3,reviewed,nc,nc
2023-08-22T11:39:19.080Z,34.4191667,-119.1645,4.89,3.89,mw,117,23,0.02849,0.36,ci,ci39647202,2023-10-28T19:15:34.040Z,"8 km ESE of Ojai, CA",earthquake,0.23,0.53,,6,reviewed,ci,ci
2023-08-08T10:17:23.900Z,47.604,-121.772,15.88,3.89,ml,145,48,0.1053,0.38,uw,uw61939452,2024-03-20T22:08:48.060Z,"9 km NNE of Snoqualmie, Washington",earthquake,0.43,31.61,0.170664211,216,reviewed,uw,uw
2024-03-03T09:15:23.955Z,31.611,-103.99,8.4454,3.9,ml,28,58,0,0.1,tx,tx2024ejzm,2024-04-10T14:31:41.121Z,"37 km NNW of Toyah, Texas",earthquake,0.376100401,0.358774954,0.3,25,reviewed,tx,tx
2024-02-17T03:49:04.973Z,28.955,-98.01,7.9346,3.9,ml,23,70,0,0.2,tx,tx2024dief,2024-03-09T02:59:53.507Z,"3 km SSE of Falls City, Texas",earthquake,0.858084771,1.400085974,0.1,15,reviewed,tx,tx
2024-02-15T04:49:30.731Z,31.4204,-114.2961,10,3.9,ml,34,102,0.61,0.98,us,us7000lzbq,2024-04-17T03:33:55.704Z,"35 km SSE of Golfo de Santa Clara, Mexico",earthquake,2.19,1.991,0.047,60,reviewed,us,us
2024-02-13T20:08:28.424Z,31.68,-104.416,6.1316,3.9,ml,66,69,0,0.2,tx,tx2024dccm,2024-02-28T16:52:58.120Z,"55 km S of Whites City, New Mexico",earthquake,0.715769585,0.734627315,0,42,reviewed,tx,tx
2024-02-12T08:59:51.690Z,32.794,-115.5618333,15.71,3.9,mw,69,25,0.05065,0.29,ci,ci40666488,2024-03-27T13:43:40.409Z,"1 km NNW of El Centro, CA",earthquake,0.24,0.38,,6,reviewed,ci,ci
2023-12-30T19:32:33.585Z,31.616,-103.975,7.7383,3.9,ml,36,54,0,0.1,tx,tx2023zosh,2024-03-02T21:39:34.040Z,"36 km WSW of Mentone, Texas",earthquake,0.460319821,0.622913158,0.1,29,reviewed,tx,tx
2023-12-17T19:34:55.095Z,31.618,-103.968,6.71,3.9,ml,17,67,0,0.1,tx,tx2023yqyv,2024-02-27T22:57:00.040Z,"36 km WSW of Mentone, Texas",earthquake,0.378505032,0.38148193,0.2,13,reviewed,tx,tx
2023-12-08T23:21:52.112Z,43.92,-111.0723,9.987,3.9,mwr,26,67,0.282,0.41,us,us7000lhmj,2024-02-10T23:47:44.040Z,"13 km NNE of Tetonia, Idaho",earthquake,1.54,9.763,,9,reviewed,us,slm
2023-10-18T09:22:17.012Z,31.671,-104.371,6.183,3.9,ml(texnet),25,57,0,0.2,tx,tx2023ukol,2023-12-26T21:24:32.040Z,"55 km S of Whites City, New Mexico",earthquake,0.815098486,0.857509854,0.1,13,reviewed,tx,tx
2023-10-18T05:41:02.785Z,31.69,-104.444,5.6174,3.9,ml(texnet),37,44,0,0.2,tx,tx2023ukhe,2023-12-26T21:24:31.040Z,western Texas,earthquake,0.811720077,0.54886393,0.1,19,reviewed,tx,tx
2023-09-22T20:15:58.090Z,32.685,-100.689,6.774,3.9,ml(texnet),23,56,0,0.1,tx,tx2023spwx,2023-12-02T23:01:11.040Z,"8 km NE of Hermleigh, Texas",earthquake,0.751756967,1.262697308,0,6,reviewed,tx,tx
2023-05-22T22:59:55.841Z,31.61062189,-103.9766083,7.828295898,3.9,ml,16,60,0.036287084,0.2,tx,tx2023jzjn,2023-07-29T22:00:29.040Z,"37 km NNW of Toyah, Texas",earthquake,0.807453328,0.775911012,0.1,13,reviewed,tx,tx
2023-08-21T05:25:16.970Z,34.4096667,-119.1915,1.83,3.94,mw,105,27,0.05227,0.36,ci,ci39646098,2024-04-08T03:48:46.347Z,"6 km SE of Ojai, CA",earthquake,0.22,0.46,,4,reviewed,ci,ci
2023-08-20T22:18:16.380Z,34.4118333,-119.1921667,9.79,3.94,mw,100,27,0.05166,0.35,ci,ci39645626,2024-04-07T07:04:37.817Z,"6 km SE of Ojai, CA",earthquake,0.25,0.62,,4,reviewed,ci,ci
2024-02-03T20:14:14.570Z,40.4706667,-124.5193333,25.05,3.95,mw,41,242,0.1388,0.13,nc,nc73998256,2024-04-13T19:36:56.040Z,"25 km WSW of Ferndale, CA",earthquake,0.77,0.59,,3,reviewed,nc,nc
2023-08-25T14:14:45.620Z,38.8246667,-122.8105,3.04,3.96,mw,107,18,0.001313,0.07,nc,nc73928421,2023-10-28T19:15:37.040Z,"7 km NW of The Geysers, CA",earthquake,0.08,0.12,,5,reviewed,nc,nc
2023-07-13T01:42:53.250Z,31.7611667,-115.9215,12.58,3.96,ml,20,56,0.244,0.19,ci,ci39611306,2023-09-16T19:16:12.040Z,"61km E of Maneadero, B.C., MX",earthquake,0.28,0.92,0.169,230,reviewed,ci,ci
2023-09-19T00:15:32.580Z,37.4418333,-121.2848333,0.05,3.97,mw,167,93,0.05643,0.17,nc,nc73938626,2023-12-02T23:01:07.040Z,"14 km SSW of Westley, CA",earthquake,0.15,0.21,,3,reviewed,nc,nc
2024-02-23T09:47:07.805Z,32.6309,-104.4155,4.944,4,mwr,56,43,0.236,0.6,us,us7000m11m,2024-03-19T10:34:50.428Z,"15 km S of Atoka, New Mexico",earthquake,2.75,4.64,0.045,48,reviewed,us,us
2024-02-10T10:07:01.538Z,26.2021,-110.7497,10,4,mb,24,173,2.129,0.76,us,us7000ly9s,2024-03-13T01:49:13.040Z,"63 km ENE of Loreto, Mexico",earthquake,7.52,1.975,0.138,15,reviewed,us,us
2024-02-08T03:48:06.519Z,28.554,-78.8645,7.991,4,mb,56,121,2.011,0.73,us,us7000lxp2,2024-04-11T13:42:20.637Z,"171 km E of Cape Canaveral, Florida",earthquake,6.35,8.035,0.299,3,reviewed,us,us
2024-01-26T21:18:33.430Z,26.2699,-110.5853,10,4,mb,40,138,1.812,0.71,us,us7000lvc6,2024-03-30T22:35:12.040Z,"81 km ENE of Loreto, Mexico",earthquake,6.94,1.923,0.13,16,reviewed,us,us
2024-01-03T13:58:10.385Z,31.3134,-114.263,10,4,ml,22,172,0.693,0.41,us,us6000m1f4,2024-03-09T21:39:02.040Z,"47 km SSE of Golfo de Santa Clara, Mexico",earthquake,3.24,1.98,0.042,76,reviewed,us,us
2023-12-17T20:19:14.288Z,47.2078,-76.6533,9.892,4,mb,38,70,1.234,0.66,us,us7000ljqr,2024-02-27T22:57:00.040Z,"93 km NNW of Saint-Boniface, Canada",earthquake,2.53,6.309,0.125,19,reviewed,us,us
2023-12-04T23:59:09.290Z,31.666,-104.376,6.5943,4,ml,21,69,0,0.2,tx,tx2023xtoa,2024-02-10T23:47:32.040Z,"56 km S of Whites City, New Mexico",earthquake,1.173953394,1.042688788,0,7,reviewed,tx,tx
2023-11-11T00:18:41.947Z,39.0549,-97.635,5,4,mwr,49,37,0.8,0.44,us,us7000la9a,2024-01-13T23:11:29.040Z,"4 km NW of Bennington, Kansas",earthquake,2.54,1.836,0.032,93,reviewed,us,us
2023-10-09T13:59:24.800Z,28.966,-97.62,3.9861,4,ml(texnet),30,92,0.1,0.3,tx,tx2023tumb,2023-12-16T22:13:06.040Z,"5 km NNW of Nordheim, Texas",earthquake,1.49659632,1.907328823,0.2,21,reviewed,tx,tx
2023-09-14T18:50:41.793Z,29.07531738,-97.86465993,5.428955078,4,ml,27,50,0.096886303,0.3,tx,tx2023sbec,2023-11-18T22:29:34.040Z,"18 km NE of Falls City, Texas",earthquake,1.486079629,2.0866699,0,6,reviewed,tx,tx
2023-09-14T07:32:51.010Z,28.0038,-112.1522,10,4,mb,29,120,0.686,0.54,us,us7000kvns,2023-11-18T22:29:34.040Z,"74 km N of Santa Rosalía, Mexico",earthquake,4.92,1.99,0.172,9,reviewed,us,us
2023-08-26T08:38:44.398Z,36.972,-104.9309,4,4,mwr,82,44,0.178,0.74,us,us7000kr5e,2023-10-28T19:15:38.040Z,"19 km SSW of Weston, Colorado",earthquake,5.24,1.871,0.031,100,reviewed,us,us
2023-08-22T22:58:00.335Z,31.66055222,-104.3164618,7.93112793,4,ml,40,68,0.045331204,0.2,tx,tx2023qlls,2023-10-28T19:15:35.040Z,"57 km S of Whites City, New Mexico",earthquake,0.789749523,0.856654298,0.1,24,reviewed,tx,tx
2023-07-04T16:43:35.109Z,26.8818,-111.317,10,4,mb,80,136,0.932,0.8,us,us6000kq2f,2023-09-09T21:54:47.040Z,"66 km E of Mulegé, Mexico",earthquake,6.09,1.962,0.093,31,reviewed,us,us
2023-05-05T07:41:05.170Z,28.0496,-112.14,10,4,mb,15,118,0.733,0.61,us,us6000k9n1,2023-07-15T22:09:47.040Z,"79 km N of Santa Rosalía, Mexico",earthquake,3.41,1.901,0.3,3,reviewed,us,us
2023-04-15T19:35:24.134Z,25.6536,-105.0195,10,4,mb,43,66,1.403,0.73,us,us6000k4se,2023-06-17T21:36:57.040Z,"35 km SE of Indé, Mexico",earthquake,4.26,1.967,0.173,9,reviewed,us,us
2023-11-03T20:12:18.460Z,34.4215,-119.1696667,6.91,4.02,mw,105,25,0.03072,0.29,ci,ci39706674,2024-01-15T15:21:37.205Z,"7 km ESE of Ojai, CA",earthquake,0.19,0.51,,5,reviewed,ci,ci
2023-10-16T10:31:25.060Z,40.756,-124.5208333,23.63,4.03,mw,75,204,0.2389,0.17,nc,nc73947835,2024-03-08T16:43:16.406Z,"28 km W of Humboldt Hill, CA",earthquake,0.44,0.74,,4,reviewed,nc,nc
2024-02-14T07:53:13.600Z,33.1276667,-115.623,9.84,4.04,mw,74,41,0.03654,0.26,ci,ci40669624,2024-03-27T12:57:06.123Z,"10 km N of Westmorland, CA",earthquake,0.2,0.41,,7,reviewed,ci,ci
2023-12-24T15:14:04.220Z,47.81966667,-122.96,52.39,4.04,ml,132,20,0.03345,0.33,uw,uw61977871,2024-03-02T21:39:39.040Z,"6 km W of Quilcene, Washington",earthquake,0.29,0.51,0.18516389,104,reviewed,uw,uw
2024-02-12T08:38:34.290Z,32.8161667,-115.5866667,13.64,4.05,mw,66,38,0.05836,0.34,ci,ci40666320,2024-04-16T09:09:32.091Z,"4 km SSW of Imperial, CA",earthquake,0.29,0.59,,5,reviewed,ci,ci
2024-01-01T16:27:32.250Z,33.5798333,-118.3703333,11.44,4.06,mw,138,116,0.147,0.28,ci,ci40453591,2024-04-05T15:30:46.987Z,"18 km S of Rancho Palos Verdes, CA",earthquake,0.26,0.44,,5,reviewed,ci,ci
2023-08-17T21:08:00.860Z,40.3183333,-124.2343333,31.93,4.07,mw,42,49,0.03838,0.13,nc,nc73925281,2023-10-27T21:39:03.040Z,"4 km E of Petrolia, CA",earthquake,0.36,0.46,,5,reviewed,nc,nc
2024-04-05T01:34:25.410Z,40.0331667,-121.3163333,5.38,4.08,mw,187,22,0.2512,0.33,nc,nc74029551,2024-04-16T19:53:13.040Z,"6 km WNW of Belden, CA",earthquake,0.19,0.51,,5,reviewed,nc,nc
2023-10-01T15:41:29.620Z,40.2951667,-124.287,9.8,4.09,mw,42,105,0.02685,0.17,nc,nc73944166,2023-12-14T21:26:50.040Z,"3 km S of Petrolia, CA",earthquake,0.37,0.23,,4,reviewed,nc,nc
2023-04-29T12:07:03.500Z,32.711,-115.5448333,10.43,4.09,mw,57,43,0.05872,0.3,ci,ci40214151,2023-09-22T20:47:32.946Z,"3 km SSW of Heber, CA",earthquake,0.25,0.51,,6,reviewed,ci,ci
2024-03-20T21:08:08.372Z,26.0918,-110.6844,10,4.1,mb,29,141,1.561,1.14,us,us6000mk43,2024-04-16T02:52:49.040Z,"67 km E of Loreto, Mexico",earthquake,5.01,1.967,0.119,19,reviewed,us,us
2024-02-12T06:46:49.334Z,25.3643,-110.1136,10,4.1,mb,18,177,2.727,0.4,us,us7000lzmf,2024-04-16T09:15:14.040Z,"91 km WSW of Campo Pesquero el Colorado, Mexico",earthquake,9.13,1.907,0.106,24,reviewed,us,us
2024-02-10T19:51:53.560Z,25.6846,-111.1439,10,4.1,mb,47,66,1.749,0.6,us,us7000lycp,2024-03-15T22:46:54.040Z,"41 km SSE of Loreto, Mexico",earthquake,7.79,1.906,0.124,18,reviewed,us,us
2024-02-04T14:41:37.216Z,26.1247,-110.8412,10,4.1,mb,60,147,1.705,1.13,us,us7000lwy3,2024-04-13T19:37:39.040Z,"52 km ENE of Loreto, Mexico",earthquake,6.95,1.945,0.07,59,reviewed,us,us
2024-01-13T11:36:21.920Z,35.6715,-97.41,6.58,4.1,mwr,98,39,0,0.13,ok,ok2024awva,2024-03-19T05:14:14.225Z,"6 km ENE of Edmond, Oklahoma",earthquake,,0.3,,46,reviewed,ok,us
2023-12-09T11:20:55.843Z,28.0706,-112.189,10,4.1,mb,24,133,0.749,0.94,us,us7000lhqi,2024-02-10T23:47:45.040Z,"81 km N of Santa Rosalía, Mexico",earthquake,5.31,1.974,0.151,12,reviewed,us,us
2023-11-11T03:15:24.730Z,40.417,-124.8208333,17.42,4.1,mw,143,221,0.3735,0.21,nc,nc73961261,2024-01-13T23:11:30.040Z,"46 km WNW of Petrolia, CA",earthquake,0.5,0.54,,4,reviewed,nc,nc
2023-11-05T00:49:51.985Z,32.309,-101.827,6.9941,4.1,ml(texnet),25,59,0,0.1,tx,tx2023vqus,2024-01-13T23:10:01.040Z,"20 km N of Stanton, Texas",earthquake,0.407548848,0.65222869,0.2,94,reviewed,tx,tx
2023-11-04T23:39:55.917Z,32.312,-101.828,6.7251,4.1,ml(texnet),30,45,0,0.1,tx,tx2023vqsh,2024-01-10T06:01:58.040Z,"20 km N of Stanton, Texas",earthquake,0.373396835,0.58943998,0.3,24,reviewed,tx,tx
2023-07-23T19:35:11.701Z,28.0837,-112.1731,10,4.1,mb,40,132,0.763,0.59,us,us7000khur,2023-09-30T21:36:39.040Z,"82 km N of Santa Rosalía, Mexico",earthquake,6.45,1.953,0.08,43,reviewed,us,us
2023-07-23T18:05:24.989Z,28.1123,-112.1679,10,4.1,mb,83,132,0.792,0.66,us,us7000khud,2023-09-30T21:36:39.040Z,"81 km SSW of Bahía de Kino, Mexico",earthquake,6.32,1.948,0.058,83,reviewed,us,us
2023-06-19T14:18:55.951Z,37.3123,-104.4787,6,4.1,mwr,59,46,0.181,0.63,us,us7000k9kq,2023-08-26T20:54:23.040Z,Colorado,earthquake,1.51,1.87,0.04,61,reviewed,us,us
2023-06-03T08:21:52.309Z,26.9661,-111.483,10,4.1,mb,27,141,0.762,0.64,us,us7000k61s,2023-08-05T22:07:52.040Z,"50 km E of Mulegé, Mexico",earthquake,5.03,1.977,0.086,37,reviewed,us,us
2024-02-10T07:20:19.320Z,40.2828333,-124.526,9.29,4.11,mw,40,255,0.1404,0.2,nc,nc74000441,2024-03-13T05:00:00.715Z,"21 km WSW of Petrolia, CA",earthquake,0.53,0.58,,4,reviewed,nc,nc
2023-08-02T05:38:08.620Z,33.186,-115.5735,3.11,4.12,mw,67,89,0.03635,0.24,ci,ci39627442,2023-12-12T21:35:37.028Z,"8 km SW of Niland, CA",earthquake,0.22,0.3,,6,reviewed,ci,ci
2023-05-26T11:26:25.000Z,40.2266667,-121.1478333,6.71,4.13,mw,41,46,0.02109,0.18,nc,nc73890170,2023-07-29T22:00:40.040Z,"2km NNE of Prattville, CA",earthquake,0.27,0.64,,3,reviewed,nc,nc
2024-01-05T18:55:54.870Z,34.2583333,-117.5088333,9.11,4.15,mw,208,14,0.0327,0.23,ci,ci40455759,2024-03-11T05:10:29.945Z,"1 km W of Lytle Creek, CA",earthquake,0.1,0.27,,6,reviewed,ci,ci
2023-06-03T12:01:28.410Z,38.7961667,-122.7953333,0.84,4.17,md,23,81,0.006518,0.06,nc,nc71130559,2023-07-07T18:23:19.245Z,"4km WNW of The Geysers, CA",earthquake,0.16,0.31,0.198,15,reviewed,nc,nc
2024-01-26T21:28:13.530Z,38.7911667,-122.7575,2.78,4.18,mw,119,34,0.009601,0.1,nc,nc73994586,2024-03-30T22:34:20.040Z,"2 km N of The Geysers, CA",earthquake,0.1,0.15,,5,reviewed,nc,nc
2023-07-16T10:37:12.520Z,31.5388333,-115.6795,5.82,4.18,ml,18,67,0.172,0.25,ci,ci39614090,2023-09-28T21:33:26.040Z,"86km ESE of Maneadero, B.C., MX",earthquake,0.37,2.15,0.125,62,reviewed,ci,ci
2024-02-09T09:06:36.690Z,26.2621,-110.6396,10,4.2,mb,26,134,1.584,0.54,us,us7000lxyc,2024-03-13T12:46:40.040Z,"76 km ENE of Loreto, Mexico",earthquake,5.25,1.934,0.153,12,reviewed,us,us
2023-11-28T04:11:07.246Z,27.5951,-111.4402,10,4.2,mb,32,116,0.763,0.69,us,us7000le8s,2024-02-06T21:53:53.040Z,"56 km SW of San Carlos, Mexico",earthquake,4.54,1.953,0.079,44,reviewed,us,us
2023-11-23T23:14:34.607Z,32.409,-102.019,7.6054,4.2,ml,19,56,0.1,0.2,tx,tx2023wzka,2024-02-01T15:13:43.040Z,"31 km WSW of Ackerly, Texas",earthquake,1.197982683,1.98300421,0,6,reviewed,tx,tx
2023-07-14T22:26:08.750Z,44.6097,-112.5975,11.621,4.2,mwr,67,26,0.034,0.59,us,us7000kfv7,2023-09-16T19:16:16.040Z,"3 km S of Lima, Montana",earthquake,1.93,6.602,0.037,69,reviewed,us,us
2023-07-06T04:35:25.013Z,26,-110.3935,10,4.2,mb,57,131,1.891,0.65,us,us6000kqdh,2023-09-09T21:54:50.040Z,"95 km E of Loreto, Mexico",earthquake,6.03,1.933,0.075,50,reviewed,us,us
2023-05-03T08:03:44.612Z,27.6325,-111.5669,10,4.2,mb,44,80,0.675,1.09,us,us7000jxpy,2023-07-15T22:11:04.040Z,"62 km SW of San Carlos, Mexico",earthquake,4.52,1.902,0.199,7,reviewed,us,us
2023-09-30T17:16:47.830Z,40.501,-124.4385,29.09,4.22,mw,40,221,0.08112,0.14,nc,nc73943846,2023-12-09T22:00:42.040Z,"17 km WSW of Ferndale, CA",earthquake,0.66,0.51,,6,reviewed,nc,nc
2024-01-25T03:43:19.970Z,34.1116667,-117.3115,15.78,4.24,mw,170,15,0.0193,0.22,ci,ci39756418,2024-04-15T21:10:56.356Z,"3 km SW of San Bernardino, CA",earthquake,0.12,0.23,,6,reviewed,ci,ci
2023-10-28T05:40:18.740Z,38.5571667,-119.5103333,4.46,4.24,mw,23,112,0.02968,0.05,nc,nc73952605,2024-01-04T04:22:34.040Z,"5 km NNW of Walker, CA",earthquake,0.2,0.36,,6,reviewed,nc,nc
2023-10-18T16:29:14.990Z,38.127,-121.6428333,8.46,4.24,mw,157,20,0.04364,0.41,nc,nc73948665,2024-04-10T08:13:53.769Z,"5 km SW of Isleton, CA",earthquake,0.26,1.05,,4,reviewed,nc,nc
2024-01-13T03:46:28.449Z,35.66583333,-97.39816667,6.71,4.26,mwr,96,21,0,0.14,ok,ok2024awfn,2024-03-16T18:59:24.040Z,"6 km W of Arcadia, Oklahoma",earthquake,,0.3,,48,reviewed,ok,us
2023-05-21T03:26:29.610Z,37.2836667,-117.5835,5.29,4.26,mw,18,163,0.07104,0.17,ci,ci40230055,2023-07-29T22:00:24.040Z,"64km ENE of Big Pine, CA",earthquake,0.4,0.56,,6,reviewed,ci,ci
2023-04-30T07:58:19.380Z,33.2036667,-115.5858333,1.89,4.26,mw,68,90,0.03616,0.26,ci,ci40215735,2023-07-15T22:10:37.040Z,"7km WSW of Niland, CA",earthquake,0.22,0.35,,6,reviewed,ci,ci
2023-08-10T19:17:18.370Z,35.9345,-120.484,9.5,4.28,mw,72,54,0.01574,0.11,nc,nc73922596,2023-10-17T22:01:29.040Z,"6 km NW of Parkfield, CA",earthquake,0.14,0.2,,4,reviewed,nc,nc
2023-07-16T19:37:19.980Z,31.5421667,-114.3971667,5.97,4.28,mw,12,130,0.5109,0.54,ci,ci39614338,2023-09-28T21:33:31.040Z,"92km SE of Estacion Coahuila, B.C., MX",earthquake,0.83,31.61,,6,reviewed,ci,ci
2023-04-30T07:10:10.180Z,33.1893333,-115.5933333,1.88,4.29,mw,55,87,0.02213,0.29,ci,ci40215583,2024-01-31T19:18:29.824Z,"9 km SW of Niland, CA",earthquake,0.27,0.41,,6,reviewed,ci,ci
2024-02-10T12:17:51.246Z,26.1888,-110.7308,10,4.3,mb,63,140,1.758,0.57,us,us7000lya8,2024-03-16T13:35:16.040Z,"64 km ENE of Loreto, Mexico",earthquake,4.06,1.911,0.065,68,reviewed,us,us
2024-02-09T13:16:00.532Z,26.179,-110.5735,10,4.3,mb,42,134,1.875,1.12,us,us7000lxzc,2024-04-10T13:36:10.040Z,"79 km ENE of Loreto, Mexico",earthquake,5.78,1.912,0.038,195,reviewed,us,us
2024-02-08T00:57:30.709Z,26.204,-110.4898,10,4.3,mb,26,174,1.438,0.59,us,us7000lyxr,2024-03-14T00:18:16.040Z,"88 km ENE of Loreto, Mexico",earthquake,7.03,1.916,0.119,20,reviewed,us,us
2024-02-08T00:43:51.424Z,26.1106,-110.6213,10,4.3,mb,19,138,1.513,1.39,us,us7000lxnk,2024-03-14T00:21:53.040Z,"73 km E of Loreto, Mexico",earthquake,4.17,1.932,0.111,23,reviewed,us,us
2024-02-08T00:26:06.963Z,26.343,-110.3295,10,4.3,mb,25,120,1.376,0.97,us,us7000lyxu,2024-03-14T00:32:52.040Z,"79 km SW of Etchoropo, Mexico",earthquake,4.89,1.932,0.107,25,reviewed,us,us
2024-01-24T09:02:00.972Z,26.145,-110.6236,10,4.3,mb,37,137,1.86,0.71,us,us7000ltfm,2024-03-30T22:33:07.040Z,"74 km ENE of Loreto, Mexico",earthquake,5.31,1.934,0.11,23,reviewed,us,us
2023-11-10T15:30:44.470Z,38.1859,-117.8543,12.7,4.3,ml,13,43.65,0.104,0.1701,nn,nn00868733,2024-01-13T23:11:10.040Z,"31 km SE of Mina, Nevada",earthquake,,1.3,0.58,6,reviewed,nn,nn
2023-05-15T00:13:11.434Z,30.9615,-116.304,3.814,4.3,mwr,84,117,0.532,0.79,us,us6000kbxp,2023-07-24T01:16:52.040Z,"13 km W of Las Brisas, Mexico",earthquake,4.49,3.998,0.038,68,reviewed,us,us
2024-01-23T05:26:10.410Z,41.499,-124.2015,35.68,4.33,mw,74,163,0.2387,0.14,nc,nc73992726,2024-03-30T22:32:41.040Z,"16 km WSW of Klamath, CA",earthquake,0.39,0.34,,3,reviewed,nc,nc
2023-09-08T17:25:05.950Z,40.9618333,-121.5705,12.44,4.33,ml,15,90,0.07524,0.05,nc,nc71131324,2023-11-17T19:47:46.040Z,"12 km NE of Burney, CA",earthquake,0.23,0.42,0.009,4,reviewed,nc,nc
2023-04-30T07:09:34.500Z,33.2008333,-115.59,2.04,4.33,mw,65,88,0.0317,0.25,ci,ci40215575,2023-07-15T22:10:36.040Z,"8km WSW of Niland, CA",earthquake,0.24,0.35,,6,reviewed,ci,ci
2023-10-09T02:21:08.810Z,48.03283333,-122.7065,56.95,4.34,ml,143,26,0.05452,0.25,uw,uw61965081,2024-04-05T14:40:05.693Z,"Port Townsend, WA",earthquake,0.28,0.44,0.161461876,140,reviewed,uw,uw
2023-06-18T03:44:59.090Z,39.0893333,-123.0895,10.52,4.35,mw,92,64,0.04182,0.11,nc,nc73902356,2023-08-26T20:54:16.040Z,"8km SE of Talmage, CA",earthquake,0.13,0.35,,4,reviewed,nc,nc
2024-04-10T18:46:45.192Z,32.32,-101.818,4.7363,4.4,ml,15,56,0,0,tx,tx2024hcdm,2024-04-18T18:56:25.501Z,"21 km N of Stanton, Texas",earthquake,0.56216647,1.173472761,0.2,34,reviewed,tx,tx
2024-02-17T06:20:21.900Z,28.954,-98.005,8.4473,4.4,ml,25,68,0,0.2,tx,tx2024dijf,2024-03-02T10:35:52.859Z,"3 km SSE of Falls City, Texas",earthquake,0.927755241,1.297648952,0.1,13,reviewed,tx,tx
2024-02-06T21:00:12.370Z,26.161,-110.6583,10,4.4,mb,30,138,1.561,0.87,us,us7000lxe3,2024-03-16T00:13:30.040Z,"71 km ENE of Loreto, Mexico",earthquake,4.39,1.609,0.087,38,reviewed,us,us
2024-01-23T21:26:56.104Z,26.1574,-110.7572,10,4.4,mb,71,142,1.761,0.87,us,us7000ltaw,2024-03-30T22:32:54.040Z,"61 km ENE of Loreto, Mexico",earthquake,5.57,1.947,0.093,33,reviewed,us,us
2023-05-13T03:04:16.677Z,26.4438,-111.0277,10,4.4,mb,43,149,1.391,1.32,us,us6000kbm0,2023-07-22T19:17:14.040Z,"Baja California Sur, Mexico",earthquake,5.59,1.887,0.048,125,reviewed,us,us
2024-04-05T01:34:49.830Z,40.04,-121.3006667,7.76,4.42,mw,37,50,0.2392,0.17,nc,nc71133194,2024-04-16T19:57:17.040Z,"6 km NW of Belden, CA",earthquake,0.24,2.58,,4,reviewed,nc,nc
2024-01-15T10:44:10.130Z,32.4636667,-118.2878333,5.91,4.43,mw,9,246,0.5592,0.18,ci,ci40460015,2024-04-11T17:51:21.581Z,"40 km S of San Clemente Is. (SE tip), CA",earthquake,1.86,31.61,,6,reviewed,ci,ci
2023-04-12T05:39:51.750Z,38.8351667,-122.8068333,2.45,4.43,mw,103,24,0.01202,0.07,nc,nc73871215,2023-07-14T15:13:58.684Z,"7km WNW of Cobb, CA",earthquake,0.08,0.12,,4,reviewed,nc,nc
2023-06-03T12:01:18.960Z,38.7921667,-122.7785,3.83,4.45,mw,106,25,0.007429,0.06,nc,nc73895826,2023-08-05T22:07:53.040Z,"2km NW of The Geysers, CA",earthquake,0.1,0.15,,4,reviewed,nc,nc
2024-02-18T04:41:13.072Z,26.2637,-110.731,10,4.5,mb,47,167,1.711,1.11,us,us7000lzyk,2024-04-16T21:19:49.040Z,"67 km ENE of Loreto, Mexico",earthquake,9.59,1.919,0.065,71,reviewed,us,us
2024-02-10T05:18:49.765Z,26.2077,-110.7458,10,4.5,mb,32,90,1.736,1.03,us,us7000ly7p,2024-03-13T04:44:30.040Z,"64 km ENE of Loreto, Mexico",earthquake,4.93,1.924,0.11,24,reviewed,us,us
2024-01-24T06:51:50.268Z,26.1557,-110.7347,10,4.5,mb,56,141,1.777,0.96,us,us7000ltei,2024-03-30T22:33:05.040Z,"63 km ENE of Loreto, Mexico",earthquake,5.32,1.896,0.077,50,reviewed,us,us
2024-01-03T14:23:34.118Z,27.4879,-111.3862,10,4.5,mb,77,97,0.778,0.71,us,us6000m1f8,2024-03-09T21:39:02.040Z,"62 km SSW of San Carlos, Mexico",earthquake,4.12,1.826,0.071,59,reviewed,us,us
2023-11-13T07:07:48.263Z,25.7449,-110.139,10,4.5,mb,145,131,1.002,0.59,us,us7000lale,2024-01-26T16:37:37.040Z,"81 km W of Las Grullas Margen Derecha, Mexico",earthquake,4.39,1.899,0.05,119,reviewed,us,us
2023-08-09T20:03:08.589Z,25.7684,-110.0928,10,4.5,mb,75,172,2.468,0.67,us,us6000kyxh,2023-10-17T22:01:29.040Z,"76 km W of Las Grullas Margen Derecha, Mexico",earthquake,6.18,1.659,0.046,143,reviewed,us,us
2023-07-19T07:34:23.821Z,39.5107,-116.5364,3.7,4.5,mw,8,46.24,0.842,0.4058,nn,nn00862970,2023-09-28T21:33:47.040Z,"45 km E of Austin, Nevada",earthquake,,9.7,,,reviewed,nn,nn
2023-05-14T15:18:15.416Z,30.9225,-116.4154,10,4.5,mwr,109,180,0.443,0.75,us,us6000kbvb,2023-07-24T01:16:58.040Z,"24 km W of Las Brisas, Mexico",earthquake,5.25,1.855,0.031,102,reviewed,us,us
2023-04-19T16:07:01.146Z,32.6203,-70.8364,10,4.5,mb,120,71,5.194,1,us,us6000k5k8,2023-07-03T02:47:08.040Z,off the east coast of the United States,earthquake,8.55,1.802,0.054,100,reviewed,us,us
2023-09-19T04:13:10.380Z,37.4381667,-121.2958333,3.51,4.53,mw,174,91,0.05369,0.18,nc,nc73938736,2023-12-02T23:01:08.040Z,"15 km SW of Westley, CA",earthquake,0.17,0.5,,5,reviewed,nc,nc
2024-02-12T08:42:48.620Z,32.7998333,-115.5655,15.76,4.56,mw,69,39,0.0541,0.3,ci,ci40666368,2024-03-27T11:09:03.359Z,"2 km NNW of El Centro, CA",earthquake,0.25,0.39,,6,reviewed,ci,ci
2023-07-16T19:16:05.100Z,31.5663333,-114.4146667,5.97,4.57,mw,14,127,0.4826,0.33,ci,ci39614322,2023-09-28T21:33:31.040Z,"89km SE of Estacion Coahuila, B.C., MX",earthquake,0.53,31.61,,6,reviewed,ci,ci
2024-02-21T13:05:35.944Z,26.0831,-110.7502,10,4.6,mb,58,169,1.815,0.53,us,us7000m0jh,2024-04-05T10:39:27.040Z,"60 km E of Loreto, Mexico",earthquake,9.64,1.938,0.077,50,reviewed,us,us
2024-02-09T20:05:29.564Z,25.856,-110.7076,10,4.6,mww,77,167,1.526,0.75,us,us7000ly2s,2024-03-14T21:10:52.040Z,"66 km ESE of Loreto, Mexico",earthquake,9.23,1.953,0.078,16,reviewed,us,us
2023-05-10T08:55:32.823Z,25.2588,-109.5992,10,4.6,mb,70,102,0.609,1.25,us,us6000kate,2023-07-22T19:16:36.040Z,Gulf of California,earthquake,3.66,1.697,0.066,71,reviewed,us,us
2024-02-09T21:47:27.320Z,34.0575,-118.9076667,15.28,4.61,mw,139,120,0.0536,0.28,ci,ci40664632,2024-04-19T15:48:02.237Z,"11 km WNW of Malibu, CA",earthquake,0.23,0.28,,6,reviewed,ci,ci
2023-09-30T15:26:26.760Z,40.5588333,-124.2886667,17.88,4.65,mw,45,166,0.02573,0.2,nc,nc73943821,2023-12-09T22:00:42.040Z,"3 km SW of Ferndale, CA",earthquake,0.44,0.29,,5,reviewed,nc,nc
2024-02-29T13:47:08.263Z,26.0693,-110.5557,10,4.7,mb,31,136,1.444,0.94,us,us6000mgxb,2024-04-08T16:11:50.040Z,"79 km E of Loreto, Mexico",earthquake,5.86,1.945,0.224,6,reviewed,us,us
2024-02-17T06:32:54.205Z,28.958,-98.005,2.1973,4.7,ml,28,69,0,0.3,tx,tx2024dijp,2024-03-17T20:53:48.841Z,"3 km SSE of Falls City, Texas",earthquake,1.218898753,2.31082466,0.2,18,reviewed,tx,tx
2024-02-04T23:22:42.705Z,26.2253,-110.6466,10,4.7,mww,28,136,1.575,0.85,us,us7000lwzq,2024-04-13T19:38:03.040Z,"74 km ENE of Loreto, Mexico",earthquake,3.26,1.885,0.078,16,reviewed,us,us
2024-01-24T08:06:40.032Z,26.2192,-110.7465,10,4.7,mb,67,145,1.728,0.87,us,us7000ltf5,2024-03-30T22:33:07.040Z,"64 km ENE of Loreto, Mexico",earthquake,7.61,1.895,0.052,114,reviewed,us,us
2023-05-10T09:28:39.770Z,25.4361,-109.7955,10,4.7,mb,79,111,0.702,0.79,us,us6000katj,2023-07-22T19:16:36.040Z,"60 km SW of Campo Pesquero el Colorado, Mexico",earthquake,5.82,1.883,0.074,56,reviewed,us,us
2024-04-05T14:23:20.309Z,40.689,-74.754,4.7,4.8,mwr,233,54,0.642,0.66,us,us7000ma74,2024-04-20T16:28:01.852Z,"2024 Whitehouse Station, New Jersey Earthquake",earthquake,2.02,1.84,0.027,130,reviewed,us,us
2024-02-08T09:22:05.345Z,26.1265,-110.587,10,4.8,mww,82,147,1.489,1.11,us,us7000lxq4,2024-03-20T13:50:26.040Z,"77 km E of Loreto, Mexico",earthquake,2.87,1.876,0.051,37,reviewed,us,us
2023-12-01T07:43:27.480Z,32.7518333,-115.8728333,8.69,4.8,mw,95,29,0.1121,0.26,ci,ci39720706,2024-02-13T17:10:27.150Z,"11 km E of Ocotillo, CA",earthquake,0.17,0.56,,6,reviewed,ci,ci
2024-02-12T08:36:25.460Z,32.8135,-115.5735,17.93,4.81,mw,71,39,0.05943,0.34,ci,ci40666288,2024-03-27T11:26:19.097Z,"3 km NNW of El Centro, CA",earthquake,0.3,0.56,,6,reviewed,ci,ci
2023-10-16T10:20:49.740Z,40.3156667,-124.0548333,31.06,4.83,mw,45,52,0.0472,0.12,nc,nc73947830,2024-01-06T18:47:18.663Z,"20 km E of Petrolia, CA",earthquake,0.27,0.59,,4,reviewed,nc,nc
2024-02-26T17:25:43.465Z,44.3907,-116.1108,12.164,4.9,mww,113,41,0.375,0.65,us,us7000m1pd,2024-04-09T00:41:06.117Z,"10 km N of Smiths Ferry, Idaho",earthquake,5.01,4.653,0.037,69,reviewed,us,us
2024-02-09T13:22:53.729Z,26.1598,-110.5339,10,4.9,mww,89,188,1.914,0.8,us,us7000lxzi,2024-04-10T21:05:20.040Z,"83 km E of Loreto, Mexico",earthquake,8.34,1.974,0.083,14,reviewed,us,us
2023-05-10T08:45:50.874Z,25.4406,-109.6761,10,4.9,mb,172,106,0.596,0.68,us,us6000kata,2023-07-22T19:16:35.040Z,"50 km SW of Campo Pesquero el Colorado, Mexico",earthquake,5.57,1.076,0.038,222,reviewed,us,us
2023-05-10T07:05:23.641Z,25.4966,-109.8101,10,4.9,mb,156,55,0.703,0.95,us,us6000kasv,2023-07-22T19:16:35.040Z,"57 km WSW of Campo Pesquero el Colorado, Mexico",earthquake,4.82,1.813,0.033,295,reviewed,us,us
2023-09-08T17:24:38.390Z,40.953,-121.56,15.63,4.99,mw,41,33,0.08699,0.12,nc,nc73934641,2024-04-19T17:34:51.141Z,"12 km NE of Burney, CA",earthquake,0.2,0.56,,4,reviewed,nc,nc
2024-02-08T22:36:00.043Z,26.0264,-110.6858,10,5,mww,95,163,1.896,0.57,us,us7000lxvl,2024-04-14T20:39:57.040Z,"66 km E of Loreto, Mexico",earthquake,8.19,1.873,0.061,26,reviewed,us,us
2024-01-24T01:48:31.029Z,26.1,-111.0477,10,5,mww,60,161,1.617,0.82,us,us7000ltcx,2024-04-09T19:18:53.040Z,"31 km ENE of Loreto, Mexico",earthquake,8.14,1.863,0.052,36,reviewed,us,us
2024-02-03T05:24:28.269Z,35.53433333,-96.76383333,3,5.06,mww,64,98,0,0.25,ok,ok2024cish,2024-04-20T05:34:42.809Z,"8 km NW of Prague, Oklahoma",earthquake,,0.7,,30,reviewed,ok,us
2023-08-20T21:41:00.970Z,34.4085,-119.1883333,4.84,5.08,mw,115,27,0.05069,0.35,ci,ci39645386,2024-04-14T21:51:16.305Z,"7 km SE of Ojai, CA",earthquake,0.25,0.69,,6,reviewed,ci,ci
2024-02-15T06:38:55.302Z,26.1836,-110.6858,10,5.1,mww,95,138,1.793,0.87,us,us7000lzcc,2024-03-20T04:40:41.040Z,"68 km ENE of Loreto, Mexico",earthquake,7.29,1.929,0.043,51,reviewed,us,us
2024-02-08T20:01:44.491Z,26.1803,-110.7543,10,5.1,mww,97,141,1.748,0.72,us,us7000lxuk,2024-03-16T13:32:47.040Z,"62 km ENE of Loreto, Mexico",earthquake,5.95,1.854,0.042,55,reviewed,us,us
2023-05-12T10:18:41.310Z,40.196,-121.0998333,6.06,5.16,mw,49,37,0.06232,0.19,nc,nc73887046,2023-07-22T19:17:00.040Z,"4km NW of Canyondam, CA",earthquake,0.29,0.66,,4,reviewed,nc,nc
2023-11-08T10:27:49.034Z,31.622,-103.982,7.417,5.2,ml(texnet),31,52,0,0.2,tx,tx2023vxae,2024-04-17T10:37:52.343Z,"Coalson Draw, Texas",earthquake,0.630665544,0.84195802,0.2,41,reviewed,tx,tx
2023-05-11T23:19:41.990Z,40.2041667,-121.1095,5.85,5.48,mw,54,46,0.05144,0.16,nc,nc73886731,2024-04-18T23:29:52.251Z,Lake Almanor Earthquake,earthquake,0.26,0.56,,4,reviewed,nc,nc
