Tool Run Log - 2026-02-03T15:15:31.714231
================================================================================

[2026-02-03 15:15:31] ✓ GitHub CLI (gh) is available
[2026-02-03 15:15:32] ✓ GitHub CLI is authenticated
[2026-02-03 15:15:32] No existing TSV manifest found (starting fresh)
[2026-02-03 15:15:32] ================================================================================
[2026-02-03 15:15:32] FORECAST ARTIFACT DOWNLOADER v3.0 - First Occurrence Only
[2026-02-03 15:15:32] ================================================================================
[2026-02-03 15:15:32] 
Fetching workflow runs for: dre_run_bot_on_tournament.yaml
[2026-02-03 15:15:32] Repository: D-Enns/metac-bot-template
[2026-02-03 15:15:32] Limit: 1080 runs
[2026-02-03 15:15:59] ✓ Found 1077 workflow runs
[2026-02-03 15:15:59] 
Processing 1077 workflow runs...
[2026-02-03 15:15:59] Output directory: /mnt/c/Users/Donni/projects/metac_bot_Spring_2026/forecast_summaries
[2026-02-03 15:15:59] --------------------------------------------------------------------------------
[2026-02-03 15:15:59] 
[1/1077] Run #1077 (ID: 21649284122)
[2026-02-03 15:15:59]   Date: 2026-02-03T21:53:22Z
[2026-02-03 15:15:59]   Status: success
[2026-02-03 15:16:00]   - forecast-summaries-1077 (3.82 MB)
[2026-02-03 15:16:01]       ✓ 41963_unknown_condensed_r1039.md
[2026-02-03 15:16:01]       ✓ 41970_unknown_scenarios_r1042.json
[2026-02-03 15:16:01]       ✓ 41961_unknown_full_r1037.md
[2026-02-03 15:16:01]       ✓ 41971_unknown_full_r1043.md
[2026-02-03 15:16:01]       ✓ 41569_spring_aib_2026_scenarios_r1042.json
[2026-02-03 15:16:01]       ✓ 41900_spring_aib_2026_scenarios_r1007.json
[2026-02-03 15:16:01]       ✓ 41970_unknown_condensed_r1042.md
[2026-02-03 15:16:01]       ✓ 41908_spring_aib_2026_condensed_r1044.md
[2026-02-03 15:16:01]       ✓ 41971_unknown_condensed_r1043.md
[2026-02-03 15:16:01]       ✓ 41935_spring_aib_2026_condensed_r1023.md
[2026-02-03 15:16:01]       ✓ 41838_spring_aib_2026_scenarios_r1013.json
[2026-02-03 15:16:01]       ✓ 41935_spring_aib_2026_full_r1023.md
[2026-02-03 15:16:01]       ✓ 41972_unknown_condensed_r1045.md
[2026-02-03 15:16:01]       ✓ 41963_unknown_full_r1039.md
[2026-02-03 15:16:01]       ✓ 41838_spring_aib_2026_condensed_r1013.md
[2026-02-03 15:16:01]       ✓ 41961_unknown_condensed_r1037.md
[2026-02-03 15:16:01]       ✓ 41909_spring_aib_2026_condensed_r1045.md
[2026-02-03 15:16:01]       ✓ 41894_spring_aib_2026_full_r1043.md
[2026-02-03 15:16:02]       ✓ 41960_unknown_condensed_r1038.md
[2026-02-03 15:16:02]       ✓ 41968_unknown_scenarios_r1041.json
[2026-02-03 15:16:02]       ✓ 41970_unknown_full_r1042.md
[2026-02-03 15:16:02]       ✓ 41909_spring_aib_2026_full_r1045.md
[2026-02-03 15:16:02]       ✓ 41900_spring_aib_2026_condensed_r1007.md
[2026-02-03 15:16:02]       ✓ 41967_unknown_full_r1040.md
[2026-02-03 15:16:02]       ✓ 41838_spring_aib_2026_full_r1013.md
[2026-02-03 15:16:02]       ✓ 41908_spring_aib_2026_full_r1044.md
[2026-02-03 15:16:02]       ✓ 41569_spring_aib_2026_full_r1042.md
[2026-02-03 15:16:02]       ✓ 41909_spring_aib_2026_scenarios_r1045.json
[2026-02-03 15:16:02]       ✓ 41906_spring_aib_2026_full_r1027.md
[2026-02-03 15:16:02]       ✓ 41894_spring_aib_2026_condensed_r1043.md
[2026-02-03 15:16:02]       ✓ 41905_spring_aib_2026_full_r1017.md
[2026-02-03 15:16:02]       ✓ 41905_spring_aib_2026_scenarios_r1017.json
[2026-02-03 15:16:02]       ✓ 41968_unknown_condensed_r1041.md
[2026-02-03 15:16:02]       ✓ 41960_unknown_full_r1038.md
[2026-02-03 15:16:02]       ✓ 41967_unknown_scenarios_r1040.json
[2026-02-03 15:16:02]       ✓ 41900_spring_aib_2026_full_r1007.md
[2026-02-03 15:16:02]       ✓ 41967_unknown_condensed_r1040.md
[2026-02-03 15:16:02]       ✓ 41906_spring_aib_2026_condensed_r1027.md
[2026-02-03 15:16:02]       ✓ 41961_unknown_scenarios_r1037.json
[2026-02-03 15:16:02]       ✓ 41569_spring_aib_2026_condensed_r1042.md
[2026-02-03 15:16:02]       ✓ 41968_unknown_full_r1041.md
[2026-02-03 15:16:02]       ✓ 41972_unknown_full_r1045.md
[2026-02-03 15:16:02]       ✓ 41935_spring_aib_2026_scenarios_r1023.json
[2026-02-03 15:16:02]       ✓ 41894_spring_aib_2026_scenarios_r1043.json
[2026-02-03 15:16:02]       ✓ 41905_spring_aib_2026_condensed_r1017.md
[2026-02-03 15:16:02]     ✓ Downloaded 45 file(s)
[2026-02-03 15:16:02] 
[2/1077] Run #1076 (ID: 21648229077)
[2026-02-03 15:16:02]   Date: 2026-02-03T21:18:18Z
[2026-02-03 15:16:02]   Status: success
[2026-02-03 15:16:02]   - forecast-summaries-1076 (3.82 MB)
[2026-02-03 15:16:04]     ⊙ Skipped 45 file(s) (already have)
[2026-02-03 15:16:04] 
[3/1077] Run #1075 (ID: 21646955642)
[2026-02-03 15:16:04]   Date: 2026-02-03T20:38:55Z
[2026-02-03 15:16:04]   Status: success
[2026-02-03 15:16:04]   - forecast-summaries-1075 (3.82 MB)
[2026-02-03 15:16:06]     ⊙ Skipped 45 file(s) (already have)
[2026-02-03 15:16:06] 
[4/1077] Run #1074 (ID: 21645454916)
[2026-02-03 15:16:06]   Date: 2026-02-03T19:55:08Z
[2026-02-03 15:16:06]   Status: success
[2026-02-03 15:16:06]   - forecast-summaries-1074 (3.82 MB)
[2026-02-03 15:16:08]     ⊙ Skipped 45 file(s) (already have)
[2026-02-03 15:16:08] 
[5/1077] Run #1073 (ID: 21644111528)
[2026-02-03 15:16:08]   Date: 2026-02-03T19:15:23Z
[2026-02-03 15:16:08]   Status: success
[2026-02-03 15:16:08]   - forecast-summaries-1073 (3.82 MB)
[2026-02-03 15:16:10]     ⊙ Skipped 45 file(s) (already have)
[2026-02-03 15:16:10] 
[6/1077] Run #1072 (ID: 21641968171)
[2026-02-03 15:16:10]   Date: 2026-02-03T18:09:05Z
[2026-02-03 15:16:10]   Status: success
[2026-02-03 15:16:10]   - forecast-summaries-1072 (3.82 MB)
[2026-02-03 15:16:12]     ⊙ Skipped 45 file(s) (already have)
[2026-02-03 15:16:12] 
[7/1077] Run #1071 (ID: 21640096524)
[2026-02-03 15:16:12]   Date: 2026-02-03T17:14:44Z
[2026-02-03 15:16:12]   Status: success
[2026-02-03 15:16:12]   - forecast-summaries-1071 (3.85 MB)
[2026-02-03 15:16:14]     ⊙ Skipped 45 file(s) (already have)
[2026-02-03 15:16:14] 
[8/1077] Run #1070 (ID: 21637698869)
[2026-02-03 15:16:14]   Date: 2026-02-03T16:07:37Z
[2026-02-03 15:16:14]   Status: success
[2026-02-03 15:16:14]   - forecast-summaries-1070 (3.82 MB)
[2026-02-03 15:16:16]     ⊙ Skipped 45 file(s) (already have)
[2026-02-03 15:16:16] 
[9/1077] Run #1069 (ID: 21635498250)
[2026-02-03 15:16:16]   Date: 2026-02-03T15:06:30Z
[2026-02-03 15:16:16]   Status: success
[2026-02-03 15:16:16]   - forecast-summaries-1069 (3.85 MB)
[2026-02-03 15:16:18]     ⊙ Skipped 45 file(s) (already have)
[2026-02-03 15:16:18] 
[10/1077] Run #1068 (ID: 21633586280)
[2026-02-03 15:16:18]   Date: 2026-02-03T14:11:53Z
[2026-02-03 15:16:18]   Status: success
[2026-02-03 15:16:18]   - forecast-summaries-1068 (3.82 MB)
[2026-02-03 15:16:20]     ⊙ Skipped 45 file(s) (already have)
[2026-02-03 15:16:20] 
[11/1077] Run #1067 (ID: 21631302538)
[2026-02-03 15:16:20]   Date: 2026-02-03T13:03:40Z
[2026-02-03 15:16:20]   Status: success
[2026-02-03 15:16:20]   - forecast-summaries-1067 (3.85 MB)
[2026-02-03 15:16:22]     ⊙ Skipped 45 file(s) (already have)
[2026-02-03 15:16:22] 
[12/1077] Run #1066 (ID: 21629127907)
[2026-02-03 15:16:22]   Date: 2026-02-03T11:52:49Z
[2026-02-03 15:16:22]   Status: success
[2026-02-03 15:16:22]   - forecast-summaries-1066 (3.82 MB)
[2026-02-03 15:16:25]     ⊙ Skipped 45 file(s) (already have)
[2026-02-03 15:16:25] 
[13/1077] Run #1065 (ID: 21628176791)
[2026-02-03 15:16:25]   Date: 2026-02-03T11:19:44Z
[2026-02-03 15:16:25]   Status: success
[2026-02-03 15:16:25]   - forecast-summaries-1065 (3.84 MB)
[2026-02-03 15:16:27]     ⊙ Skipped 45 file(s) (already have)
[2026-02-03 15:16:27] 
[14/1077] Run #1064 (ID: 21626397219)
[2026-02-03 15:16:27]   Date: 2026-02-03T10:22:31Z
[2026-02-03 15:16:27]   Status: success
[2026-02-03 15:16:27]   - forecast-summaries-1064 (3.82 MB)
[2026-02-03 15:16:29]     ⊙ Skipped 45 file(s) (already have)
[2026-02-03 15:16:29] 
[15/1077] Run #1063 (ID: 21624484343)
[2026-02-03 15:16:29]   Date: 2026-02-03T09:23:29Z
[2026-02-03 15:16:29]   Status: success
[2026-02-03 15:16:29]   - forecast-summaries-1063 (3.84 MB)
[2026-02-03 15:16:31]     ⊙ Skipped 45 file(s) (already have)
[2026-02-03 15:16:31] 
[16/1077] Run #1062 (ID: 21623094427)
[2026-02-03 15:16:31]   Date: 2026-02-03T08:39:00Z
[2026-02-03 15:16:31]   Status: success
[2026-02-03 15:16:31]   - forecast-summaries-1062 (3.85 MB)
[2026-02-03 15:16:33]     ⊙ Skipped 45 file(s) (already have)
[2026-02-03 15:16:33] 
[17/1077] Run #1061 (ID: 21621526957)
[2026-02-03 15:16:33]   Date: 2026-02-03T07:43:47Z
[2026-02-03 15:16:33]   Status: success
[2026-02-03 15:16:33]   - forecast-summaries-1061 (3.82 MB)
[2026-02-03 15:16:35]     ⊙ Skipped 45 file(s) (already have)
[2026-02-03 15:16:35] 
[18/1077] Run #1060 (ID: 21620304098)
[2026-02-03 15:16:35]   Date: 2026-02-03T06:54:05Z
[2026-02-03 15:16:35]   Status: success
[2026-02-03 15:16:35]   - forecast-summaries-1060 (3.84 MB)
[2026-02-03 15:16:37]     ⊙ Skipped 45 file(s) (already have)
[2026-02-03 15:16:37] 
[19/1077] Run #1059 (ID: 21618823695)
[2026-02-03 15:16:37]   Date: 2026-02-03T05:51:58Z
[2026-02-03 15:16:37]   Status: success
[2026-02-03 15:16:37]   - forecast-summaries-1059 (3.82 MB)
[2026-02-03 15:16:39]     ⊙ Skipped 45 file(s) (already have)
[2026-02-03 15:16:39] 
[20/1077] Run #1058 (ID: 21617416397)
[2026-02-03 15:16:39]   Date: 2026-02-03T04:47:21Z
[2026-02-03 15:16:39]   Status: success
[2026-02-03 15:16:40]   - forecast-summaries-1058 (3.85 MB)
[2026-02-03 15:16:41]     ⊙ Skipped 45 file(s) (already have)
[2026-02-03 15:16:41] 
[21/1077] Run #1057 (ID: 21614957723)
[2026-02-03 15:16:41]   Date: 2026-02-03T02:51:58Z
[2026-02-03 15:16:41]   Status: success
[2026-02-03 15:16:42]   - forecast-summaries-1057 (3.85 MB)
[2026-02-03 15:16:44]     ⊙ Skipped 45 file(s) (already have)
[2026-02-03 15:16:44] 
[22/1077] Run #1056 (ID: 21610840000)
[2026-02-03 15:16:44]   Date: 2026-02-02T23:58:48Z
[2026-02-03 15:16:44]   Status: success
[2026-02-03 15:16:44]   - forecast-summaries-1056 (3.82 MB)
[2026-02-03 15:16:46]     ⊙ Skipped 45 file(s) (already have)
[2026-02-03 15:16:46] 
[23/1077] Run #1055 (ID: 21610261532)
[2026-02-03 15:16:46]   Date: 2026-02-02T23:37:44Z
[2026-02-03 15:16:46]   Status: success
[2026-02-03 15:16:46]   - forecast-summaries-1055 (3.82 MB)
[2026-02-03 15:16:48]     ⊙ Skipped 45 file(s) (already have)
[2026-02-03 15:16:48] 
[24/1077] Run #1054 (ID: 21609325574)
[2026-02-03 15:16:48]   Date: 2026-02-02T22:59:10Z
[2026-02-03 15:16:48]   Status: success
[2026-02-03 15:16:48]   - forecast-summaries-1054 (3.87 MB)
[2026-02-03 15:16:50]     ⊙ Skipped 45 file(s) (already have)
[2026-02-03 15:16:50] 
[25/1077] Run #1053 (ID: 21608795044)
[2026-02-03 15:16:50]   Date: 2026-02-02T22:33:00Z
[2026-02-03 15:16:50]   Status: failure
[2026-02-03 15:16:50]   ⊙ Skipping (not successful)
[2026-02-03 15:16:50] 
[26/1077] Run #1052 (ID: 21607991003)
[2026-02-03 15:16:50]   Date: 2026-02-02T21:56:33Z
[2026-02-03 15:16:50]   Status: failure
[2026-02-03 15:16:50]   ⊙ Skipping (not successful)
[2026-02-03 15:16:50] 
[27/1077] Run #1051 (ID: 21607540641)
[2026-02-03 15:16:50]   Date: 2026-02-02T21:36:50Z
[2026-02-03 15:16:50]   Status: failure
[2026-02-03 15:16:50]   ⊙ Skipping (not successful)
[2026-02-03 15:16:50] 
[28/1077] Run #1050 (ID: 21606622407)
[2026-02-03 15:16:50]   Date: 2026-02-02T20:58:39Z
[2026-02-03 15:16:50]   Status: failure
[2026-02-03 15:16:50]   ⊙ Skipping (not successful)
[2026-02-03 15:16:50] 
[29/1077] Run #1049 (ID: 21606013649)
[2026-02-03 15:16:50]   Date: 2026-02-02T20:33:01Z
[2026-02-03 15:16:50]   Status: failure
[2026-02-03 15:16:50]   ⊙ Skipping (not successful)
[2026-02-03 15:16:50] 
[30/1077] Run #1048 (ID: 21605077264)
[2026-02-03 15:16:50]   Date: 2026-02-02T19:55:40Z
[2026-02-03 15:16:50]   Status: failure
[2026-02-03 15:16:50]   ⊙ Skipping (not successful)
[2026-02-03 15:16:50] 
[31/1077] Run #1047 (ID: 21604551587)
[2026-02-03 15:16:50]   Date: 2026-02-02T19:36:37Z
[2026-02-03 15:16:50]   Status: failure
[2026-02-03 15:16:50]   ⊙ Skipping (not successful)
[2026-02-03 15:16:50] 
[32/1077] Run #1046 (ID: 21603349810)
[2026-02-03 15:16:50]   Date: 2026-02-02T18:57:59Z
[2026-02-03 15:16:50]   Status: failure
[2026-02-03 15:16:50]   ⊙ Skipping (not successful)
[2026-02-03 15:16:50] 
[33/1077] Run #1045 (ID: 21601452534)
[2026-02-03 15:16:50]   Date: 2026-02-02T17:59:51Z
[2026-02-03 15:16:50]   Status: success
[2026-02-03 15:16:50]   - forecast-summaries-1045 (0.06 MB)
[2026-02-03 15:16:51] 
[34/1077] Run #1044 (ID: 21599654744)
[2026-02-03 15:16:51]   Date: 2026-02-02T17:05:20Z
[2026-02-03 15:16:51]   Status: success
[2026-02-03 15:16:52]   - forecast-summaries-1044 (0.03 MB)
[2026-02-03 15:16:52] 
[35/1077] Run #1043 (ID: 21597473964)
[2026-02-03 15:16:52]   Date: 2026-02-02T16:03:40Z
[2026-02-03 15:16:52]   Status: success
[2026-02-03 15:16:53]   - forecast-summaries-1043 (0.06 MB)
[2026-02-03 15:16:54] 
[36/1077] Run #1042 (ID: 21595996653)
[2026-02-03 15:16:54]   Date: 2026-02-02T15:23:45Z
[2026-02-03 15:16:54]   Status: success
[2026-02-03 15:16:54]   - forecast-summaries-1042 (0.08 MB)
[2026-02-03 15:16:55] 
[37/1077] Run #1041 (ID: 21593882416)
[2026-02-03 15:16:55]   Date: 2026-02-02T14:25:17Z
[2026-02-03 15:16:55]   Status: success
[2026-02-03 15:16:55]   - forecast-summaries-1041 (0.05 MB)
[2026-02-03 15:16:56] 
[38/1077] Run #1040 (ID: 21592245782)
[2026-02-03 15:16:56]   Date: 2026-02-02T13:37:03Z
[2026-02-03 15:16:56]   Status: success
[2026-02-03 15:16:56]   - forecast-summaries-1040 (0.03 MB)
[2026-02-03 15:16:57] 
[39/1077] Run #1039 (ID: 21589256590)
[2026-02-03 15:16:57]   Date: 2026-02-02T12:01:12Z
[2026-02-03 15:16:57]   Status: success
[2026-02-03 15:16:57]   - forecast-summaries-1039 (0.03 MB)
[2026-02-03 15:16:58] 
[40/1077] Run #1038 (ID: 21588618553)
[2026-02-03 15:16:58]   Date: 2026-02-02T11:39:30Z
[2026-02-03 15:16:58]   Status: success
[2026-02-03 15:16:58]   - forecast-summaries-1038 (0.03 MB)
[2026-02-03 15:16:59] 
[41/1077] Run #1037 (ID: 21587351223)
[2026-02-03 15:16:59]   Date: 2026-02-02T10:56:53Z
[2026-02-03 15:16:59]   Status: success
[2026-02-03 15:17:00]   - forecast-summaries-1037 (0.03 MB)
[2026-02-03 15:17:01] 
[42/1077] Run #1036 (ID: 21585536823)
[2026-02-03 15:17:01]   Date: 2026-02-02T09:59:39Z
[2026-02-03 15:17:01]   Status: failure
[2026-02-03 15:17:01]   ⊙ Skipping (not successful)
[2026-02-03 15:17:01] 
[43/1077] Run #1035 (ID: 21583570749)
[2026-02-03 15:17:01]   Date: 2026-02-02T08:57:08Z
[2026-02-03 15:17:01]   Status: success
[2026-02-03 15:17:02]   ⊙ No forecast artifacts found
[2026-02-03 15:17:02] 
[44/1077] Run #1034 (ID: 21581911941)
[2026-02-03 15:17:02]   Date: 2026-02-02T07:58:55Z
[2026-02-03 15:17:02]   Status: success
[2026-02-03 15:17:02]   ⊙ No forecast artifacts found
[2026-02-03 15:17:02] 
[45/1077] Run #1033 (ID: 21580562306)
[2026-02-03 15:17:02]   Date: 2026-02-02T07:04:08Z
[2026-02-03 15:17:02]   Status: success
[2026-02-03 15:17:02]   ⊙ No forecast artifacts found
[2026-02-03 15:17:02] 
[46/1077] Run #1032 (ID: 21578953531)
[2026-02-03 15:17:02]   Date: 2026-02-02T05:50:44Z
[2026-02-03 15:17:03]   Status: success
[2026-02-03 15:17:03]   ⊙ No forecast artifacts found
[2026-02-03 15:17:03] 
[47/1077] Run #1031 (ID: 21577549535)
[2026-02-03 15:17:03]   Date: 2026-02-02T04:37:17Z
[2026-02-03 15:17:03]   Status: success
[2026-02-03 15:17:03]   ⊙ No forecast artifacts found
[2026-02-03 15:17:03] 
[48/1077] Run #1030 (ID: 21575176977)
[2026-02-03 15:17:03]   Date: 2026-02-02T02:23:57Z
[2026-02-03 15:17:03]   Status: success
[2026-02-03 15:17:03]   ⊙ No forecast artifacts found
[2026-02-03 15:17:04] 
[49/1077] Run #1029 (ID: 21572665028)
[2026-02-03 15:17:04]   Date: 2026-02-01T23:54:59Z
[2026-02-03 15:17:04]   Status: success
[2026-02-03 15:17:04]   ⊙ No forecast artifacts found
[2026-02-03 15:17:04] 
[50/1077] Run #1028 (ID: 21572339687)
[2026-02-03 15:17:04]   Date: 2026-02-01T23:31:58Z
[2026-02-03 15:17:04]   Status: success
[2026-02-03 15:17:04]   ⊙ No forecast artifacts found
[2026-02-03 15:17:04] 
[51/1077] Run #1027 (ID: 21571832882)
[2026-02-03 15:17:04]   Date: 2026-02-01T22:56:52Z
[2026-02-03 15:17:04]   Status: success
[2026-02-03 15:17:04]   - forecast-summaries-1027 (0.03 MB)
[2026-02-03 15:17:05] 
[52/1077] Run #1026 (ID: 21571409984)
[2026-02-03 15:17:05]   Date: 2026-02-01T22:26:37Z
[2026-02-03 15:17:05]   Status: success
[2026-02-03 15:17:06]   ⊙ No forecast artifacts found
[2026-02-03 15:17:06] 
[53/1077] Run #1025 (ID: 21570919285)
[2026-02-03 15:17:06]   Date: 2026-02-01T21:52:57Z
[2026-02-03 15:17:06]   Status: success
[2026-02-03 15:17:06]   ⊙ No forecast artifacts found
[2026-02-03 15:17:06] 
[54/1077] Run #1024 (ID: 21570594481)
[2026-02-03 15:17:06]   Date: 2026-02-01T21:30:22Z
[2026-02-03 15:17:06]   Status: success
[2026-02-03 15:17:06]   ⊙ No forecast artifacts found
[2026-02-03 15:17:06] 
[55/1077] Run #1023 (ID: 21570550262)
[2026-02-03 15:17:06]   Date: 2026-02-01T21:27:16Z
[2026-02-03 15:17:06]   Status: success
[2026-02-03 15:17:07]   - forecast-summaries-1023 (0.02 MB)
[2026-02-03 15:17:08] 
[56/1077] Run #1022 (ID: 21570082870)
[2026-02-03 15:17:08]   Date: 2026-02-01T20:55:37Z
[2026-02-03 15:17:08]   Status: success
[2026-02-03 15:17:08]   ⊙ No forecast artifacts found
[2026-02-03 15:17:08] 
[57/1077] Run #1021 (ID: 21569713332)
[2026-02-03 15:17:08]   Date: 2026-02-01T20:28:54Z
[2026-02-03 15:17:08]   Status: success
[2026-02-03 15:17:08]   ⊙ No forecast artifacts found
[2026-02-03 15:17:08] 
[58/1077] Run #1020 (ID: 21569333427)
[2026-02-03 15:17:08]   Date: 2026-02-01T20:02:37Z
[2026-02-03 15:17:08]   Status: cancelled
[2026-02-03 15:17:08]   ⊙ Skipping (not successful)
[2026-02-03 15:17:08] 
[59/1077] Run #1019 (ID: 21569304054)
[2026-02-03 15:17:08]   Date: 2026-02-01T20:00:50Z
[2026-02-03 15:17:08]   Status: success
[2026-02-03 15:17:09]   ⊙ No forecast artifacts found
[2026-02-03 15:17:09] 
[60/1077] Run #1018 (ID: 21569273586)
[2026-02-03 15:17:09]   Date: 2026-02-01T19:58:29Z
[2026-02-03 15:17:09]   Status: success
[2026-02-03 15:17:09]   ⊙ No forecast artifacts found
[2026-02-03 15:17:09] 
[61/1077] Run #1017 (ID: 21569180682)
[2026-02-03 15:17:09]   Date: 2026-02-01T19:51:57Z
[2026-02-03 15:17:09]   Status: success
[2026-02-03 15:17:09]   - forecast-summaries-1017 (0.02 MB)
[2026-02-03 15:17:10] 
[62/1077] Run #1016 (ID: 21568824646)
[2026-02-03 15:17:10]   Date: 2026-02-01T19:26:46Z
[2026-02-03 15:17:10]   Status: success
[2026-02-03 15:17:10]   ⊙ No forecast artifacts found
[2026-02-03 15:17:10] 
[63/1077] Run #1015 (ID: 21568378593)
[2026-02-03 15:17:10]   Date: 2026-02-01T18:55:33Z
[2026-02-03 15:17:10]   Status: success
[2026-02-03 15:17:11]   ⊙ No forecast artifacts found
[2026-02-03 15:17:11] 
[64/1077] Run #1014 (ID: 21547807891)
[2026-02-03 15:17:11]   Date: 2026-01-31T17:01:13Z
[2026-02-03 15:17:11]   Status: success
[2026-02-03 15:17:11]   ⊙ No forecast artifacts found
[2026-02-03 15:17:11] 
[65/1077] Run #1013 (ID: 21547525275)
[2026-02-03 15:17:11]   Date: 2026-01-31T16:38:11Z
[2026-02-03 15:17:11]   Status: success
[2026-02-03 15:17:11]   - forecast-summaries-1013 (0.02 MB)
[2026-02-03 15:17:12] 
[66/1077] Run #1012 (ID: 21546979195)
[2026-02-03 15:17:12]   Date: 2026-01-31T15:54:12Z
[2026-02-03 15:17:12]   Status: success
[2026-02-03 15:17:13]   ⊙ No forecast artifacts found
[2026-02-03 15:17:13] 
[67/1077] Run #1011 (ID: 21546739075)
[2026-02-03 15:17:13]   Date: 2026-01-31T15:34:00Z
[2026-02-03 15:17:13]   Status: success
[2026-02-03 15:17:13]   ⊙ No forecast artifacts found
[2026-02-03 15:17:13] 
[68/1077] Run #1010 (ID: 21546266243)
[2026-02-03 15:17:13]   Date: 2026-01-31T14:57:02Z
[2026-02-03 15:17:13]   Status: success
[2026-02-03 15:17:13]   ⊙ No forecast artifacts found
[2026-02-03 15:17:13] 
[69/1077] Run #1009 (ID: 21545964859)
[2026-02-03 15:17:13]   Date: 2026-01-31T14:32:02Z
[2026-02-03 15:17:13]   Status: success
[2026-02-03 15:17:14]   ⊙ No forecast artifacts found
[2026-02-03 15:17:14] 
[70/1077] Run #1008 (ID: 21545490680)
[2026-02-03 15:17:14]   Date: 2026-01-31T13:53:23Z
[2026-02-03 15:17:14]   Status: success
[2026-02-03 15:17:14]   ⊙ No forecast artifacts found
[2026-02-03 15:17:14] 
[71/1077] Run #1007 (ID: 21544897295)
[2026-02-03 15:17:14]   Date: 2026-01-31T13:03:32Z
[2026-02-03 15:17:14]   Status: success
[2026-02-03 15:17:14]   - forecast-summaries-1007 (0.02 MB)
[2026-02-03 15:17:15] 
[72/1077] Run #1006 (ID: 21544058023)
[2026-02-03 15:17:15]   Date: 2026-01-31T11:52:01Z
[2026-02-03 15:17:15]   Status: success
[2026-02-03 15:17:15]   ⊙ No forecast artifacts found
[2026-02-03 15:17:15] 
[73/1077] Run #1005 (ID: 21543800122)
[2026-02-03 15:17:15]   Date: 2026-01-31T11:29:19Z
[2026-02-03 15:17:15]   Status: success
[2026-02-03 15:17:16]   ⊙ No forecast artifacts found
[2026-02-03 15:17:16] 
[74/1077] Run #1004 (ID: 21543415920)
[2026-02-03 15:17:16]   Date: 2026-01-31T10:56:49Z
[2026-02-03 15:17:16]   Status: success
[2026-02-03 15:17:16]   ⊙ No forecast artifacts found
[2026-02-03 15:17:16] 
[75/1077] Run #1003 (ID: 21543153851)
[2026-02-03 15:17:16]   Date: 2026-01-31T10:33:09Z
[2026-02-03 15:17:16]   Status: success
[2026-02-03 15:17:16]   ⊙ No forecast artifacts found
[2026-02-03 15:17:16] 
[76/1077] Run #1002 (ID: 21542615634)
[2026-02-03 15:17:16]   Date: 2026-01-31T09:46:42Z
[2026-02-03 15:17:16]   Status: success
[2026-02-03 15:17:17]   ⊙ No forecast artifacts found
[2026-02-03 15:17:17] 
[77/1077] Run #1001 (ID: 21542094939)
[2026-02-03 15:17:17]   Date: 2026-01-31T09:02:14Z
[2026-02-03 15:17:17]   Status: success
[2026-02-03 15:17:17]   ⊙ No forecast artifacts found
[2026-02-03 15:17:17] 
[78/1077] Run #1000 (ID: 21541833060)
[2026-02-03 15:17:17]   Date: 2026-01-31T08:39:40Z
[2026-02-03 15:17:17]   Status: success
[2026-02-03 15:17:17]   ⊙ No forecast artifacts found
[2026-02-03 15:17:17] 
[79/1077] Run #999 (ID: 21541298497)
[2026-02-03 15:17:17]   Date: 2026-01-31T07:55:08Z
[2026-02-03 15:17:17]   Status: success
[2026-02-03 15:17:18]   ⊙ No forecast artifacts found
[2026-02-03 15:17:18] 
[80/1077] Run #998 (ID: 21541057893)
[2026-02-03 15:17:18]   Date: 2026-01-31T07:35:12Z
[2026-02-03 15:17:18]   Status: success
[2026-02-03 15:17:18]   ⊙ No forecast artifacts found
[2026-02-03 15:17:18] 
[81/1077] Run #997 (ID: 21540524891)
[2026-02-03 15:17:18]   Date: 2026-01-31T06:51:28Z
[2026-02-03 15:17:18]   Status: success
[2026-02-03 15:17:18]   ⊙ No forecast artifacts found
[2026-02-03 15:17:18] 
[82/1077] Run #996 (ID: 21539675938)
[2026-02-03 15:17:18]   Date: 2026-01-31T05:43:41Z
[2026-02-03 15:17:18]   Status: success
[2026-02-03 15:17:19]   ⊙ No forecast artifacts found
[2026-02-03 15:17:19] 
[83/1077] Run #995 (ID: 21538903977)
[2026-02-03 15:17:19]   Date: 2026-01-31T04:40:04Z
[2026-02-03 15:17:19]   Status: success
[2026-02-03 15:17:19]   ⊙ No forecast artifacts found
[2026-02-03 15:17:19] 
[84/1077] Run #994 (ID: 21537386152)
[2026-02-03 15:17:19]   Date: 2026-01-31T02:42:08Z
[2026-02-03 15:17:19]   Status: success
[2026-02-03 15:17:19]   ⊙ No forecast artifacts found
[2026-02-03 15:17:19] 
[85/1077] Run #993 (ID: 21534826082)
[2026-02-03 15:17:19]   Date: 2026-01-30T23:57:08Z
[2026-02-03 15:17:19]   Status: success
[2026-02-03 15:17:20]   ⊙ No forecast artifacts found
[2026-02-03 15:17:20] 
[86/1077] Run #992 (ID: 21534429186)
[2026-02-03 15:17:20]   Date: 2026-01-30T23:36:35Z
[2026-02-03 15:17:20]   Status: success
[2026-02-03 15:17:20]   ⊙ No forecast artifacts found
[2026-02-03 15:17:20] 
[87/1077] Run #991 (ID: 21533602877)
[2026-02-03 15:17:20]   Date: 2026-01-30T22:59:19Z
[2026-02-03 15:17:20]   Status: success
[2026-02-03 15:17:20]   ⊙ No forecast artifacts found
[2026-02-03 15:17:20] 
[88/1077] Run #990 (ID: 21533013132)
[2026-02-03 15:17:20]   Date: 2026-01-30T22:34:21Z
[2026-02-03 15:17:20]   Status: success
[2026-02-03 15:17:21]   - forecast-summaries-990 (0.02 MB)
[2026-02-03 15:17:21] 
[89/1077] Run #989 (ID: 21531714072)
[2026-02-03 15:17:21]   Date: 2026-01-30T21:44:58Z
[2026-02-03 15:17:21]   Status: success
[2026-02-03 15:17:22]   ⊙ No forecast artifacts found
[2026-02-03 15:17:22] 
[90/1077] Run #988 (ID: 21530549860)
[2026-02-03 15:17:22]   Date: 2026-01-30T21:03:01Z
[2026-02-03 15:17:22]   Status: success
[2026-02-03 15:17:22]   ⊙ No forecast artifacts found
[2026-02-03 15:17:22] 
[91/1077] Run #987 (ID: 21529915397)
[2026-02-03 15:17:22]   Date: 2026-01-30T20:38:54Z
[2026-02-03 15:17:22]   Status: success
[2026-02-03 15:17:22]   ⊙ No forecast artifacts found
[2026-02-03 15:17:22] 
[92/1077] Run #986 (ID: 21528634232)
[2026-02-03 15:17:22]   Date: 2026-01-30T19:51:38Z
[2026-02-03 15:17:22]   Status: success
[2026-02-03 15:17:23]   - forecast-summaries-986 (0.02 MB)
[2026-02-03 15:17:24] 
[93/1077] Run #985 (ID: 21527774373)
[2026-02-03 15:17:24]   Date: 2026-01-30T19:19:52Z
[2026-02-03 15:17:24]   Status: success
[2026-02-03 15:17:24]   ⊙ No forecast artifacts found
[2026-02-03 15:17:24] 
[94/1077] Run #984 (ID: 21526151164)
[2026-02-03 15:17:24]   Date: 2026-01-30T18:21:11Z
[2026-02-03 15:17:24]   Status: success
[2026-02-03 15:17:24]   ⊙ No forecast artifacts found
[2026-02-03 15:17:24] 
[95/1077] Run #983 (ID: 21524977392)
[2026-02-03 15:17:24]   Date: 2026-01-30T17:39:49Z
[2026-02-03 15:17:24]   Status: success
[2026-02-03 15:17:24]   ⊙ No forecast artifacts found
[2026-02-03 15:17:24] 
[96/1077] Run #982 (ID: 21523530751)
[2026-02-03 15:17:24]   Date: 2026-01-30T16:50:15Z
[2026-02-03 15:17:25]   Status: success
[2026-02-03 15:17:25]   ⊙ No forecast artifacts found
[2026-02-03 15:17:25] 
[97/1077] Run #981 (ID: 21521668225)
[2026-02-03 15:17:25]   Date: 2026-01-30T15:48:13Z
[2026-02-03 15:17:25]   Status: success
[2026-02-03 15:17:25]   ⊙ No forecast artifacts found
[2026-02-03 15:17:25] 
[98/1077] Run #980 (ID: 21520117776)
[2026-02-03 15:17:25]   Date: 2026-01-30T14:58:17Z
[2026-02-03 15:17:25]   Status: success
[2026-02-03 15:17:25]   ⊙ No forecast artifacts found
[2026-02-03 15:17:25] 
[99/1077] Run #979 (ID: 21518513614)
[2026-02-03 15:17:25]   Date: 2026-01-30T14:05:40Z
[2026-02-03 15:17:25]   Status: success
[2026-02-03 15:17:26]   ⊙ No forecast artifacts found
[2026-02-03 15:17:26] 
[100/1077] Run #978 (ID: 21517114878)
[2026-02-03 15:17:26]   Date: 2026-01-30T13:16:33Z
[2026-02-03 15:17:26]   Status: success
[2026-02-03 15:17:26]   ⊙ No forecast artifacts found
[2026-02-03 15:17:26] 
[101/1077] Run #977 (ID: 21515000820)
[2026-02-03 15:17:26]   Date: 2026-01-30T11:57:21Z
[2026-02-03 15:17:26]   Status: success
[2026-02-03 15:17:26]   ⊙ No forecast artifacts found
[2026-02-03 15:17:27] 
[102/1077] Run #976 (ID: 21514448502)
[2026-02-03 15:17:27]   Date: 2026-01-30T11:35:29Z
[2026-02-03 15:17:27]   Status: success
[2026-02-03 15:17:27]   ⊙ No forecast artifacts found
[2026-02-03 15:17:27] 
[103/1077] Run #975 (ID: 21513070738)
[2026-02-03 15:17:27]   Date: 2026-01-30T10:43:25Z
[2026-02-03 15:17:27]   Status: success
[2026-02-03 15:17:27]   ⊙ No forecast artifacts found
[2026-02-03 15:17:27] 
[104/1077] Run #974 (ID: 21511584608)
[2026-02-03 15:17:27]   Date: 2026-01-30T09:49:33Z
[2026-02-03 15:17:27]   Status: success
[2026-02-03 15:17:28]   ⊙ No forecast artifacts found
[2026-02-03 15:17:28] 
[105/1077] Run #973 (ID: 21510019854)
[2026-02-03 15:17:28]   Date: 2026-01-30T08:52:44Z
[2026-02-03 15:17:28]   Status: success
[2026-02-03 15:17:28]   ⊙ No forecast artifacts found
[2026-02-03 15:17:28] 
[106/1077] Run #972 (ID: 21508609318)
[2026-02-03 15:17:28]   Date: 2026-01-30T07:55:36Z
[2026-02-03 15:17:28]   Status: success
[2026-02-03 15:17:28]   ⊙ No forecast artifacts found
[2026-02-03 15:17:28] 
[107/1077] Run #971 (ID: 21507380871)
[2026-02-03 15:17:28]   Date: 2026-01-30T07:00:15Z
[2026-02-03 15:17:28]   Status: success
[2026-02-03 15:17:29]   - forecast-summaries-971 (0.03 MB)
[2026-02-03 15:17:29] 
[108/1077] Run #970 (ID: 21506014511)
[2026-02-03 15:17:29]   Date: 2026-01-30T05:54:03Z
[2026-02-03 15:17:29]   Status: success
[2026-02-03 15:17:30]   ⊙ No forecast artifacts found
[2026-02-03 15:17:30] 
[109/1077] Run #969 (ID: 21504756192)
[2026-02-03 15:17:30]   Date: 2026-01-30T04:46:42Z
[2026-02-03 15:17:30]   Status: success
[2026-02-03 15:17:30]   ⊙ No forecast artifacts found
[2026-02-03 15:17:30] 
[110/1077] Run #968 (ID: 21502459174)
[2026-02-03 15:17:30]   Date: 2026-01-30T02:40:37Z
[2026-02-03 15:17:30]   Status: success
[2026-02-03 15:17:31]   - forecast-summaries-968 (0.02 MB)
[2026-02-03 15:17:31] 
[111/1077] Run #967 (ID: 21498838166)
[2026-02-03 15:17:31]   Date: 2026-01-29T23:44:43Z
[2026-02-03 15:17:31]   Status: success
[2026-02-03 15:17:32]   ⊙ No forecast artifacts found
[2026-02-03 15:17:32] 
[112/1077] Run #966 (ID: 21497846603)
[2026-02-03 15:17:32]   Date: 2026-01-29T23:01:54Z
[2026-02-03 15:17:32]   Status: success
[2026-02-03 15:17:32]   ⊙ No forecast artifacts found
[2026-02-03 15:17:32] 
[113/1077] Run #965 (ID: 21497293767)
[2026-02-03 15:17:32]   Date: 2026-01-29T22:39:33Z
[2026-02-03 15:17:32]   Status: success
[2026-02-03 15:17:32]   ⊙ No forecast artifacts found
[2026-02-03 15:17:32] 
[114/1077] Run #964 (ID: 21496178019)
[2026-02-03 15:17:32]   Date: 2026-01-29T21:58:01Z
[2026-02-03 15:17:32]   Status: success
[2026-02-03 15:17:33]   ⊙ No forecast artifacts found
[2026-02-03 15:17:33] 
[115/1077] Run #963 (ID: 21495549262)
[2026-02-03 15:17:33]   Date: 2026-01-29T21:35:20Z
[2026-02-03 15:17:33]   Status: success
[2026-02-03 15:17:33]   - forecast-summaries-963 (0.02 MB)
[2026-02-03 15:17:34] 
[116/1077] Run #962 (ID: 21494237603)
[2026-02-03 15:17:34]   Date: 2026-01-29T20:49:54Z
[2026-02-03 15:17:34]   Status: success
[2026-02-03 15:17:34]   ⊙ No forecast artifacts found
[2026-02-03 15:17:34] 
[117/1077] Run #961 (ID: 21492801937)
[2026-02-03 15:17:34]   Date: 2026-01-29T20:00:06Z
[2026-02-03 15:17:34]   Status: success
[2026-02-03 15:17:34]   ⊙ No forecast artifacts found
[2026-02-03 15:17:34] 
[118/1077] Run #960 (ID: 21492128019)
[2026-02-03 15:17:34]   Date: 2026-01-29T19:37:08Z
[2026-02-03 15:17:34]   Status: success
[2026-02-03 15:17:35]   ⊙ No forecast artifacts found
[2026-02-03 15:17:35] 
[119/1077] Run #959 (ID: 21490948380)
[2026-02-03 15:17:35]   Date: 2026-01-29T18:58:26Z
[2026-02-03 15:17:35]   Status: success
[2026-02-03 15:17:35]   ⊙ No forecast artifacts found
[2026-02-03 15:17:35] 
[120/1077] Run #958 (ID: 21488678154)
[2026-02-03 15:17:35]   Date: 2026-01-29T17:43:46Z
[2026-02-03 15:17:35]   Status: success
[2026-02-03 15:17:35]   ⊙ No forecast artifacts found
[2026-02-03 15:17:35] 
[121/1077] Run #957 (ID: 21487110210)
[2026-02-03 15:17:35]   Date: 2026-01-29T16:54:59Z
[2026-02-03 15:17:36]   Status: success
[2026-02-03 15:17:36]   ⊙ No forecast artifacts found
[2026-02-03 15:17:36] 
[122/1077] Run #956 (ID: 21485171903)
[2026-02-03 15:17:36]   Date: 2026-01-29T15:58:01Z
[2026-02-03 15:17:36]   Status: success
[2026-02-03 15:17:36]   ⊙ No forecast artifacts found
[2026-02-03 15:17:36] 
[123/1077] Run #955 (ID: 21483801018)
[2026-02-03 15:17:36]   Date: 2026-01-29T15:18:49Z
[2026-02-03 15:17:36]   Status: success
[2026-02-03 15:17:37]   ⊙ No forecast artifacts found
[2026-02-03 15:17:37] 
[124/1077] Run #954 (ID: 21481879316)
[2026-02-03 15:17:37]   Date: 2026-01-29T14:24:00Z
[2026-02-03 15:17:37]   Status: success
[2026-02-03 15:17:37]   ⊙ No forecast artifacts found
[2026-02-03 15:17:37] 
[125/1077] Run #953 (ID: 21479732405)
[2026-02-03 15:17:37]   Date: 2026-01-29T13:20:23Z
[2026-02-03 15:17:37]   Status: success
[2026-02-03 15:17:38]   ⊙ No forecast artifacts found
[2026-02-03 15:17:38] 
[126/1077] Run #952 (ID: 21477295982)
[2026-02-03 15:17:38]   Date: 2026-01-29T12:00:00Z
[2026-02-03 15:17:38]   Status: success
[2026-02-03 15:17:39]   ⊙ No forecast artifacts found
[2026-02-03 15:17:39] 
[127/1077] Run #951 (ID: 21476646405)
[2026-02-03 15:17:39]   Date: 2026-01-29T11:37:31Z
[2026-02-03 15:17:39]   Status: success
[2026-02-03 15:17:39]   ⊙ No forecast artifacts found
[2026-02-03 15:17:39] 
[128/1077] Run #950 (ID: 21475193946)
[2026-02-03 15:17:39]   Date: 2026-01-29T10:47:16Z
[2026-02-03 15:17:39]   Status: success
[2026-02-03 15:17:39]   ⊙ No forecast artifacts found
[2026-02-03 15:17:39] 
[129/1077] Run #949 (ID: 21473532914)
[2026-02-03 15:17:39]   Date: 2026-01-29T09:53:16Z
[2026-02-03 15:17:39]   Status: success
[2026-02-03 15:17:40]   ⊙ No forecast artifacts found
[2026-02-03 15:17:40] 
[130/1077] Run #948 (ID: 21471669390)
[2026-02-03 15:17:40]   Date: 2026-01-29T08:52:06Z
[2026-02-03 15:17:40]   Status: success
[2026-02-03 15:17:40]   ⊙ No forecast artifacts found
[2026-02-03 15:17:40] 
[131/1077] Run #947 (ID: 21469981121)
[2026-02-03 15:17:40]   Date: 2026-01-29T07:49:26Z
[2026-02-03 15:17:40]   Status: success
[2026-02-03 15:17:40]   ⊙ No forecast artifacts found
[2026-02-03 15:17:40] 
[132/1077] Run #946 (ID: 21468792337)
[2026-02-03 15:17:40]   Date: 2026-01-29T06:59:09Z
[2026-02-03 15:17:40]   Status: success
[2026-02-03 15:17:41]   - forecast-summaries-946 (0.02 MB)
[2026-02-03 15:17:41] 
[133/1077] Run #945 (ID: 21467303987)
[2026-02-03 15:17:41]   Date: 2026-01-29T05:51:51Z
[2026-02-03 15:17:41]   Status: success
[2026-02-03 15:17:42]   ⊙ No forecast artifacts found
[2026-02-03 15:17:42] 
[134/1077] Run #944 (ID: 21465975639)
[2026-02-03 15:17:42]   Date: 2026-01-29T04:44:11Z
[2026-02-03 15:17:42]   Status: success
[2026-02-03 15:17:42]   - forecast-summaries-944 (0.03 MB)
[2026-02-03 15:17:43] 
[135/1077] Run #943 (ID: 21463528365)
[2026-02-03 15:17:43]   Date: 2026-01-29T02:40:23Z
[2026-02-03 15:17:43]   Status: success
[2026-02-03 15:17:43]   - forecast-summaries-943 (0.02 MB)
[2026-02-03 15:17:44] 
[136/1077] Run #942 (ID: 21459790687)
[2026-02-03 15:17:44]   Date: 2026-01-28T23:44:29Z
[2026-02-03 15:17:44]   Status: success
[2026-02-03 15:17:44]   ⊙ No forecast artifacts found
[2026-02-03 15:17:44] 
[137/1077] Run #941 (ID: 21458747298)
[2026-02-03 15:17:44]   Date: 2026-01-28T23:01:39Z
[2026-02-03 15:17:44]   Status: success
[2026-02-03 15:17:44]   ⊙ No forecast artifacts found
[2026-02-03 15:17:44] 
[138/1077] Run #940 (ID: 21458193501)
[2026-02-03 15:17:44]   Date: 2026-01-28T22:39:44Z
[2026-02-03 15:17:44]   Status: success
[2026-02-03 15:17:45]   ⊙ No forecast artifacts found
[2026-02-03 15:17:45] 
[139/1077] Run #939 (ID: 21457056203)
[2026-02-03 15:17:45]   Date: 2026-01-28T21:59:12Z
[2026-02-03 15:17:45]   Status: success
[2026-02-03 15:17:45]   ⊙ No forecast artifacts found
[2026-02-03 15:17:45] 
[140/1077] Run #938 (ID: 21456382775)
[2026-02-03 15:17:45]   Date: 2026-01-28T21:36:48Z
[2026-02-03 15:17:45]   Status: success
[2026-02-03 15:17:45]   - forecast-summaries-938 (0.02 MB)
[2026-02-03 15:17:46] 
[141/1077] Run #937 (ID: 21454771393)
[2026-02-03 15:17:46]   Date: 2026-01-28T20:43:53Z
[2026-02-03 15:17:46]   Status: success
[2026-02-03 15:17:47]   ⊙ No forecast artifacts found
[2026-02-03 15:17:47] 
[142/1077] Run #936 (ID: 21453410065)
[2026-02-03 15:17:47]   Date: 2026-01-28T19:57:28Z
[2026-02-03 15:17:47]   Status: success
[2026-02-03 15:17:47]   ⊙ No forecast artifacts found
[2026-02-03 15:17:47] 
[143/1077] Run #935 (ID: 21452794512)
[2026-02-03 15:17:47]   Date: 2026-01-28T19:37:30Z
[2026-02-03 15:17:47]   Status: success
[2026-02-03 15:17:47]   - forecast-summaries-935 (0.02 MB)
[2026-02-03 15:17:48] 
[144/1077] Run #934 (ID: 21451495684)
[2026-02-03 15:17:48]   Date: 2026-01-28T18:56:07Z
[2026-02-03 15:17:48]   Status: success
[2026-02-03 15:17:48]   ⊙ No forecast artifacts found
[2026-02-03 15:17:48] 
[145/1077] Run #933 (ID: 21449742330)
[2026-02-03 15:17:49]   Date: 2026-01-28T18:01:08Z
[2026-02-03 15:17:49]   Status: success
[2026-02-03 15:17:49]   ⊙ No forecast artifacts found
[2026-02-03 15:17:49] 
[146/1077] Run #932 (ID: 21449013170)
[2026-02-03 15:17:49]   Date: 2026-01-28T17:38:55Z
[2026-02-03 15:17:49]   Status: success
[2026-02-03 15:17:49]   ⊙ No forecast artifacts found
[2026-02-03 15:17:49] 
[147/1077] Run #931 (ID: 21447296388)
[2026-02-03 15:17:49]   Date: 2026-01-28T16:49:20Z
[2026-02-03 15:17:49]   Status: success
[2026-02-03 15:17:50]   ⊙ No forecast artifacts found
[2026-02-03 15:17:50] 
[148/1077] Run #930 (ID: 21444762453)
[2026-02-03 15:17:50]   Date: 2026-01-28T15:40:30Z
[2026-02-03 15:17:50]   Status: success
[2026-02-03 15:17:50]   ⊙ No forecast artifacts found
[2026-02-03 15:17:50] 
[149/1077] Run #929 (ID: 21442773326)
[2026-02-03 15:17:50]   Date: 2026-01-28T14:45:12Z
[2026-02-03 15:17:50]   Status: success
[2026-02-03 15:17:50]   - forecast-summaries-929 (0.95 MB)
[2026-02-03 15:17:52] 
[150/1077] Run #928 (ID: 21441125651)
[2026-02-03 15:17:52]   Date: 2026-01-28T13:59:02Z
[2026-02-03 15:17:52]   Status: success
[2026-02-03 15:17:52]   - forecast-summaries-928 (0.95 MB)
[2026-02-03 15:17:53] 
[151/1077] Run #927 (ID: 21439418369)
[2026-02-03 15:17:53]   Date: 2026-01-28T13:06:50Z
[2026-02-03 15:17:53]   Status: success
[2026-02-03 15:17:54]   - forecast-summaries-927 (0.97 MB)
[2026-02-03 15:17:55] 
[152/1077] Run #926 (ID: 21436775499)
[2026-02-03 15:17:55]   Date: 2026-01-28T11:40:26Z
[2026-02-03 15:17:55]   Status: success
[2026-02-03 15:17:55]   - forecast-summaries-926 (0.95 MB)
[2026-02-03 15:17:56] 
[153/1077] Run #925 (ID: 21435587706)
[2026-02-03 15:17:56]   Date: 2026-01-28T11:00:50Z
[2026-02-03 15:17:56]   Status: success
[2026-02-03 15:17:57]   - forecast-summaries-925 (0.95 MB)
[2026-02-03 15:17:58] 
[154/1077] Run #924 (ID: 21434859489)
[2026-02-03 15:17:58]   Date: 2026-01-28T10:37:10Z
[2026-02-03 15:17:58]   Status: success
[2026-02-03 15:17:58]   - forecast-summaries-924 (0.95 MB)
[2026-02-03 15:17:59] 
[155/1077] Run #923 (ID: 21433063092)
[2026-02-03 15:17:59]   Date: 2026-01-28T09:41:24Z
[2026-02-03 15:17:59]   Status: success
[2026-02-03 15:17:59]   - forecast-summaries-923 (0.95 MB)
[2026-02-03 15:18:01] 
[156/1077] Run #922 (ID: 21431207201)
[2026-02-03 15:18:01]   Date: 2026-01-28T08:42:02Z
[2026-02-03 15:18:01]   Status: success
[2026-02-03 15:18:01]   - forecast-summaries-922 (0.95 MB)
[2026-02-03 15:18:02] 
[157/1077] Run #921 (ID: 21429827067)
[2026-02-03 15:18:02]   Date: 2026-01-28T07:53:29Z
[2026-02-03 15:18:02]   Status: success
[2026-02-03 15:18:03]   - forecast-summaries-921 (0.95 MB)
[2026-02-03 15:18:04] 
[158/1077] Run #920 (ID: 21429326582)
[2026-02-03 15:18:04]   Date: 2026-01-28T07:33:40Z
[2026-02-03 15:18:04]   Status: success
[2026-02-03 15:18:05]   - forecast-summaries-920 (0.95 MB)
[2026-02-03 15:18:06] 
[159/1077] Run #919 (ID: 21428237610)
[2026-02-03 15:18:06]   Date: 2026-01-28T06:50:58Z
[2026-02-03 15:18:06]   Status: success
[2026-02-03 15:18:06]   - forecast-summaries-919 (0.95 MB)
[2026-02-03 15:18:08] 
[160/1077] Run #918 (ID: 21426947299)
[2026-02-03 15:18:08]   Date: 2026-01-28T05:57:11Z
[2026-02-03 15:18:08]   Status: success
[2026-02-03 15:18:08]   - forecast-summaries-918 (0.95 MB)
[2026-02-03 15:18:09] 
[161/1077] Run #917 (ID: 21426484497)
[2026-02-03 15:18:09]   Date: 2026-01-28T05:35:41Z
[2026-02-03 15:18:09]   Status: success
[2026-02-03 15:18:09]   - forecast-summaries-917 (0.95 MB)
[2026-02-03 15:18:11] 
[162/1077] Run #916 (ID: 21425537990)
[2026-02-03 15:18:11]   Date: 2026-01-28T04:52:19Z
[2026-02-03 15:18:11]   Status: success
[2026-02-03 15:18:11]   - forecast-summaries-916 (0.95 MB)
[2026-02-03 15:18:12] 
[163/1077] Run #915 (ID: 21424400730)
[2026-02-03 15:18:12]   Date: 2026-01-28T03:59:10Z
[2026-02-03 15:18:12]   Status: success
[2026-02-03 15:18:13]   - forecast-summaries-915 (0.95 MB)
[2026-02-03 15:18:14] 
[164/1077] Run #914 (ID: 21422415240)
[2026-02-03 15:18:14]   Date: 2026-01-28T02:23:20Z
[2026-02-03 15:18:14]   Status: success
[2026-02-03 15:18:14]   - forecast-summaries-914 (0.95 MB)
[2026-02-03 15:18:15] 
[165/1077] Run #913 (ID: 21418941556)
[2026-02-03 15:18:15]   Date: 2026-01-27T23:53:03Z
[2026-02-03 15:18:15]   Status: success
[2026-02-03 15:18:16]   - forecast-summaries-913 (0.95 MB)
[2026-02-03 15:18:17] 
[166/1077] Run #912 (ID: 21418373299)
[2026-02-03 15:18:17]   Date: 2026-01-27T23:29:52Z
[2026-02-03 15:18:17]   Status: success
[2026-02-03 15:18:17]   - forecast-summaries-912 (0.95 MB)
[2026-02-03 15:18:19] 
[167/1077] Run #911 (ID: 21417441318)
[2026-02-03 15:18:19]   Date: 2026-01-27T22:54:29Z
[2026-02-03 15:18:19]   Status: success
[2026-02-03 15:18:19]   - forecast-summaries-911 (0.95 MB)
[2026-02-03 15:18:20] 
[168/1077] Run #910 (ID: 21416733774)
[2026-02-03 15:18:20]   Date: 2026-01-27T22:29:38Z
[2026-02-03 15:18:20]   Status: success
[2026-02-03 15:18:21]   - forecast-summaries-910 (0.95 MB)
[2026-02-03 15:18:22] 
[169/1077] Run #909 (ID: 21415607575)
[2026-02-03 15:18:22]   Date: 2026-01-27T21:51:43Z
[2026-02-03 15:18:22]   Status: success
[2026-02-03 15:18:22]   - forecast-summaries-909 (0.95 MB)
[2026-02-03 15:18:24] 
[170/1077] Run #908 (ID: 21414852974)
[2026-02-03 15:18:24]   Date: 2026-01-27T21:26:50Z
[2026-02-03 15:18:24]   Status: success
[2026-02-03 15:18:24]   - forecast-summaries-908 (0.95 MB)
[2026-02-03 15:18:25] 
[171/1077] Run #907 (ID: 21413834818)
[2026-02-03 15:18:25]   Date: 2026-01-27T20:55:35Z
[2026-02-03 15:18:25]   Status: success
[2026-02-03 15:18:25]   - forecast-summaries-907 (0.95 MB)
[2026-02-03 15:18:27] 
[172/1077] Run #906 (ID: 21413080508)
[2026-02-03 15:18:27]   Date: 2026-01-27T20:30:55Z
[2026-02-03 15:18:27]   Status: success
[2026-02-03 15:18:27]   - forecast-summaries-906 (0.95 MB)
[2026-02-03 15:18:28] 
[173/1077] Run #905 (ID: 21411957890)
[2026-02-03 15:18:28]   Date: 2026-01-27T19:54:48Z
[2026-02-03 15:18:28]   Status: success
[2026-02-03 15:18:29]   - forecast-summaries-905 (0.95 MB)
[2026-02-03 15:18:30] 
[174/1077] Run #904 (ID: 21411258650)
[2026-02-03 15:18:30]   Date: 2026-01-27T19:33:14Z
[2026-02-03 15:18:30]   Status: success
[2026-02-03 15:18:30]   - forecast-summaries-904 (0.95 MB)
[2026-02-03 15:18:32] 
[175/1077] Run #903 (ID: 21409993531)
[2026-02-03 15:18:32]   Date: 2026-01-27T18:53:55Z
[2026-02-03 15:18:32]   Status: success
[2026-02-03 15:18:32]   - forecast-summaries-903 (0.95 MB)
[2026-02-03 15:18:33] 
[176/1077] Run #902 (ID: 21408272237)
[2026-02-03 15:18:33]   Date: 2026-01-27T17:57:56Z
[2026-02-03 15:18:33]   Status: success
[2026-02-03 15:18:34]   - forecast-summaries-902 (0.95 MB)
[2026-02-03 15:18:35] 
[177/1077] Run #901 (ID: 21407564018)
[2026-02-03 15:18:35]   Date: 2026-01-27T17:35:13Z
[2026-02-03 15:18:35]   Status: success
[2026-02-03 15:18:35]   - forecast-summaries-901 (0.97 MB)
[2026-02-03 15:18:37] 
[178/1077] Run #900 (ID: 21405813003)
[2026-02-03 15:18:37]   Date: 2026-01-27T16:42:17Z
[2026-02-03 15:18:37]   Status: success
[2026-02-03 15:18:37]   - forecast-summaries-900 (0.95 MB)
[2026-02-03 15:18:38] 
[179/1077] Run #899 (ID: 21404247225)
[2026-02-03 15:18:38]   Date: 2026-01-27T15:58:16Z
[2026-02-03 15:18:38]   Status: success
[2026-02-03 15:18:38]   - forecast-summaries-899 (0.95 MB)
[2026-02-03 15:18:40] 
[180/1077] Run #898 (ID: 21403499367)
[2026-02-03 15:18:40]   Date: 2026-01-27T15:37:12Z
[2026-02-03 15:18:40]   Status: success
[2026-02-03 15:18:40]   - forecast-summaries-898 (0.95 MB)
[2026-02-03 15:18:42] 
[181/1077] Run #897 (ID: 21401606448)
[2026-02-03 15:18:42]   Date: 2026-01-27T14:44:40Z
[2026-02-03 15:18:42]   Status: success
[2026-02-03 15:18:42]   - forecast-summaries-897 (0.95 MB)
[2026-02-03 15:18:43] 
[182/1077] Run #896 (ID: 21400022512)
[2026-02-03 15:18:43]   Date: 2026-01-27T13:59:04Z
[2026-02-03 15:18:43]   Status: success
[2026-02-03 15:18:43]   - forecast-summaries-896 (0.98 MB)
[2026-02-03 15:18:45] 
[183/1077] Run #895 (ID: 21398342823)
[2026-02-03 15:18:45]   Date: 2026-01-27T13:06:34Z
[2026-02-03 15:18:45]   Status: success
[2026-02-03 15:18:45]   - forecast-summaries-895 (0.95 MB)
[2026-02-03 15:18:47] 
[184/1077] Run #894 (ID: 21395784667)
[2026-02-03 15:18:47]   Date: 2026-01-27T11:40:58Z
[2026-02-03 15:18:47]   Status: success
[2026-02-03 15:18:47]   - forecast-summaries-894 (0.95 MB)
[2026-02-03 15:18:48] 
[185/1077] Run #893 (ID: 21394600399)
[2026-02-03 15:18:48]   Date: 2026-01-27T11:00:58Z
[2026-02-03 15:18:48]   Status: success
[2026-02-03 15:18:49]   - forecast-summaries-893 (0.95 MB)
[2026-02-03 15:18:50] 
[186/1077] Run #892 (ID: 21393893446)
[2026-02-03 15:18:50]   Date: 2026-01-27T10:36:56Z
[2026-02-03 15:18:50]   Status: success
[2026-02-03 15:18:50]   - forecast-summaries-892 (0.95 MB)
[2026-02-03 15:18:51] 
[187/1077] Run #891 (ID: 21392140630)
[2026-02-03 15:18:51]   Date: 2026-01-27T09:40:49Z
[2026-02-03 15:18:51]   Status: success
[2026-02-03 15:18:52]   - forecast-summaries-891 (0.95 MB)
[2026-02-03 15:18:53] 
[188/1077] Run #890 (ID: 21390367457)
[2026-02-03 15:18:53]   Date: 2026-01-27T08:42:34Z
[2026-02-03 15:18:53]   Status: success
[2026-02-03 15:18:53]   - forecast-summaries-890 (0.95 MB)
[2026-02-03 15:18:55] 
[189/1077] Run #889 (ID: 21389045481)
[2026-02-03 15:18:55]   Date: 2026-01-27T07:54:12Z
[2026-02-03 15:18:55]   Status: success
[2026-02-03 15:18:55]   - forecast-summaries-889 (0.95 MB)
[2026-02-03 15:18:56] 
[190/1077] Run #888 (ID: 21388579976)
[2026-02-03 15:18:56]   Date: 2026-01-27T07:35:02Z
[2026-02-03 15:18:56]   Status: success
[2026-02-03 15:18:57]   - forecast-summaries-888 (0.95 MB)
[2026-02-03 15:18:58] 
[191/1077] Run #887 (ID: 21387530833)
[2026-02-03 15:18:58]   Date: 2026-01-27T06:51:00Z
[2026-02-03 15:18:58]   Status: success
[2026-02-03 15:18:58]   - forecast-summaries-887 (0.95 MB)
[2026-02-03 15:19:00] 
[192/1077] Run #886 (ID: 21386337582)
[2026-02-03 15:19:00]   Date: 2026-01-27T05:57:29Z
[2026-02-03 15:19:00]   Status: success
[2026-02-03 15:19:00]   - forecast-summaries-886 (0.95 MB)
[2026-02-03 15:19:01] 
[193/1077] Run #885 (ID: 21385952395)
[2026-02-03 15:19:01]   Date: 2026-01-27T05:38:44Z
[2026-02-03 15:19:01]   Status: success
[2026-02-03 15:19:02]   - forecast-summaries-885 (0.95 MB)
[2026-02-03 15:19:03] 
[194/1077] Run #884 (ID: 21385151190)
[2026-02-03 15:19:03]   Date: 2026-01-27T04:59:37Z
[2026-02-03 15:19:03]   Status: success
[2026-02-03 15:19:03]   - forecast-summaries-884 (0.95 MB)
[2026-02-03 15:19:04] 
[195/1077] Run #883 (ID: 21384011588)
[2026-02-03 15:19:04]   Date: 2026-01-27T04:01:20Z
[2026-02-03 15:19:04]   Status: success
[2026-02-03 15:19:05]   - forecast-summaries-883 (0.95 MB)
[2026-02-03 15:19:06] 
[196/1077] Run #882 (ID: 21382164075)
[2026-02-03 15:19:06]   Date: 2026-01-27T02:27:10Z
[2026-02-03 15:19:06]   Status: success
[2026-02-03 15:19:07]   - forecast-summaries-882 (0.95 MB)
[2026-02-03 15:19:08] 
[197/1077] Run #881 (ID: 21378638638)
[2026-02-03 15:19:08]   Date: 2026-01-26T23:53:17Z
[2026-02-03 15:19:08]   Status: success
[2026-02-03 15:19:09]   - forecast-summaries-881 (0.95 MB)
[2026-02-03 15:19:10] 
[198/1077] Run #880 (ID: 21378065752)
[2026-02-03 15:19:10]   Date: 2026-01-26T23:30:23Z
[2026-02-03 15:19:10]   Status: success
[2026-02-03 15:19:10]   - forecast-summaries-880 (0.95 MB)
[2026-02-03 15:19:12] 
[199/1077] Run #879 (ID: 21377156370)
[2026-02-03 15:19:12]   Date: 2026-01-26T22:54:43Z
[2026-02-03 15:19:12]   Status: success
[2026-02-03 15:19:12]   - forecast-summaries-879 (0.95 MB)
[2026-02-03 15:19:13] 
[200/1077] Run #878 (ID: 21376494878)
[2026-02-03 15:19:13]   Date: 2026-01-26T22:30:27Z
[2026-02-03 15:19:13]   Status: success
[2026-02-03 15:19:14]   - forecast-summaries-878 (0.97 MB)
[2026-02-03 15:19:15] 
[201/1077] Run #877 (ID: 21375409552)
[2026-02-03 15:19:15]   Date: 2026-01-26T21:54:29Z
[2026-02-03 15:19:15]   Status: success
[2026-02-03 15:19:16]   - forecast-summaries-877 (0.95 MB)
[2026-02-03 15:19:17] 
[202/1077] Run #876 (ID: 21374766757)
[2026-02-03 15:19:17]   Date: 2026-01-26T21:33:15Z
[2026-02-03 15:19:17]   Status: success
[2026-02-03 15:19:17]   - forecast-summaries-876 (0.95 MB)
[2026-02-03 15:19:18] 
[203/1077] Run #875 (ID: 21373677351)
[2026-02-03 15:19:18]   Date: 2026-01-26T20:57:00Z
[2026-02-03 15:19:18]   Status: success
[2026-02-03 15:19:19]   - forecast-summaries-875 (0.95 MB)
[2026-02-03 15:19:20] 
[204/1077] Run #874 (ID: 21373042221)
[2026-02-03 15:19:20]   Date: 2026-01-26T20:35:33Z
[2026-02-03 15:19:20]   Status: success
[2026-02-03 15:19:20]   - forecast-summaries-874 (0.95 MB)
[2026-02-03 15:19:21] 
[205/1077] Run #873 (ID: 21371757102)
[2026-02-03 15:19:21]   Date: 2026-01-26T19:52:27Z
[2026-02-03 15:19:21]   Status: success
[2026-02-03 15:19:22]   - forecast-summaries-873 (0.95 MB)
[2026-02-03 15:19:23] 
[206/1077] Run #872 (ID: 21371081739)
[2026-02-03 15:19:23]   Date: 2026-01-26T19:30:00Z
[2026-02-03 15:19:23]   Status: success
[2026-02-03 15:19:24]   - forecast-summaries-872 (0.98 MB)
[2026-02-03 15:19:25] 
[207/1077] Run #871 (ID: 21369890385)
[2026-02-03 15:19:25]   Date: 2026-01-26T18:51:24Z
[2026-02-03 15:19:25]   Status: success
[2026-02-03 15:19:25]   - forecast-summaries-871 (0.95 MB)
[2026-02-03 15:19:27] 
[208/1077] Run #870 (ID: 21368256166)
[2026-02-03 15:19:27]   Date: 2026-01-26T17:58:06Z
[2026-02-03 15:19:27]   Status: success
[2026-02-03 15:19:27]   - forecast-summaries-870 (0.95 MB)
[2026-02-03 15:19:28] 
[209/1077] Run #869 (ID: 21367590289)
[2026-02-03 15:19:28]   Date: 2026-01-26T17:36:46Z
[2026-02-03 15:19:28]   Status: success
[2026-02-03 15:19:29]   - forecast-summaries-869 (0.95 MB)
[2026-02-03 15:19:30] 
[210/1077] Run #868 (ID: 21365838154)
[2026-02-03 15:19:30]   Date: 2026-01-26T16:43:14Z
[2026-02-03 15:19:30]   Status: success
[2026-02-03 15:19:30]   - forecast-summaries-868 (0.97 MB)
[2026-02-03 15:19:31] 
[211/1077] Run #867 (ID: 21363984982)
[2026-02-03 15:19:31]   Date: 2026-01-26T15:48:04Z
[2026-02-03 15:19:31]   Status: success
[2026-02-03 15:19:32]   - forecast-summaries-867 (0.98 MB)
[2026-02-03 15:19:33] 
[212/1077] Run #866 (ID: 21362391828)
[2026-02-03 15:19:33]   Date: 2026-01-26T15:01:45Z
[2026-02-03 15:19:33]   Status: success
[2026-02-03 15:19:33]   - forecast-summaries-866 (0.95 MB)
[2026-02-03 15:19:35] 
[213/1077] Run #865 (ID: 21361625356)
[2026-02-03 15:19:35]   Date: 2026-01-26T14:38:55Z
[2026-02-03 15:19:35]   Status: success
[2026-02-03 15:19:35]   - forecast-summaries-865 (0.95 MB)
[2026-02-03 15:19:36] 
[214/1077] Run #864 (ID: 21360249600)
[2026-02-03 15:19:36]   Date: 2026-01-26T13:56:48Z
[2026-02-03 15:19:36]   Status: success
[2026-02-03 15:19:37]   - forecast-summaries-864 (0.95 MB)
[2026-02-03 15:19:38] 
[215/1077] Run #863 (ID: 21358673920)
[2026-02-03 15:19:38]   Date: 2026-01-26T13:04:24Z
[2026-02-03 15:19:38]   Status: success
[2026-02-03 15:19:38]   - forecast-summaries-863 (0.95 MB)
[2026-02-03 15:19:40] 
[216/1077] Run #862 (ID: 21356650903)
[2026-02-03 15:19:40]   Date: 2026-01-26T11:51:16Z
[2026-02-03 15:19:40]   Status: success
[2026-02-03 15:19:40]   - forecast-summaries-862 (0.95 MB)
[2026-02-03 15:19:41] 
[217/1077] Run #861 (ID: 21356105976)
[2026-02-03 15:19:41]   Date: 2026-01-26T11:30:41Z
[2026-02-03 15:19:41]   Status: success
[2026-02-03 15:19:41]   - forecast-summaries-861 (0.95 MB)
[2026-02-03 15:19:42] 
[218/1077] Run #860 (ID: 21355224008)
[2026-02-03 15:19:42]   Date: 2026-01-26T10:58:29Z
[2026-02-03 15:19:42]   Status: success
[2026-02-03 15:19:43]   - forecast-summaries-860 (0.95 MB)
[2026-02-03 15:19:44] 
[219/1077] Run #859 (ID: 21354598208)
[2026-02-03 15:19:44]   Date: 2026-01-26T10:35:40Z
[2026-02-03 15:19:44]   Status: success
[2026-02-03 15:19:44]   - forecast-summaries-859 (0.95 MB)
[2026-02-03 15:19:46] 
[220/1077] Run #858 (ID: 21353017906)
[2026-02-03 15:19:46]   Date: 2026-01-26T09:41:58Z
[2026-02-03 15:19:46]   Status: success
[2026-02-03 15:19:46]   - forecast-summaries-858 (0.95 MB)
[2026-02-03 15:19:47] 
[221/1077] Run #857 (ID: 21351387496)
[2026-02-03 15:19:47]   Date: 2026-01-26T08:42:52Z
[2026-02-03 15:19:47]   Status: success
[2026-02-03 15:19:47]   - forecast-summaries-857 (0.95 MB)
[2026-02-03 15:19:49] 
[222/1077] Run #856 (ID: 21350177750)
[2026-02-03 15:19:49]   Date: 2026-01-26T07:53:56Z
[2026-02-03 15:19:49]   Status: success
[2026-02-03 15:19:49]   - forecast-summaries-856 (0.95 MB)
[2026-02-03 15:19:55] 
[223/1077] Run #855 (ID: 21349756221)
[2026-02-03 15:19:55]   Date: 2026-01-26T07:34:45Z
[2026-02-03 15:19:55]   Status: success
[2026-02-03 15:19:55]   - forecast-summaries-855 (0.95 MB)
[2026-02-03 15:19:57] 
[224/1077] Run #854 (ID: 21348830919)
[2026-02-03 15:19:57]   Date: 2026-01-26T06:50:10Z
[2026-02-03 15:19:57]   Status: success
[2026-02-03 15:19:57]   - forecast-summaries-854 (0.95 MB)
[2026-02-03 15:19:58] 
[225/1077] Run #853 (ID: 21347702131)
[2026-02-03 15:19:58]   Date: 2026-01-26T05:50:35Z
[2026-02-03 15:19:58]   Status: success
[2026-02-03 15:19:59]   - forecast-summaries-853 (0.95 MB)
[2026-02-03 15:20:00] 
[226/1077] Run #852 (ID: 21346946293)
[2026-02-03 15:20:00]   Date: 2026-01-26T05:06:28Z
[2026-02-03 15:20:00]   Status: success
[2026-02-03 15:20:00]   - forecast-summaries-852 (0.98 MB)
[2026-02-03 15:20:02] 
[227/1077] Run #851 (ID: 21345986167)
[2026-02-03 15:20:02]   Date: 2026-01-26T04:09:41Z
[2026-02-03 15:20:02]   Status: success
[2026-02-03 15:20:02]   - forecast-summaries-851 (0.95 MB)
[2026-02-03 15:20:05] 
[228/1077] Run #850 (ID: 21344337239)
[2026-02-03 15:20:05]   Date: 2026-01-26T02:31:25Z
[2026-02-03 15:20:05]   Status: success
[2026-02-03 15:20:05]   - forecast-summaries-850 (0.95 MB)
[2026-02-03 15:20:07] 
[229/1077] Run #849 (ID: 21341757659)
[2026-02-03 15:20:07]   Date: 2026-01-25T23:51:07Z
[2026-02-03 15:20:07]   Status: success
[2026-02-03 15:20:07]   - forecast-summaries-849 (0.95 MB)
[2026-02-03 15:20:09] 
[230/1077] Run #848 (ID: 21341457175)
[2026-02-03 15:20:09]   Date: 2026-01-25T23:27:28Z
[2026-02-03 15:20:09]   Status: success
[2026-02-03 15:20:09]   - forecast-summaries-848 (0.95 MB)
[2026-02-03 15:20:10] 
[231/1077] Run #847 (ID: 21340988562)
[2026-02-03 15:20:10]   Date: 2026-01-25T22:52:25Z
[2026-02-03 15:20:10]   Status: success
[2026-02-03 15:20:11]   - forecast-summaries-847 (0.95 MB)
[2026-02-03 15:20:12] 
[232/1077] Run #846 (ID: 21340672054)
[2026-02-03 15:20:12]   Date: 2026-01-25T22:27:57Z
[2026-02-03 15:20:12]   Status: success
[2026-02-03 15:20:13]   - forecast-summaries-846 (0.95 MB)
[2026-02-03 15:20:14] 
[233/1077] Run #845 (ID: 21340149480)
[2026-02-03 15:20:14]   Date: 2026-01-25T21:49:27Z
[2026-02-03 15:20:14]   Status: success
[2026-02-03 15:20:15]   - forecast-summaries-845 (0.95 MB)
[2026-02-03 15:20:16] 
[234/1077] Run #844 (ID: 21339836315)
[2026-02-03 15:20:16]   Date: 2026-01-25T21:26:16Z
[2026-02-03 15:20:16]   Status: success
[2026-02-03 15:20:16]   - forecast-summaries-844 (0.95 MB)
[2026-02-03 15:20:18] 
[235/1077] Run #843 (ID: 21339374185)
[2026-02-03 15:20:18]   Date: 2026-01-25T20:52:52Z
[2026-02-03 15:20:18]   Status: success
[2026-02-03 15:20:18]   - forecast-summaries-843 (0.95 MB)
[2026-02-03 15:20:20] 
[236/1077] Run #842 (ID: 21339094328)
[2026-02-03 15:20:20]   Date: 2026-01-25T20:31:58Z
[2026-02-03 15:20:20]   Status: success
[2026-02-03 15:20:20]   - forecast-summaries-842 (0.95 MB)
[2026-02-03 15:20:22] 
[237/1077] Run #841 (ID: 21338521026)
[2026-02-03 15:20:22]   Date: 2026-01-25T19:48:12Z
[2026-02-03 15:20:22]   Status: success
[2026-02-03 15:20:22]   - forecast-summaries-841 (0.98 MB)
[2026-02-03 15:20:23] 
[238/1077] Run #840 (ID: 21338216952)
[2026-02-03 15:20:23]   Date: 2026-01-25T19:25:17Z
[2026-02-03 15:20:23]   Status: success
[2026-02-03 15:20:24]   - forecast-summaries-840 (0.95 MB)
[2026-02-03 15:20:25] 
[239/1077] Run #839 (ID: 21337841880)
[2026-02-03 15:20:25]   Date: 2026-01-25T18:58:43Z
[2026-02-03 15:20:25]   Status: success
[2026-02-03 15:20:25]   - forecast-summaries-839 (0.95 MB)
[2026-02-03 15:20:26] 
[240/1077] Run #838 (ID: 21337584547)
[2026-02-03 15:20:26]   Date: 2026-01-25T18:39:14Z
[2026-02-03 15:20:26]   Status: success
[2026-02-03 15:20:27]   - forecast-summaries-838 (0.95 MB)
[2026-02-03 15:20:28] 
[241/1077] Run #837 (ID: 21336920065)
[2026-02-03 15:20:28]   Date: 2026-01-25T17:50:16Z
[2026-02-03 15:20:28]   Status: success
[2026-02-03 15:20:28]   - forecast-summaries-837 (0.95 MB)
[2026-02-03 15:20:29] 
[242/1077] Run #836 (ID: 21336585361)
[2026-02-03 15:20:29]   Date: 2026-01-25T17:25:34Z
[2026-02-03 15:20:29]   Status: success
[2026-02-03 15:20:30]   - forecast-summaries-836 (0.95 MB)
[2026-02-03 15:20:31] 
[243/1077] Run #835 (ID: 21336164360)
[2026-02-03 15:20:31]   Date: 2026-01-25T16:55:19Z
[2026-02-03 15:20:31]   Status: success
[2026-02-03 15:20:31]   - forecast-summaries-835 (0.95 MB)
[2026-02-03 15:20:33] 
[244/1077] Run #834 (ID: 21335894216)
[2026-02-03 15:20:33]   Date: 2026-01-25T16:34:25Z
[2026-02-03 15:20:33]   Status: success
[2026-02-03 15:20:33]   - forecast-summaries-834 (0.98 MB)
[2026-02-03 15:20:34] 
[245/1077] Run #833 (ID: 21335305894)
[2026-02-03 15:20:34]   Date: 2026-01-25T15:50:34Z
[2026-02-03 15:20:34]   Status: success
[2026-02-03 15:20:35]   - forecast-summaries-833 (0.95 MB)
[2026-02-03 15:20:36] 
[246/1077] Run #832 (ID: 21334993723)
[2026-02-03 15:20:36]   Date: 2026-01-25T15:28:04Z
[2026-02-03 15:20:36]   Status: success
[2026-02-03 15:20:36]   - forecast-summaries-832 (0.95 MB)
[2026-02-03 15:20:37] 
[247/1077] Run #831 (ID: 21334483844)
[2026-02-03 15:20:37]   Date: 2026-01-25T14:51:33Z
[2026-02-03 15:20:37]   Status: success
[2026-02-03 15:20:38]   - forecast-summaries-831 (0.95 MB)
[2026-02-03 15:20:39] 
[248/1077] Run #830 (ID: 21334149483)
[2026-02-03 15:20:39]   Date: 2026-01-25T14:26:32Z
[2026-02-03 15:20:39]   Status: success
[2026-02-03 15:20:39]   - forecast-summaries-830 (0.95 MB)
[2026-02-03 15:20:41] 
[249/1077] Run #829 (ID: 21333722983)
[2026-02-03 15:20:41]   Date: 2026-01-25T13:55:01Z
[2026-02-03 15:20:41]   Status: success
[2026-02-03 15:20:41]   - forecast-summaries-829 (0.95 MB)
[2026-02-03 15:20:42] 
[250/1077] Run #828 (ID: 21333505577)
[2026-02-03 15:20:42]   Date: 2026-01-25T13:38:06Z
[2026-02-03 15:20:42]   Status: success
[2026-02-03 15:20:42]   - forecast-summaries-828 (0.95 MB)
[2026-02-03 15:20:44] 
[251/1077] Run #827 (ID: 21332962996)
[2026-02-03 15:20:44]   Date: 2026-01-25T12:57:19Z
[2026-02-03 15:20:44]   Status: success
[2026-02-03 15:20:44]   - forecast-summaries-827 (0.98 MB)
[2026-02-03 15:20:45] 
[252/1077] Run #826 (ID: 21332098262)
[2026-02-03 15:20:45]   Date: 2026-01-25T11:48:19Z
[2026-02-03 15:20:45]   Status: success
[2026-02-03 15:20:46]   - forecast-summaries-826 (0.95 MB)
[2026-02-03 15:20:47] 
[253/1077] Run #825 (ID: 21331798516)
[2026-02-03 15:20:47]   Date: 2026-01-25T11:24:04Z
[2026-02-03 15:20:47]   Status: success
[2026-02-03 15:20:47]   - forecast-summaries-825 (0.95 MB)
[2026-02-03 15:20:48] 
[254/1077] Run #824 (ID: 21331414315)
[2026-02-03 15:20:48]   Date: 2026-01-25T10:52:59Z
[2026-02-03 15:20:48]   Status: success
[2026-02-03 15:20:49]   - forecast-summaries-824 (0.95 MB)
[2026-02-03 15:20:50] 
[255/1077] Run #823 (ID: 21331134146)
[2026-02-03 15:20:50]   Date: 2026-01-25T10:29:44Z
[2026-02-03 15:20:50]   Status: success
[2026-02-03 15:20:51]   - forecast-summaries-823 (0.95 MB)
[2026-02-03 15:20:52] 
[256/1077] Run #822 (ID: 21330661675)
[2026-02-03 15:20:52]   Date: 2026-01-25T09:50:59Z
[2026-02-03 15:20:52]   Status: success
[2026-02-03 15:20:52]   - forecast-summaries-822 (0.95 MB)
[2026-02-03 15:20:53] 
[257/1077] Run #821 (ID: 21330421994)
[2026-02-03 15:20:53]   Date: 2026-01-25T09:31:12Z
[2026-02-03 15:20:53]   Status: success
[2026-02-03 15:20:54]   - forecast-summaries-821 (0.95 MB)
[2026-02-03 15:20:55] 
[258/1077] Run #820 (ID: 21329986436)
[2026-02-03 15:20:55]   Date: 2026-01-25T08:56:17Z
[2026-02-03 15:20:55]   Status: success
[2026-02-03 15:20:55]   - forecast-summaries-820 (0.95 MB)
[2026-02-03 15:20:56] 
[259/1077] Run #819 (ID: 21329741474)
[2026-02-03 15:20:56]   Date: 2026-01-25T08:36:03Z
[2026-02-03 15:20:56]   Status: success
[2026-02-03 15:20:57]   - forecast-summaries-819 (0.95 MB)
[2026-02-03 15:20:58] 
[260/1077] Run #818 (ID: 21329202141)
[2026-02-03 15:20:58]   Date: 2026-01-25T07:49:38Z
[2026-02-03 15:20:58]   Status: success
[2026-02-03 15:20:58]   - forecast-summaries-818 (0.95 MB)
[2026-02-03 15:20:59] 
[261/1077] Run #817 (ID: 21328947394)
[2026-02-03 15:20:59]   Date: 2026-01-25T07:27:46Z
[2026-02-03 15:20:59]   Status: success
[2026-02-03 15:21:00]   - forecast-summaries-817 (0.95 MB)
[2026-02-03 15:21:01] 
[262/1077] Run #816 (ID: 21328411005)
[2026-02-03 15:21:01]   Date: 2026-01-25T06:41:49Z
[2026-02-03 15:21:01]   Status: success
[2026-02-03 15:21:01]   - forecast-summaries-816 (0.95 MB)
[2026-02-03 15:21:02] 
[263/1077] Run #815 (ID: 21327762785)
[2026-02-03 15:21:02]   Date: 2026-01-25T05:46:34Z
[2026-02-03 15:21:02]   Status: success
[2026-02-03 15:21:03]   - forecast-summaries-815 (0.95 MB)
[2026-02-03 15:21:04] 
[264/1077] Run #814 (ID: 21327266322)
[2026-02-03 15:21:04]   Date: 2026-01-25T05:03:03Z
[2026-02-03 15:21:04]   Status: success
[2026-02-03 15:21:04]   - forecast-summaries-814 (0.95 MB)
[2026-02-03 15:21:06] 
[265/1077] Run #813 (ID: 21326627796)
[2026-02-03 15:21:06]   Date: 2026-01-25T04:06:35Z
[2026-02-03 15:21:06]   Status: success
[2026-02-03 15:21:06]   - forecast-summaries-813 (0.95 MB)
[2026-02-03 15:21:07] 
[266/1077] Run #812 (ID: 21325547085)
[2026-02-03 15:21:07]   Date: 2026-01-25T02:32:21Z
[2026-02-03 15:21:07]   Status: success
[2026-02-03 15:21:07]   - forecast-summaries-812 (0.95 MB)
[2026-02-03 15:21:09] 
[267/1077] Run #811 (ID: 21323606484)
[2026-02-03 15:21:09]   Date: 2026-01-24T23:49:53Z
[2026-02-03 15:21:09]   Status: success
[2026-02-03 15:21:09]   - forecast-summaries-811 (0.95 MB)
[2026-02-03 15:21:10] 
[268/1077] Run #810 (ID: 21323328664)
[2026-02-03 15:21:10]   Date: 2026-01-24T23:26:37Z
[2026-02-03 15:21:10]   Status: success
[2026-02-03 15:21:11]   - forecast-summaries-810 (0.95 MB)
[2026-02-03 15:21:12] 
[269/1077] Run #809 (ID: 21322902047)
[2026-02-03 15:21:12]   Date: 2026-01-24T22:51:31Z
[2026-02-03 15:21:12]   Status: success
[2026-02-03 15:21:12]   - forecast-summaries-809 (0.95 MB)
[2026-02-03 15:21:13] 
[270/1077] Run #808 (ID: 21322602424)
[2026-02-03 15:21:13]   Date: 2026-01-24T22:26:48Z
[2026-02-03 15:21:13]   Status: success
[2026-02-03 15:21:14]   - forecast-summaries-808 (0.95 MB)
[2026-02-03 15:21:15] 
[271/1077] Run #807 (ID: 21322143256)
[2026-02-03 15:21:15]   Date: 2026-01-24T21:48:36Z
[2026-02-03 15:21:15]   Status: success
[2026-02-03 15:21:15]   - forecast-summaries-807 (0.95 MB)
[2026-02-03 15:21:17] 
[272/1077] Run #806 (ID: 21321851383)
[2026-02-03 15:21:17]   Date: 2026-01-24T21:24:45Z
[2026-02-03 15:21:17]   Status: success
[2026-02-03 15:21:17]   - forecast-summaries-806 (0.95 MB)
[2026-02-03 15:21:18] 
[273/1077] Run #805 (ID: 21321427163)
[2026-02-03 15:21:18]   Date: 2026-01-24T20:51:10Z
[2026-02-03 15:21:18]   Status: success
[2026-02-03 15:21:19]   - forecast-summaries-805 (0.95 MB)
[2026-02-03 15:21:20] 
[274/1077] Run #804 (ID: 21321155719)
[2026-02-03 15:21:20]   Date: 2026-01-24T20:29:27Z
[2026-02-03 15:21:20]   Status: success
[2026-02-03 15:21:20]   - forecast-summaries-804 (0.95 MB)
[2026-02-03 15:21:22] 
[275/1077] Run #803 (ID: 21320653091)
[2026-02-03 15:21:22]   Date: 2026-01-24T19:48:22Z
[2026-02-03 15:21:22]   Status: success
[2026-02-03 15:21:22]   - forecast-summaries-803 (0.95 MB)
[2026-02-03 15:21:23] 
[276/1077] Run #802 (ID: 21320348064)
[2026-02-03 15:21:23]   Date: 2026-01-24T19:24:47Z
[2026-02-03 15:21:23]   Status: success
[2026-02-03 15:21:23]   - forecast-summaries-802 (0.95 MB)
[2026-02-03 15:21:25] 
[277/1077] Run #801 (ID: 21319996244)
[2026-02-03 15:21:25]   Date: 2026-01-24T18:58:35Z
[2026-02-03 15:21:25]   Status: success
[2026-02-03 15:21:25]   - forecast-summaries-801 (0.95 MB)
[2026-02-03 15:21:26] 
[278/1077] Run #800 (ID: 21319755932)
[2026-02-03 15:21:26]   Date: 2026-01-24T18:39:14Z
[2026-02-03 15:21:26]   Status: success
[2026-02-03 15:21:27]   - forecast-summaries-800 (0.95 MB)
[2026-02-03 15:21:28] 
[279/1077] Run #799 (ID: 21319121047)
[2026-02-03 15:21:28]   Date: 2026-01-24T17:49:09Z
[2026-02-03 15:21:28]   Status: success
[2026-02-03 15:21:28]   - forecast-summaries-799 (0.95 MB)
[2026-02-03 15:21:30] 
[280/1077] Run #798 (ID: 21318800467)
[2026-02-03 15:21:30]   Date: 2026-01-24T17:24:41Z
[2026-02-03 15:21:30]   Status: success
[2026-02-03 15:21:30]   - forecast-summaries-798 (0.95 MB)
[2026-02-03 15:21:31] 
[281/1077] Run #797 (ID: 21318401849)
[2026-02-03 15:21:31]   Date: 2026-01-24T16:54:12Z
[2026-02-03 15:21:31]   Status: success
[2026-02-03 15:21:31]   - forecast-summaries-797 (0.95 MB)
[2026-02-03 15:21:33] 
[282/1077] Run #796 (ID: 21318148313)
[2026-02-03 15:21:33]   Date: 2026-01-24T16:33:24Z
[2026-02-03 15:21:33]   Status: success
[2026-02-03 15:21:33]   - forecast-summaries-796 (0.95 MB)
[2026-02-03 15:21:34] 
[283/1077] Run #795 (ID: 21317614956)
[2026-02-03 15:21:34]   Date: 2026-01-24T15:49:36Z
[2026-02-03 15:21:34]   Status: success
[2026-02-03 15:21:35]   - forecast-summaries-795 (0.97 MB)
[2026-02-03 15:21:36] 
[284/1077] Run #794 (ID: 21317334845)
[2026-02-03 15:21:36]   Date: 2026-01-24T15:27:06Z
[2026-02-03 15:21:36]   Status: success
[2026-02-03 15:21:36]   - forecast-summaries-794 (0.95 MB)
[2026-02-03 15:21:38] 
[285/1077] Run #793 (ID: 21316875953)
[2026-02-03 15:21:38]   Date: 2026-01-24T14:51:29Z
[2026-02-03 15:21:38]   Status: success
[2026-02-03 15:21:38]   - forecast-summaries-793 (0.95 MB)
[2026-02-03 15:21:39] 
[286/1077] Run #792 (ID: 21316564668)
[2026-02-03 15:21:39]   Date: 2026-01-24T14:26:59Z
[2026-02-03 15:21:39]   Status: success
[2026-02-03 15:21:39]   - forecast-summaries-792 (0.95 MB)
[2026-02-03 15:21:41] 
[287/1077] Run #791 (ID: 21316141419)
[2026-02-03 15:21:41]   Date: 2026-01-24T13:52:33Z
[2026-02-03 15:21:41]   Status: success
[2026-02-03 15:21:41]   - forecast-summaries-791 (0.95 MB)
[2026-02-03 15:21:42] 
[288/1077] Run #790 (ID: 21315941408)
[2026-02-03 15:21:42]   Date: 2026-01-24T13:35:55Z
[2026-02-03 15:21:42]   Status: success
[2026-02-03 15:21:42]   - forecast-summaries-790 (0.95 MB)
[2026-02-03 15:21:44] 
[289/1077] Run #789 (ID: 21315428828)
[2026-02-03 15:21:44]   Date: 2026-01-24T12:55:22Z
[2026-02-03 15:21:44]   Status: success
[2026-02-03 15:21:44]   - forecast-summaries-789 (0.95 MB)
[2026-02-03 15:21:45] 
[290/1077] Run #788 (ID: 21314631472)
[2026-02-03 15:21:45]   Date: 2026-01-24T11:48:29Z
[2026-02-03 15:21:45]   Status: success
[2026-02-03 15:21:46]   - forecast-summaries-788 (0.95 MB)
[2026-02-03 15:21:47] 
[291/1077] Run #787 (ID: 21314345671)
[2026-02-03 15:21:47]   Date: 2026-01-24T11:23:57Z
[2026-02-03 15:21:47]   Status: success
[2026-02-03 15:21:47]   - forecast-summaries-787 (0.95 MB)
[2026-02-03 15:21:48] 
[292/1077] Run #786 (ID: 21313970774)
[2026-02-03 15:21:48]   Date: 2026-01-24T10:52:17Z
[2026-02-03 15:21:48]   Status: success
[2026-02-03 15:21:49]   - forecast-summaries-786 (0.95 MB)
[2026-02-03 15:21:50] 
[293/1077] Run #785 (ID: 21313687591)
[2026-02-03 15:21:50]   Date: 2026-01-24T10:29:06Z
[2026-02-03 15:21:50]   Status: success
[2026-02-03 15:21:50]   - forecast-summaries-785 (0.95 MB)
[2026-02-03 15:21:52] 
[294/1077] Run #784 (ID: 21313211804)
[2026-02-03 15:21:52]   Date: 2026-01-24T09:49:53Z
[2026-02-03 15:21:52]   Status: success
[2026-02-03 15:21:52]   - forecast-summaries-784 (0.95 MB)
[2026-02-03 15:21:53] 
[295/1077] Run #783 (ID: 21312959738)
[2026-02-03 15:21:53]   Date: 2026-01-24T09:29:13Z
[2026-02-03 15:21:53]   Status: success
[2026-02-03 15:21:54]   - forecast-summaries-783 (0.95 MB)
[2026-02-03 15:21:55] 
[296/1077] Run #782 (ID: 21312534107)
[2026-02-03 15:21:55]   Date: 2026-01-24T08:55:34Z
[2026-02-03 15:21:55]   Status: success
[2026-02-03 15:21:55]   - forecast-summaries-782 (0.95 MB)
[2026-02-03 15:21:56] 
[297/1077] Run #781 (ID: 21312286970)
[2026-02-03 15:21:56]   Date: 2026-01-24T08:35:10Z
[2026-02-03 15:21:56]   Status: success
[2026-02-03 15:21:57]   - forecast-summaries-781 (0.95 MB)
[2026-02-03 15:21:58] 
[298/1077] Run #780 (ID: 21311733023)
[2026-02-03 15:21:58]   Date: 2026-01-24T07:48:29Z
[2026-02-03 15:21:58]   Status: success
[2026-02-03 15:21:58]   - forecast-summaries-780 (0.95 MB)
[2026-02-03 15:22:00] 
[299/1077] Run #779 (ID: 21311451474)
[2026-02-03 15:22:00]   Date: 2026-01-24T07:26:13Z
[2026-02-03 15:22:00]   Status: success
[2026-02-03 15:22:00]   - forecast-summaries-779 (0.95 MB)
[2026-02-03 15:22:01] 
[300/1077] Run #778 (ID: 21310868486)
[2026-02-03 15:22:01]   Date: 2026-01-24T06:41:11Z
[2026-02-03 15:22:01]   Status: success
[2026-02-03 15:22:02]   - forecast-summaries-778 (0.95 MB)
[2026-02-03 15:22:03] 
[301/1077] Run #777 (ID: 21310101882)
[2026-02-03 15:22:03]   Date: 2026-01-24T05:40:56Z
[2026-02-03 15:22:03]   Status: success
[2026-02-03 15:22:03]   - forecast-summaries-777 (0.95 MB)
[2026-02-03 15:22:04] 
[302/1077] Run #776 (ID: 21309589132)
[2026-02-03 15:22:04]   Date: 2026-01-24T05:00:59Z
[2026-02-03 15:22:04]   Status: success
[2026-02-03 15:22:05]   - forecast-summaries-776 (0.95 MB)
[2026-02-03 15:22:06] 
[303/1077] Run #775 (ID: 21309335856)
[2026-02-03 15:22:06]   Date: 2026-01-24T04:39:53Z
[2026-02-03 15:22:06]   Status: success
[2026-02-03 15:22:06]   - forecast-summaries-775 (0.97 MB)
[2026-02-03 15:22:08] 
[304/1077] Run #774 (ID: 21308650007)
[2026-02-03 15:22:08]   Date: 2026-01-24T03:45:48Z
[2026-02-03 15:22:08]   Status: success
[2026-02-03 15:22:08]   - forecast-summaries-774 (0.97 MB)
[2026-02-03 15:22:10] 
[305/1077] Run #773 (ID: 21307397701)
[2026-02-03 15:22:10]   Date: 2026-01-24T02:10:39Z
[2026-02-03 15:22:10]   Status: success
[2026-02-03 15:22:10]   - forecast-summaries-773 (0.95 MB)
[2026-02-03 15:22:12] 
[306/1077] Run #772 (ID: 21305076858)
[2026-02-03 15:22:12]   Date: 2026-01-23T23:51:20Z
[2026-02-03 15:22:12]   Status: success
[2026-02-03 15:22:12]   - forecast-summaries-772 (0.95 MB)
[2026-02-03 15:22:13] 
[307/1077] Run #771 (ID: 21304621877)
[2026-02-03 15:22:13]   Date: 2026-01-23T23:28:34Z
[2026-02-03 15:22:13]   Status: success
[2026-02-03 15:22:14]   - forecast-summaries-771 (0.98 MB)
[2026-02-03 15:22:15] 
[308/1077] Run #770 (ID: 21303835068)
[2026-02-03 15:22:15]   Date: 2026-01-23T22:52:03Z
[2026-02-03 15:22:15]   Status: success
[2026-02-03 15:22:15]   - forecast-summaries-770 (0.95 MB)
[2026-02-03 15:22:16] 
[309/1077] Run #769 (ID: 21303242273)
[2026-02-03 15:22:16]   Date: 2026-01-23T22:26:23Z
[2026-02-03 15:22:16]   Status: success
[2026-02-03 15:22:17]   - forecast-summaries-769 (0.95 MB)
[2026-02-03 15:22:18] 
[310/1077] Run #768 (ID: 21302363975)
[2026-02-03 15:22:18]   Date: 2026-01-23T21:51:22Z
[2026-02-03 15:22:18]   Status: success
[2026-02-03 15:22:18]   - forecast-summaries-768 (0.95 MB)
[2026-02-03 15:22:20] 
[311/1077] Run #767 (ID: 21301776989)
[2026-02-03 15:22:20]   Date: 2026-01-23T21:28:46Z
[2026-02-03 15:22:20]   Status: success
[2026-02-03 15:22:20]   - forecast-summaries-767 (0.95 MB)
[2026-02-03 15:22:21] 
[312/1077] Run #766 (ID: 21300882852)
[2026-02-03 15:22:21]   Date: 2026-01-23T20:55:09Z
[2026-02-03 15:22:21]   Status: success
[2026-02-03 15:22:21]   - forecast-summaries-766 (0.95 MB)
[2026-02-03 15:22:23] 
[313/1077] Run #765 (ID: 21300330367)
[2026-02-03 15:22:23]   Date: 2026-01-23T20:34:11Z
[2026-02-03 15:22:23]   Status: success
[2026-02-03 15:22:23]   - forecast-summaries-765 (0.95 MB)
[2026-02-03 15:22:24] 
[314/1077] Run #764 (ID: 21299135775)
[2026-02-03 15:22:24]   Date: 2026-01-23T19:49:59Z
[2026-02-03 15:22:24]   Status: success
[2026-02-03 15:22:25]   - forecast-summaries-764 (0.95 MB)
[2026-02-03 15:22:26] 
[315/1077] Run #763 (ID: 21298546715)
[2026-02-03 15:22:26]   Date: 2026-01-23T19:29:25Z
[2026-02-03 15:22:26]   Status: success
[2026-02-03 15:22:26]   - forecast-summaries-763 (0.95 MB)
[2026-02-03 15:22:28] 
[316/1077] Run #762 (ID: 21297320250)
[2026-02-03 15:22:28]   Date: 2026-01-23T18:45:00Z
[2026-02-03 15:22:28]   Status: success
[2026-02-03 15:22:28]   - forecast-summaries-762 (0.95 MB)
[2026-02-03 15:22:29] 
[317/1077] Run #761 (ID: 21295807804)
[2026-02-03 15:22:29]   Date: 2026-01-23T17:52:54Z
[2026-02-03 15:22:29]   Status: success
[2026-02-03 15:22:30]   - forecast-summaries-761 (0.95 MB)
[2026-02-03 15:22:31] 
[318/1077] Run #760 (ID: 21295177881)
[2026-02-03 15:22:31]   Date: 2026-01-23T17:31:13Z
[2026-02-03 15:22:31]   Status: success
[2026-02-03 15:22:31]   - forecast-summaries-760 (1.00 MB)
[2026-02-03 15:22:32] 
[319/1077] Run #759 (ID: 21293751051)
[2026-02-03 15:22:32]   Date: 2026-01-23T16:43:41Z
[2026-02-03 15:22:32]   Status: success
[2026-02-03 15:22:33]   - forecast-summaries-759 (0.95 MB)
[2026-02-03 15:22:34] 
[320/1077] Run #758 (ID: 21292346376)
[2026-02-03 15:22:34]   Date: 2026-01-23T15:57:45Z
[2026-02-03 15:22:34]   Status: success
[2026-02-03 15:22:34]   - forecast-summaries-758 (0.95 MB)
[2026-02-03 15:22:35] 
[321/1077] Run #757 (ID: 21291690897)
[2026-02-03 15:22:35]   Date: 2026-01-23T15:36:17Z
[2026-02-03 15:22:35]   Status: success
[2026-02-03 15:22:36]   - forecast-summaries-757 (0.98 MB)
[2026-02-03 15:22:37] 
[322/1077] Run #756 (ID: 21290482429)
[2026-02-03 15:22:37]   Date: 2026-01-23T14:58:01Z
[2026-02-03 15:22:37]   Status: success
[2026-02-03 15:22:37]   - forecast-summaries-756 (0.95 MB)
[2026-02-03 15:22:39] 
[323/1077] Run #755 (ID: 21289728490)
[2026-02-03 15:22:39]   Date: 2026-01-23T14:33:36Z
[2026-02-03 15:22:39]   Status: success
[2026-02-03 15:22:39]   - forecast-summaries-755 (0.95 MB)
[2026-02-03 15:22:40] 
[324/1077] Run #754 (ID: 21288561116)
[2026-02-03 15:22:40]   Date: 2026-01-23T13:55:11Z
[2026-02-03 15:22:40]   Status: success
[2026-02-03 15:22:41]   - forecast-summaries-754 (0.95 MB)
[2026-02-03 15:22:42] 
[325/1077] Run #753 (ID: 21287102365)
[2026-02-03 15:22:42]   Date: 2026-01-23T13:03:16Z
[2026-02-03 15:22:42]   Status: success
[2026-02-03 15:22:42]   - forecast-summaries-753 (0.97 MB)
[2026-02-03 15:22:43] 
[326/1077] Run #752 (ID: 21285214924)
[2026-02-03 15:22:43]   Date: 2026-01-23T11:52:33Z
[2026-02-03 15:22:43]   Status: success
[2026-02-03 15:22:44]   - forecast-summaries-752 (0.95 MB)
[2026-02-03 15:22:45] 
[327/1077] Run #751 (ID: 21284635139)
[2026-02-03 15:22:45]   Date: 2026-01-23T11:29:54Z
[2026-02-03 15:22:45]   Status: success
[2026-02-03 15:22:45]   - forecast-summaries-751 (0.98 MB)
[2026-02-03 15:22:46] 
[328/1077] Run #750 (ID: 21283759096)
[2026-02-03 15:22:46]   Date: 2026-01-23T10:57:14Z
[2026-02-03 15:22:46]   Status: success
[2026-02-03 15:22:47]   - forecast-summaries-750 (0.95 MB)
[2026-02-03 15:22:48] 
[329/1077] Run #749 (ID: 21283121938)
[2026-02-03 15:22:48]   Date: 2026-01-23T10:33:48Z
[2026-02-03 15:22:48]   Status: success
[2026-02-03 15:22:48]   - forecast-summaries-749 (0.95 MB)
[2026-02-03 15:22:49] 
[330/1077] Run #748 (ID: 21281812670)
[2026-02-03 15:22:49]   Date: 2026-01-23T09:47:39Z
[2026-02-03 15:22:49]   Status: success
[2026-02-03 15:22:50]   - forecast-summaries-748 (0.95 MB)
[2026-02-03 15:22:51] 
[331/1077] Run #747 (ID: 21280572056)
[2026-02-03 15:22:51]   Date: 2026-01-23T09:03:01Z
[2026-02-03 15:22:51]   Status: success
[2026-02-03 15:22:51]   - forecast-summaries-747 (0.95 MB)
[2026-02-03 15:22:53] 
[332/1077] Run #746 (ID: 21279960286)
[2026-02-03 15:22:53]   Date: 2026-01-23T08:39:55Z
[2026-02-03 15:22:53]   Status: success
[2026-02-03 15:22:53]   - forecast-summaries-746 (0.95 MB)
[2026-02-03 15:22:54] 
[333/1077] Run #745 (ID: 21278781986)
[2026-02-03 15:22:54]   Date: 2026-01-23T07:52:02Z
[2026-02-03 15:22:54]   Status: success
[2026-02-03 15:22:55]   - forecast-summaries-745 (0.95 MB)
[2026-02-03 15:22:56] 
[334/1077] Run #744 (ID: 21278341752)
[2026-02-03 15:22:56]   Date: 2026-01-23T07:32:49Z
[2026-02-03 15:22:56]   Status: success
[2026-02-03 15:22:56]   - forecast-summaries-744 (0.95 MB)
[2026-02-03 15:22:58] 
[335/1077] Run #743 (ID: 21277325187)
[2026-02-03 15:22:58]   Date: 2026-01-23T06:46:51Z
[2026-02-03 15:22:58]   Status: success
[2026-02-03 15:22:58]   - forecast-summaries-743 (0.95 MB)
[2026-02-03 15:22:59] 
[336/1077] Run #742 (ID: 21276236514)
[2026-02-03 15:22:59]   Date: 2026-01-23T05:55:00Z
[2026-02-03 15:22:59]   Status: success
[2026-02-03 15:22:59]   - forecast-summaries-742 (0.95 MB)
[2026-02-03 15:23:01] 
[337/1077] Run #741 (ID: 21275840728)
[2026-02-03 15:23:01]   Date: 2026-01-23T05:35:12Z
[2026-02-03 15:23:01]   Status: success
[2026-02-03 15:23:01]   - forecast-summaries-741 (0.97 MB)
[2026-02-03 15:23:02] 
[338/1077] Run #740 (ID: 21275017442)
[2026-02-03 15:23:02]   Date: 2026-01-23T04:51:23Z
[2026-02-03 15:23:02]   Status: success
[2026-02-03 15:23:02]   - forecast-summaries-740 (0.95 MB)
[2026-02-03 15:23:04] 
[339/1077] Run #739 (ID: 21274012121)
[2026-02-03 15:23:04]   Date: 2026-01-23T03:57:03Z
[2026-02-03 15:23:04]   Status: success
[2026-02-03 15:23:04]   - forecast-summaries-739 (0.95 MB)
[2026-02-03 15:23:05] 
[340/1077] Run #738 (ID: 21272256063)
[2026-02-03 15:23:05]   Date: 2026-01-23T02:21:10Z
[2026-02-03 15:23:05]   Status: success
[2026-02-03 15:23:06]   - forecast-summaries-738 (0.95 MB)
[2026-02-03 15:23:07] 
[341/1077] Run #737 (ID: 21269151759)
[2026-02-03 15:23:07]   Date: 2026-01-22T23:51:41Z
[2026-02-03 15:23:07]   Status: success
[2026-02-03 15:23:08]   - forecast-summaries-737 (0.95 MB)
[2026-02-03 15:23:09] 
[342/1077] Run #736 (ID: 21268630445)
[2026-02-03 15:23:09]   Date: 2026-01-22T23:28:34Z
[2026-02-03 15:23:09]   Status: success
[2026-02-03 15:23:09]   - forecast-summaries-736 (0.95 MB)
[2026-02-03 15:23:10] 
[343/1077] Run #735 (ID: 21267820236)
[2026-02-03 15:23:10]   Date: 2026-01-22T22:54:54Z
[2026-02-03 15:23:10]   Status: success
[2026-02-03 15:23:11]   - forecast-summaries-735 (0.95 MB)
[2026-02-03 15:23:12] 
[344/1077] Run #734 (ID: 21267226294)
[2026-02-03 15:23:12]   Date: 2026-01-22T22:30:58Z
[2026-02-03 15:23:12]   Status: success
[2026-02-03 15:23:12]   - forecast-summaries-734 (0.95 MB)
[2026-02-03 15:23:14] 
[345/1077] Run #733 (ID: 21266260301)
[2026-02-03 15:23:14]   Date: 2026-01-22T21:54:33Z
[2026-02-03 15:23:14]   Status: success
[2026-02-03 15:23:14]   - forecast-summaries-733 (0.95 MB)
[2026-02-03 15:23:15] 
[346/1077] Run #732 (ID: 21265663209)
[2026-02-03 15:23:15]   Date: 2026-01-22T21:33:03Z
[2026-02-03 15:23:15]   Status: success
[2026-02-03 15:23:16]   - forecast-summaries-732 (0.97 MB)
[2026-02-03 15:23:17] 
[347/1077] Run #731 (ID: 21264637975)
[2026-02-03 15:23:17]   Date: 2026-01-22T20:57:43Z
[2026-02-03 15:23:17]   Status: success
[2026-02-03 15:23:17]   - forecast-summaries-731 (0.95 MB)
[2026-02-03 15:23:18] 
[348/1077] Run #730 (ID: 21264027481)
[2026-02-03 15:23:18]   Date: 2026-01-22T20:36:20Z
[2026-02-03 15:23:18]   Status: success
[2026-02-03 15:23:19]   - forecast-summaries-730 (0.95 MB)
[2026-02-03 15:23:20] 
[349/1077] Run #729 (ID: 21262736830)
[2026-02-03 15:23:20]   Date: 2026-01-22T19:51:52Z
[2026-02-03 15:23:20]   Status: success
[2026-02-03 15:23:20]   - forecast-summaries-729 (0.95 MB)
[2026-02-03 15:23:22] 
[350/1077] Run #728 (ID: 21262097025)
[2026-02-03 15:23:22]   Date: 2026-01-22T19:30:40Z
[2026-02-03 15:23:22]   Status: success
[2026-02-03 15:23:22]   - forecast-summaries-728 (0.95 MB)
[2026-02-03 15:23:23] 
[351/1077] Run #727 (ID: 21260827470)
[2026-02-03 15:23:23]   Date: 2026-01-22T18:50:02Z
[2026-02-03 15:23:23]   Status: success
[2026-02-03 15:23:23]   - forecast-summaries-727 (0.95 MB)
[2026-02-03 15:23:25] 
[352/1077] Run #726 (ID: 21259185431)
[2026-02-03 15:23:25]   Date: 2026-01-22T17:58:44Z
[2026-02-03 15:23:25]   Status: success
[2026-02-03 15:23:25]   - forecast-summaries-726 (0.95 MB)
[2026-02-03 15:23:26] 
[353/1077] Run #725 (ID: 21258527824)
[2026-02-03 15:23:26]   Date: 2026-01-22T17:37:25Z
[2026-02-03 15:23:26]   Status: success
[2026-02-03 15:23:27]   - forecast-summaries-725 (0.95 MB)
[2026-02-03 15:23:28] 
[354/1077] Run #724 (ID: 21257168212)
[2026-02-03 15:23:28]   Date: 2026-01-22T16:55:29Z
[2026-02-03 15:23:28]   Status: success
[2026-02-03 15:23:28]   - forecast-summaries-724 (0.95 MB)
[2026-02-03 15:23:29] 
[355/1077] Run #723 (ID: 21255357159)
[2026-02-03 15:23:29]   Date: 2026-01-22T16:01:50Z
[2026-02-03 15:23:29]   Status: success
[2026-02-03 15:23:30]   - forecast-summaries-723 (0.95 MB)
[2026-02-03 15:23:31] 
[356/1077] Run #722 (ID: 21254556744)
[2026-02-03 15:23:31]   Date: 2026-01-22T15:38:35Z
[2026-02-03 15:23:31]   Status: success
[2026-02-03 15:23:31]   - forecast-summaries-722 (0.95 MB)
[2026-02-03 15:23:32] 
[357/1077] Run #721 (ID: 21252565425)
[2026-02-03 15:23:32]   Date: 2026-01-22T14:41:21Z
[2026-02-03 15:23:32]   Status: success
[2026-02-03 15:23:33]   - forecast-summaries-721 (0.95 MB)
[2026-02-03 15:23:34] 
[358/1077] Run #720 (ID: 21251212281)
[2026-02-03 15:23:34]   Date: 2026-01-22T13:58:09Z
[2026-02-03 15:23:34]   Status: success
[2026-02-03 15:23:34]   - forecast-summaries-720 (0.95 MB)
[2026-02-03 15:23:35] 
[359/1077] Run #719 (ID: 21249583378)
[2026-02-03 15:23:35]   Date: 2026-01-22T13:06:28Z
[2026-02-03 15:23:35]   Status: success
[2026-02-03 15:23:36]   - forecast-summaries-719 (0.95 MB)
[2026-02-03 15:23:37] 
[360/1077] Run #718 (ID: 21247426714)
[2026-02-03 15:23:37]   Date: 2026-01-22T11:53:06Z
[2026-02-03 15:23:37]   Status: success
[2026-02-03 15:23:37]   - forecast-summaries-718 (0.95 MB)
[2026-02-03 15:23:39] 
[361/1077] Run #717 (ID: 21246766530)
[2026-02-03 15:23:39]   Date: 2026-01-22T11:29:29Z
[2026-02-03 15:23:39]   Status: success
[2026-02-03 15:23:39]   - forecast-summaries-717 (0.95 MB)
[2026-02-03 15:23:40] 
[362/1077] Run #716 (ID: 21245616551)
[2026-02-03 15:23:40]   Date: 2026-01-22T10:49:57Z
[2026-02-03 15:23:40]   Status: success
[2026-02-03 15:23:40]   - forecast-summaries-716 (0.95 MB)
[2026-02-03 15:23:42] 
[363/1077] Run #715 (ID: 21244112361)
[2026-02-03 15:23:42]   Date: 2026-01-22T10:00:02Z
[2026-02-03 15:23:42]   Status: success
[2026-02-03 15:23:42]   - forecast-summaries-715 (0.95 MB)
[2026-02-03 15:23:43] 
[364/1077] Run #714 (ID: 21243501927)
[2026-02-03 15:23:43]   Date: 2026-01-22T09:40:00Z
[2026-02-03 15:23:43]   Status: success
[2026-02-03 15:23:44]   - forecast-summaries-714 (0.95 MB)
[2026-02-03 15:23:45] 
[365/1077] Run #713 (ID: 21241761163)
[2026-02-03 15:23:45]   Date: 2026-01-22T08:42:07Z
[2026-02-03 15:23:45]   Status: success
[2026-02-03 15:23:45]   - forecast-summaries-713 (0.95 MB)
[2026-02-03 15:23:46] 
[366/1077] Run #712 (ID: 21240463476)
[2026-02-03 15:23:46]   Date: 2026-01-22T07:53:36Z
[2026-02-03 15:23:46]   Status: success
[2026-02-03 15:23:46]   - forecast-summaries-712 (0.95 MB)
[2026-02-03 15:23:48] 
[367/1077] Run #711 (ID: 21240016480)
[2026-02-03 15:23:48]   Date: 2026-01-22T07:34:55Z
[2026-02-03 15:23:48]   Status: success
[2026-02-03 15:23:48]   - forecast-summaries-711 (0.95 MB)
[2026-02-03 15:23:49] 
[368/1077] Run #710 (ID: 21238903017)
[2026-02-03 15:23:49]   Date: 2026-01-22T06:46:33Z
[2026-02-03 15:23:49]   Status: success
[2026-02-03 15:23:49]   - forecast-summaries-710 (0.95 MB)
[2026-02-03 15:23:51] 
[369/1077] Run #709 (ID: 21237642884)
[2026-02-03 15:23:51]   Date: 2026-01-22T05:48:32Z
[2026-02-03 15:23:51]   Status: success
[2026-02-03 15:23:51]   - forecast-summaries-709 (0.98 MB)
[2026-02-03 15:23:52] 
[370/1077] Run #708 (ID: 21236776179)
[2026-02-03 15:23:52]   Date: 2026-01-22T05:05:42Z
[2026-02-03 15:23:52]   Status: success
[2026-02-03 15:23:53]   - forecast-summaries-708 (0.95 MB)
[2026-02-03 15:23:54] 
[371/1077] Run #707 (ID: 21236107769)
[2026-02-03 15:23:54]   Date: 2026-01-22T04:30:16Z
[2026-02-03 15:23:54]   Status: success
[2026-02-03 15:23:54]   - forecast-summaries-707 (0.95 MB)
[2026-02-03 15:23:55] 
[372/1077] Run #706 (ID: 21234523458)
[2026-02-03 15:23:55]   Date: 2026-01-22T03:07:22Z
[2026-02-03 15:23:55]   Status: success
[2026-02-03 15:23:56]   - forecast-summaries-706 (0.95 MB)
[2026-02-03 15:23:57] 
[373/1077] Run #705 (ID: 21231631467)
[2026-02-03 15:23:57]   Date: 2026-01-22T00:50:47Z
[2026-02-03 15:23:57]   Status: success
[2026-02-03 15:23:57]   - forecast-summaries-705 (0.95 MB)
[2026-02-03 15:23:58] 
[374/1077] Run #704 (ID: 21230169997)
[2026-02-03 15:23:58]   Date: 2026-01-21T23:53:14Z
[2026-02-03 15:23:58]   Status: success
[2026-02-03 15:23:59]   - forecast-summaries-704 (0.10 MB)
[2026-02-03 15:24:00] 
[375/1077] Run #703 (ID: 21229575991)
[2026-02-03 15:24:00]   Date: 2026-01-21T23:29:49Z
[2026-02-03 15:24:00]   Status: success
[2026-02-03 15:24:00]   - forecast-summaries-703 (0.12 MB)
[2026-02-03 15:24:01] 
[376/1077] Run #702 (ID: 21228707690)
[2026-02-03 15:24:01]   Date: 2026-01-21T22:57:01Z
[2026-02-03 15:24:01]   Status: success
[2026-02-03 15:24:01]   - forecast-summaries-702 (0.10 MB)
[2026-02-03 15:24:02] 
[377/1077] Run #701 (ID: 21227904109)
[2026-02-03 15:24:02]   Date: 2026-01-21T22:24:53Z
[2026-02-03 15:24:02]   Status: success
[2026-02-03 15:24:02]   - forecast-summaries-701 (0.11 MB)
[2026-02-03 15:24:03] 
[378/1077] Run #700 (ID: 21226828890)
[2026-02-03 15:24:03]   Date: 2026-01-21T21:45:44Z
[2026-02-03 15:24:03]   Status: success
[2026-02-03 15:24:03]   - forecast-summaries-700 (0.10 MB)
[2026-02-03 15:24:04] 
[379/1077] Run #699 (ID: 21225546406)
[2026-02-03 15:24:04]   Date: 2026-01-21T21:01:15Z
[2026-02-03 15:24:04]   Status: success
[2026-02-03 15:24:05]   - forecast-summaries-699 (0.10 MB)
[2026-02-03 15:24:06] 
[380/1077] Run #698 (ID: 21224885467)
[2026-02-03 15:24:06]   Date: 2026-01-21T20:37:31Z
[2026-02-03 15:24:06]   Status: success
[2026-02-03 15:24:06]   - forecast-summaries-698 (0.10 MB)
[2026-02-03 15:24:07] 
[381/1077] Run #697 (ID: 21223740448)
[2026-02-03 15:24:07]   Date: 2026-01-21T19:57:27Z
[2026-02-03 15:24:07]   Status: success
[2026-02-03 15:24:07]   - forecast-summaries-697 (0.10 MB)
[2026-02-03 15:24:08] 
[382/1077] Run #696 (ID: 21222846763)
[2026-02-03 15:24:08]   Date: 2026-01-21T19:26:01Z
[2026-02-03 15:24:08]   Status: success
[2026-02-03 15:24:08]   - forecast-summaries-696 (0.12 MB)
[2026-02-03 15:24:09] 
[383/1077] Run #695 (ID: 21221508682)
[2026-02-03 15:24:09]   Date: 2026-01-21T18:41:45Z
[2026-02-03 15:24:09]   Status: success
[2026-02-03 15:24:09]   - forecast-summaries-695 (0.10 MB)
[2026-02-03 15:24:10] 
[384/1077] Run #694 (ID: 21220059650)
[2026-02-03 15:24:10]   Date: 2026-01-21T17:53:59Z
[2026-02-03 15:24:10]   Status: success
[2026-02-03 15:24:11]   - forecast-summaries-694 (0.10 MB)
[2026-02-03 15:24:12] 
[385/1077] Run #693 (ID: 21217953795)
[2026-02-03 15:24:12]   Date: 2026-01-21T16:45:49Z
[2026-02-03 15:24:12]   Status: success
[2026-02-03 15:24:12]   - forecast-summaries-693 (0.10 MB)
[2026-02-03 15:24:13] 
[386/1077] Run #692 (ID: 21216132279)
[2026-02-03 15:24:13]   Date: 2026-01-21T15:51:06Z
[2026-02-03 15:24:13]   Status: success
[2026-02-03 15:24:13]   - forecast-summaries-692 (0.14 MB)
[2026-02-03 15:24:14] 
[387/1077] Run #691 (ID: 21214387259)
[2026-02-03 15:24:14]   Date: 2026-01-21T15:00:44Z
[2026-02-03 15:24:14]   Status: success
[2026-02-03 15:24:14]   - forecast-summaries-691 (0.10 MB)
[2026-02-03 15:24:15] 
[388/1077] Run #690 (ID: 21213357753)
[2026-02-03 15:24:15]   Date: 2026-01-21T14:30:23Z
[2026-02-03 15:24:15]   Status: success
[2026-02-03 15:24:16]   - forecast-summaries-690 (0.10 MB)
[2026-02-03 15:24:16] 
[389/1077] Run #689 (ID: 21211896427)
[2026-02-03 15:24:16]   Date: 2026-01-21T13:45:28Z
[2026-02-03 15:24:16]   Status: success
[2026-02-03 15:24:17]   - forecast-summaries-689 (0.10 MB)
[2026-02-03 15:24:18] 
[390/1077] Run #688 (ID: 21210214111)
[2026-02-03 15:24:18]   Date: 2026-01-21T12:50:10Z
[2026-02-03 15:24:18]   Status: success
[2026-02-03 15:24:18]   - forecast-summaries-688 (0.10 MB)
[2026-02-03 15:24:19] 
[391/1077] Run #687 (ID: 21208508849)
[2026-02-03 15:24:19]   Date: 2026-01-21T11:51:08Z
[2026-02-03 15:24:19]   Status: success
[2026-02-03 15:24:19]   - forecast-summaries-687 (0.12 MB)
[2026-02-03 15:24:20] 
[392/1077] Run #686 (ID: 21207985514)
[2026-02-03 15:24:20]   Date: 2026-01-21T11:32:21Z
[2026-02-03 15:24:20]   Status: success
[2026-02-03 15:24:21]   - forecast-summaries-686 (0.10 MB)
[2026-02-03 15:24:22] 
[393/1077] Run #685 (ID: 21207009350)
[2026-02-03 15:24:22]   Date: 2026-01-21T10:58:45Z
[2026-02-03 15:24:22]   Status: success
[2026-02-03 15:24:22]   - forecast-summaries-685 (0.10 MB)
[2026-02-03 15:24:23] 
[394/1077] Run #684 (ID: 21206079070)
[2026-02-03 15:24:23]   Date: 2026-01-21T10:28:24Z
[2026-02-03 15:24:23]   Status: success
[2026-02-03 15:24:23]   - forecast-summaries-684 (0.10 MB)
[2026-02-03 15:24:24] 
[395/1077] Run #683 (ID: 21204820884)
[2026-02-03 15:24:24]   Date: 2026-01-21T09:48:27Z
[2026-02-03 15:24:24]   Status: success
[2026-02-03 15:24:24]   - forecast-summaries-683 (0.10 MB)
[2026-02-03 15:24:25] 
[396/1077] Run #682 (ID: 21203371717)
[2026-02-03 15:24:25]   Date: 2026-01-21T09:00:51Z
[2026-02-03 15:24:25]   Status: success
[2026-02-03 15:24:26]   - forecast-summaries-682 (0.10 MB)
[2026-02-03 15:24:27] 
[397/1077] Run #681 (ID: 21202561273)
[2026-02-03 15:24:27]   Date: 2026-01-21T08:31:34Z
[2026-02-03 15:24:27]   Status: success
[2026-02-03 15:24:27]   - forecast-summaries-681 (0.10 MB)
[2026-02-03 15:24:28] 
[398/1077] Run #680 (ID: 21201366449)
[2026-02-03 15:24:28]   Date: 2026-01-21T07:45:22Z
[2026-02-03 15:24:28]   Status: success
[2026-02-03 15:24:28]   - forecast-summaries-680 (0.10 MB)
[2026-02-03 15:24:29] 
[399/1077] Run #679 (ID: 21200418125)
[2026-02-03 15:24:29]   Date: 2026-01-21T07:04:47Z
[2026-02-03 15:24:29]   Status: success
[2026-02-03 15:24:29]   - forecast-summaries-679 (0.12 MB)
[2026-02-03 15:24:30] 
[400/1077] Run #678 (ID: 21199867142)
[2026-02-03 15:24:30]   Date: 2026-01-21T06:38:49Z
[2026-02-03 15:24:30]   Status: success
[2026-02-03 15:24:31]   - forecast-summaries-678 (0.10 MB)
[2026-02-03 15:24:31] 
[401/1077] Run #677 (ID: 21198956118)
[2026-02-03 15:24:31]   Date: 2026-01-21T05:55:43Z
[2026-02-03 15:24:31]   Status: success
[2026-02-03 15:24:32]   - forecast-summaries-677 (0.10 MB)
[2026-02-03 15:24:33] 
[402/1077] Run #676 (ID: 21198407224)
[2026-02-03 15:24:33]   Date: 2026-01-21T05:28:16Z
[2026-02-03 15:24:33]   Status: success
[2026-02-03 15:24:33]   - forecast-summaries-676 (0.10 MB)
[2026-02-03 15:24:34] 
[403/1077] Run #675 (ID: 21197532442)
[2026-02-03 15:24:34]   Date: 2026-01-21T04:43:35Z
[2026-02-03 15:24:34]   Status: success
[2026-02-03 15:24:34]   - forecast-summaries-675 (0.10 MB)
[2026-02-03 15:24:35] 
[404/1077] Run #674 (ID: 21196413505)
[2026-02-03 15:24:35]   Date: 2026-01-21T03:43:29Z
[2026-02-03 15:24:35]   Status: success
[2026-02-03 15:24:35]   - forecast-summaries-674 (0.10 MB)
[2026-02-03 15:24:36] 
[405/1077] Run #673 (ID: 21194180683)
[2026-02-03 15:24:36]   Date: 2026-01-21T01:47:24Z
[2026-02-03 15:24:36]   Status: success
[2026-02-03 15:24:37]   - forecast-summaries-673 (0.10 MB)
[2026-02-03 15:24:37] 
[406/1077] Run #672 (ID: 21191658606)
[2026-02-03 15:24:38]   Date: 2026-01-20T23:50:57Z
[2026-02-03 15:24:38]   Status: success
[2026-02-03 15:24:38]   - forecast-summaries-672 (0.12 MB)
[2026-02-03 15:24:39] 
[407/1077] Run #671 (ID: 21190962934)
[2026-02-03 15:24:39]   Date: 2026-01-20T23:21:46Z
[2026-02-03 15:24:39]   Status: success
[2026-02-03 15:24:39]   - forecast-summaries-671 (0.10 MB)
[2026-02-03 15:24:40] 
[408/1077] Run #670 (ID: 21190171171)
[2026-02-03 15:24:40]   Date: 2026-01-20T22:49:23Z
[2026-02-03 15:24:40]   Status: success
[2026-02-03 15:24:40]   - forecast-summaries-670 (0.10 MB)
[2026-02-03 15:24:41] 
[409/1077] Run #669 (ID: 21189429828)
[2026-02-03 15:24:41]   Date: 2026-01-20T22:22:26Z
[2026-02-03 15:24:41]   Status: success
[2026-02-03 15:24:41]   - forecast-summaries-669 (0.10 MB)
[2026-02-03 15:24:42] 
[410/1077] Run #668 (ID: 21188465877)
[2026-02-03 15:24:42]   Date: 2026-01-20T21:48:10Z
[2026-02-03 15:24:42]   Status: success
[2026-02-03 15:24:42]   - forecast-summaries-668 (0.12 MB)
[2026-02-03 15:24:43] 
[411/1077] Run #667 (ID: 21187640251)
[2026-02-03 15:24:43]   Date: 2026-01-20T21:20:05Z
[2026-02-03 15:24:43]   Status: success
[2026-02-03 15:24:44]   - forecast-summaries-667 (0.14 MB)
[2026-02-03 15:24:45] 
[412/1077] Run #666 (ID: 21186509760)
[2026-02-03 15:24:45]   Date: 2026-01-20T20:41:45Z
[2026-02-03 15:24:45]   Status: success
[2026-02-03 15:24:45]   - forecast-summaries-666 (0.12 MB)
[2026-02-03 15:24:46] 
[413/1077] Run #665 (ID: 21185095601)
[2026-02-03 15:24:46]   Date: 2026-01-20T19:51:32Z
[2026-02-03 15:24:46]   Status: success
[2026-02-03 15:24:46]   - forecast-summaries-665 (0.15 MB)
[2026-02-03 15:24:47] 
[414/1077] Run #664 (ID: 21183081359)
[2026-02-03 15:24:47]   Date: 2026-01-20T18:35:59Z
[2026-02-03 15:24:47]   Status: success
[2026-02-03 15:24:47]   - forecast-summaries-664 (0.10 MB)
[2026-02-03 15:24:48] 
[415/1077] Run #663 (ID: 21181676805)
[2026-02-03 15:24:48]   Date: 2026-01-20T17:48:10Z
[2026-02-03 15:24:48]   Status: success
[2026-02-03 15:24:48]   - forecast-summaries-663 (0.10 MB)
[2026-02-03 15:24:49] 
[416/1077] Run #662 (ID: 21180303331)
[2026-02-03 15:24:49]   Date: 2026-01-20T17:03:00Z
[2026-02-03 15:24:49]   Status: success
[2026-02-03 15:24:50]   - forecast-summaries-662 (0.10 MB)
[2026-02-03 15:24:51] 
[417/1077] Run #661 (ID: 21179411955)
[2026-02-03 15:24:51]   Date: 2026-01-20T16:35:28Z
[2026-02-03 15:24:51]   Status: success
[2026-02-03 15:24:51]   - forecast-summaries-661 (0.10 MB)
[2026-02-03 15:24:52] 
[418/1077] Run #660 (ID: 21177882604)
[2026-02-03 15:24:52]   Date: 2026-01-20T15:48:58Z
[2026-02-03 15:24:52]   Status: success
[2026-02-03 15:24:52]   - forecast-summaries-660 (0.11 MB)
[2026-02-03 15:24:53] 
[419/1077] Run #659 (ID: 21176247151)
[2026-02-03 15:24:53]   Date: 2026-01-20T15:00:53Z
[2026-02-03 15:24:53]   Status: success
[2026-02-03 15:24:53]   - forecast-summaries-659 (0.10 MB)
[2026-02-03 15:24:54] 
[420/1077] Run #658 (ID: 21175208460)
[2026-02-03 15:24:54]   Date: 2026-01-20T14:30:20Z
[2026-02-03 15:24:54]   Status: success
[2026-02-03 15:24:54]   - forecast-summaries-658 (0.10 MB)
[2026-02-03 15:24:55] 
[421/1077] Run #657 (ID: 21173801546)
[2026-02-03 15:24:55]   Date: 2026-01-20T13:46:35Z
[2026-02-03 15:24:55]   Status: success
[2026-02-03 15:24:56]   - forecast-summaries-657 (0.10 MB)
[2026-02-03 15:24:56] 
[422/1077] Run #656 (ID: 21172121680)
[2026-02-03 15:24:56]   Date: 2026-01-20T12:50:16Z
[2026-02-03 15:24:56]   Status: success
[2026-02-03 15:24:57]   - forecast-summaries-656 (0.12 MB)
[2026-02-03 15:24:58] 
[423/1077] Run #655 (ID: 21170445717)
[2026-02-03 15:24:58]   Date: 2026-01-20T11:51:28Z
[2026-02-03 15:24:58]   Status: success
[2026-02-03 15:24:58]   - forecast-summaries-655 (0.10 MB)
[2026-02-03 15:24:59] 
[424/1077] Run #654 (ID: 21169866792)
[2026-02-03 15:24:59]   Date: 2026-01-20T11:30:25Z
[2026-02-03 15:24:59]   Status: success
[2026-02-03 15:24:59]   - forecast-summaries-654 (0.10 MB)
[2026-02-03 15:25:00] 
[425/1077] Run #653 (ID: 21168946402)
[2026-02-03 15:25:00]   Date: 2026-01-20T10:58:07Z
[2026-02-03 15:25:00]   Status: success
[2026-02-03 15:25:00]   - forecast-summaries-653 (0.10 MB)
[2026-02-03 15:25:01] 
[426/1077] Run #652 (ID: 21168051042)
[2026-02-03 15:25:01]   Date: 2026-01-20T10:27:22Z
[2026-02-03 15:25:01]   Status: success
[2026-02-03 15:25:02]   - forecast-summaries-652 (0.10 MB)
[2026-02-03 15:25:03] 
[427/1077] Run #651 (ID: 21166877944)
[2026-02-03 15:25:03]   Date: 2026-01-20T09:48:39Z
[2026-02-03 15:25:03]   Status: success
[2026-02-03 15:25:03]   - forecast-summaries-651 (0.10 MB)
[2026-02-03 15:25:04] 
[428/1077] Run #650 (ID: 21165487970)
[2026-02-03 15:25:04]   Date: 2026-01-20T09:02:26Z
[2026-02-03 15:25:04]   Status: success
[2026-02-03 15:25:04]   - forecast-summaries-650 (0.10 MB)
[2026-02-03 15:25:05] 
[429/1077] Run #649 (ID: 21164645848)
[2026-02-03 15:25:05]   Date: 2026-01-20T08:31:40Z
[2026-02-03 15:25:05]   Status: success
[2026-02-03 15:25:05]   - forecast-summaries-649 (0.12 MB)
[2026-02-03 15:25:06] 
[430/1077] Run #648 (ID: 21163429648)
[2026-02-03 15:25:06]   Date: 2026-01-20T07:44:10Z
[2026-02-03 15:25:06]   Status: success
[2026-02-03 15:25:07]   - forecast-summaries-648 (0.10 MB)
[2026-02-03 15:25:07] 
[431/1077] Run #647 (ID: 21162522153)
[2026-02-03 15:25:07]   Date: 2026-01-20T07:04:43Z
[2026-02-03 15:25:07]   Status: success
[2026-02-03 15:25:08]   - forecast-summaries-647 (0.10 MB)
[2026-02-03 15:25:09] 
[432/1077] Run #646 (ID: 21161987547)
[2026-02-03 15:25:09]   Date: 2026-01-20T06:39:09Z
[2026-02-03 15:25:09]   Status: success
[2026-02-03 15:25:09]   - forecast-summaries-646 (0.10 MB)
[2026-02-03 15:25:10] 
[433/1077] Run #645 (ID: 21161090337)
[2026-02-03 15:25:10]   Date: 2026-01-20T05:55:53Z
[2026-02-03 15:25:10]   Status: success
[2026-02-03 15:25:10]   - forecast-summaries-645 (0.14 MB)
[2026-02-03 15:25:11] 
[434/1077] Run #644 (ID: 21160567658)
[2026-02-03 15:25:11]   Date: 2026-01-20T05:28:22Z
[2026-02-03 15:25:11]   Status: success
[2026-02-03 15:25:12]   - forecast-summaries-644 (0.12 MB)
[2026-02-03 15:25:12] 
[435/1077] Run #643 (ID: 21159770680)
[2026-02-03 15:25:12]   Date: 2026-01-20T04:44:28Z
[2026-02-03 15:25:12]   Status: success
[2026-02-03 15:25:13]   - forecast-summaries-643 (0.10 MB)
[2026-02-03 15:25:14] 
[436/1077] Run #642 (ID: 21158686490)
[2026-02-03 15:25:14]   Date: 2026-01-20T03:43:18Z
[2026-02-03 15:25:14]   Status: success
[2026-02-03 15:25:14]   - forecast-summaries-642 (0.12 MB)
[2026-02-03 15:25:15] 
[437/1077] Run #641 (ID: 21156641590)
[2026-02-03 15:25:15]   Date: 2026-01-20T01:44:25Z
[2026-02-03 15:25:15]   Status: success
[2026-02-03 15:25:15]   - forecast-summaries-641 (0.12 MB)
[2026-02-03 15:25:16] 
[438/1077] Run #640 (ID: 21154605135)
[2026-02-03 15:25:16]   Date: 2026-01-19T23:49:39Z
[2026-02-03 15:25:16]   Status: success
[2026-02-03 15:25:16]   - forecast-summaries-640 (0.10 MB)
[2026-02-03 15:25:17] 
[439/1077] Run #639 (ID: 21154080186)
[2026-02-03 15:25:17]   Date: 2026-01-19T23:20:13Z
[2026-02-03 15:25:17]   Status: success
[2026-02-03 15:25:17]   - forecast-summaries-639 (0.11 MB)
[2026-02-03 15:25:18] 
[440/1077] Run #638 (ID: 21153548490)
[2026-02-03 15:25:18]   Date: 2026-01-19T22:51:37Z
[2026-02-03 15:25:18]   Status: success
[2026-02-03 15:25:19]   - forecast-summaries-638 (0.12 MB)
[2026-02-03 15:25:20] 
[441/1077] Run #637 (ID: 21152969987)
[2026-02-03 15:25:20]   Date: 2026-01-19T22:21:07Z
[2026-02-03 15:25:20]   Status: success
[2026-02-03 15:25:20]   - forecast-summaries-637 (0.12 MB)
[2026-02-03 15:25:21] 
[442/1077] Run #636 (ID: 21152352653)
[2026-02-03 15:25:21]   Date: 2026-01-19T21:50:19Z
[2026-02-03 15:25:21]   Status: success
[2026-02-03 15:25:21]   - forecast-summaries-636 (0.11 MB)
[2026-02-03 15:25:22] 
[443/1077] Run #635 (ID: 21152100847)
[2026-02-03 15:25:22]   Date: 2026-01-19T21:38:04Z
[2026-02-03 15:25:22]   Status: success
[2026-02-03 15:25:22]   - forecast-summaries-635 (0.10 MB)
[2026-02-03 15:25:23] 
[444/1077] Run #634 (ID: 21151713663)
[2026-02-03 15:25:23]   Date: 2026-01-19T21:19:24Z
[2026-02-03 15:25:23]   Status: success
[2026-02-03 15:25:24]   - forecast-summaries-634 (0.10 MB)
[2026-02-03 15:25:24] 
[445/1077] Run #633 (ID: 21151112953)
[2026-02-03 15:25:24]   Date: 2026-01-19T20:51:17Z
[2026-02-03 15:25:24]   Status: success
[2026-02-03 15:25:25]   - forecast-summaries-633 (0.10 MB)
[2026-02-03 15:25:26] 
[446/1077] Run #632 (ID: 21150523128)
[2026-02-03 15:25:26]   Date: 2026-01-19T20:24:01Z
[2026-02-03 15:25:26]   Status: success
[2026-02-03 15:25:26]   - forecast-summaries-632 (0.12 MB)
[2026-02-03 15:25:27] 
[447/1077] Run #631 (ID: 21149698125)
[2026-02-03 15:25:27]   Date: 2026-01-19T19:46:21Z
[2026-02-03 15:25:27]   Status: success
[2026-02-03 15:25:27]   - forecast-summaries-631 (0.12 MB)
[2026-02-03 15:25:28] 
[448/1077] Run #630 (ID: 21149254705)
[2026-02-03 15:25:28]   Date: 2026-01-19T19:26:37Z
[2026-02-03 15:25:28]   Status: success
[2026-02-03 15:25:29]   - forecast-summaries-630 (0.12 MB)
[2026-02-03 15:25:29] 
[449/1077] Run #629 (ID: 21148621556)
[2026-02-03 15:25:29]   Date: 2026-01-19T18:59:21Z
[2026-02-03 15:25:29]   Status: success
[2026-02-03 15:25:30]   - forecast-summaries-629 (0.12 MB)
[2026-02-03 15:25:31] 
[450/1077] Run #628 (ID: 21148007080)
[2026-02-03 15:25:31]   Date: 2026-01-19T18:32:04Z
[2026-02-03 15:25:31]   Status: success
[2026-02-03 15:25:31]   - forecast-summaries-628 (0.11 MB)
[2026-02-03 15:25:32] 
[451/1077] Run #627 (ID: 21147072078)
[2026-02-03 15:25:32]   Date: 2026-01-19T17:52:48Z
[2026-02-03 15:25:32]   Status: success
[2026-02-03 15:25:32]   - forecast-summaries-627 (0.12 MB)
[2026-02-03 15:25:33] 
[452/1077] Run #626 (ID: 21146567685)
[2026-02-03 15:25:33]   Date: 2026-01-19T17:32:25Z
[2026-02-03 15:25:33]   Status: success
[2026-02-03 15:25:34]   - forecast-summaries-626 (0.12 MB)
[2026-02-03 15:25:35] 
[453/1077] Run #625 (ID: 21145688863)
[2026-02-03 15:25:35]   Date: 2026-01-19T16:59:52Z
[2026-02-03 15:25:35]   Status: success
[2026-02-03 15:25:35]   - forecast-summaries-625 (0.15 MB)
[2026-02-03 15:25:36] 
[454/1077] Run #624 (ID: 21144844608)
[2026-02-03 15:25:36]   Date: 2026-01-19T16:29:11Z
[2026-02-03 15:25:36]   Status: success
[2026-02-03 15:25:36]   - forecast-summaries-624 (0.10 MB)
[2026-02-03 15:25:37] 
[455/1077] Run #623 (ID: 21143808181)
[2026-02-03 15:25:37]   Date: 2026-01-19T15:54:37Z
[2026-02-03 15:25:37]   Status: success
[2026-02-03 15:25:37]   - forecast-summaries-623 (0.11 MB)
[2026-02-03 15:25:38] 
[456/1077] Run #622 (ID: 21143172758)
[2026-02-03 15:25:38]   Date: 2026-01-19T15:33:30Z
[2026-02-03 15:25:38]   Status: success
[2026-02-03 15:25:39]   - forecast-summaries-622 (0.12 MB)
[2026-02-03 15:25:40] 
[457/1077] Run #621 (ID: 21142051202)
[2026-02-03 15:25:40]   Date: 2026-01-19T14:57:33Z
[2026-02-03 15:25:40]   Status: success
[2026-02-03 15:25:40]   - forecast-summaries-621 (0.12 MB)
[2026-02-03 15:25:41] 
[458/1077] Run #620 (ID: 21141087177)
[2026-02-03 15:25:41]   Date: 2026-01-19T14:27:05Z
[2026-02-03 15:25:41]   Status: success
[2026-02-03 15:25:41]   - forecast-summaries-620 (0.12 MB)
[2026-02-03 15:25:42] 
[459/1077] Run #619 (ID: 21139768077)
[2026-02-03 15:25:42]   Date: 2026-01-19T13:44:48Z
[2026-02-03 15:25:42]   Status: success
[2026-02-03 15:25:42]   - forecast-summaries-619 (0.14 MB)
[2026-02-03 15:25:43] 
[460/1077] Run #618 (ID: 21138115359)
[2026-02-03 15:25:43]   Date: 2026-01-19T12:50:00Z
[2026-02-03 15:25:43]   Status: success
[2026-02-03 15:25:44]   - forecast-summaries-618 (0.12 MB)
[2026-02-03 15:25:45] 
[461/1077] Run #617 (ID: 21136386417)
[2026-02-03 15:25:45]   Date: 2026-01-19T11:50:15Z
[2026-02-03 15:25:45]   Status: success
[2026-02-03 15:25:45]   - forecast-summaries-617 (0.12 MB)
[2026-02-03 15:25:46] 
[462/1077] Run #616 (ID: 21135767261)
[2026-02-03 15:25:46]   Date: 2026-01-19T11:28:11Z
[2026-02-03 15:25:46]   Status: failure
[2026-02-03 15:25:46]   ⊙ Skipping (not successful)
[2026-02-03 15:25:46] 
[463/1077] Run #615 (ID: 21134883775)
[2026-02-03 15:25:46]   Date: 2026-01-19T10:57:49Z
[2026-02-03 15:25:46]   Status: success
[2026-02-03 15:25:46]   - forecast-summaries-615 (0.12 MB)
[2026-02-03 15:25:47] 
[464/1077] Run #614 (ID: 21133986231)
[2026-02-03 15:25:47]   Date: 2026-01-19T10:28:03Z
[2026-02-03 15:25:47]   Status: success
[2026-02-03 15:25:48]   - forecast-summaries-614 (0.12 MB)
[2026-02-03 15:25:48] 
[465/1077] Run #613 (ID: 21132843015)
[2026-02-03 15:25:48]   Date: 2026-01-19T09:51:12Z
[2026-02-03 15:25:49]   Status: success
[2026-02-03 15:25:49]   - forecast-summaries-613 (0.12 MB)
[2026-02-03 15:25:50] 
[466/1077] Run #612 (ID: 21131364586)
[2026-02-03 15:25:50]   Date: 2026-01-19T09:02:02Z
[2026-02-03 15:25:50]   Status: success
[2026-02-03 15:25:50]   - forecast-summaries-612 (0.12 MB)
[2026-02-03 15:25:51] 
[467/1077] Run #611 (ID: 21130537128)
[2026-02-03 15:25:51]   Date: 2026-01-19T08:32:50Z
[2026-02-03 15:25:51]   Status: success
[2026-02-03 15:25:51]   - forecast-summaries-611 (0.11 MB)
[2026-02-03 15:25:52] 
[468/1077] Run #610 (ID: 21129507388)
[2026-02-03 15:25:52]   Date: 2026-01-19T07:53:14Z
[2026-02-03 15:25:52]   Status: success
[2026-02-03 15:25:53]   - forecast-summaries-610 (0.10 MB)
[2026-02-03 15:25:53] 
[469/1077] Run #609 (ID: 21128902007)
[2026-02-03 15:25:53]   Date: 2026-01-19T07:28:01Z
[2026-02-03 15:25:54]   Status: success
[2026-02-03 15:25:54]   - forecast-summaries-609 (0.10 MB)
[2026-02-03 15:25:55] 
[470/1077] Run #608 (ID: 21128031188)
[2026-02-03 15:25:55]   Date: 2026-01-19T06:49:18Z
[2026-02-03 15:25:55]   Status: success
[2026-02-03 15:25:55]   - forecast-summaries-608 (0.10 MB)
[2026-02-03 15:25:56] 
[471/1077] Run #607 (ID: 21126941650)
[2026-02-03 15:25:56]   Date: 2026-01-19T05:57:28Z
[2026-02-03 15:25:56]   Status: success
[2026-02-03 15:25:56]   - forecast-summaries-607 (0.10 MB)
[2026-02-03 15:25:57] 
[472/1077] Run #606 (ID: 21126462226)
[2026-02-03 15:25:57]   Date: 2026-01-19T05:31:26Z
[2026-02-03 15:25:57]   Status: success
[2026-02-03 15:25:57]   - forecast-summaries-606 (0.10 MB)
[2026-02-03 15:25:58] 
[473/1077] Run #605 (ID: 21125741218)
[2026-02-03 15:25:58]   Date: 2026-01-19T04:51:50Z
[2026-02-03 15:25:58]   Status: success
[2026-02-03 15:25:59]   - forecast-summaries-605 (0.10 MB)
[2026-02-03 15:26:00] 
[474/1077] Run #604 (ID: 21124661008)
[2026-02-03 15:26:00]   Date: 2026-01-19T03:50:01Z
[2026-02-03 15:26:00]   Status: success
[2026-02-03 15:26:00]   - forecast-summaries-604 (0.10 MB)
[2026-02-03 15:26:01] 
[475/1077] Run #603 (ID: 21122644093)
[2026-02-03 15:26:01]   Date: 2026-01-19T01:49:29Z
[2026-02-03 15:26:01]   Status: success
[2026-02-03 15:26:02]   - forecast-summaries-603 (0.10 MB)
[2026-02-03 15:26:03] 
[476/1077] Run #602 (ID: 21120736945)
[2026-02-03 15:26:03]   Date: 2026-01-18T23:48:33Z
[2026-02-03 15:26:03]   Status: success
[2026-02-03 15:26:03]   - forecast-summaries-602 (0.10 MB)
[2026-02-03 15:26:04] 
[477/1077] Run #601 (ID: 21120582623)
[2026-02-03 15:26:04]   Date: 2026-01-18T23:36:24Z
[2026-02-03 15:26:04]   Status: success
[2026-02-03 15:26:04]   - forecast-summaries-601 (0.10 MB)
[2026-02-03 15:26:05] 
[478/1077] Run #600 (ID: 21120356031)
[2026-02-03 15:26:05]   Date: 2026-01-18T23:19:03Z
[2026-02-03 15:26:05]   Status: success
[2026-02-03 15:26:05]   - forecast-summaries-600 (0.10 MB)
[2026-02-03 15:26:06] 
[479/1077] Run #599 (ID: 21119992415)
[2026-02-03 15:26:06]   Date: 2026-01-18T22:51:59Z
[2026-02-03 15:26:06]   Status: success
[2026-02-03 15:26:07]   - forecast-summaries-599 (0.10 MB)
[2026-02-03 15:26:08] 
[480/1077] Run #598 (ID: 21119834256)
[2026-02-03 15:26:08]   Date: 2026-01-18T22:39:59Z
[2026-02-03 15:26:08]   Status: success
[2026-02-03 15:26:08]   - forecast-summaries-598 (0.10 MB)
[2026-02-03 15:26:09] 
[481/1077] Run #597 (ID: 21119566483)
[2026-02-03 15:26:09]   Date: 2026-01-18T22:19:14Z
[2026-02-03 15:26:09]   Status: success
[2026-02-03 15:26:09]   - forecast-summaries-597 (0.10 MB)
[2026-02-03 15:26:10] 
[482/1077] Run #596 (ID: 21119132652)
[2026-02-03 15:26:10]   Date: 2026-01-18T21:45:58Z
[2026-02-03 15:26:10]   Status: success
[2026-02-03 15:26:11]   - forecast-summaries-596 (0.10 MB)
[2026-02-03 15:26:12] 
[483/1077] Run #595 (ID: 21118977505)
[2026-02-03 15:26:12]   Date: 2026-01-18T21:33:53Z
[2026-02-03 15:26:12]   Status: success
[2026-02-03 15:26:12]   - forecast-summaries-595 (0.10 MB)
[2026-02-03 15:26:13] 
[484/1077] Run #594 (ID: 21118764888)
[2026-02-03 15:26:13]   Date: 2026-01-18T21:17:48Z
[2026-02-03 15:26:13]   Status: success
[2026-02-03 15:26:13]   - forecast-summaries-594 (0.10 MB)
[2026-02-03 15:26:14] 
[485/1077] Run #593 (ID: 21118390485)
[2026-02-03 15:26:14]   Date: 2026-01-18T20:49:36Z
[2026-02-03 15:26:14]   Status: success
[2026-02-03 15:26:15]   - forecast-summaries-593 (0.10 MB)
[2026-02-03 15:26:16] 
[486/1077] Run #592 (ID: 21118030845)
[2026-02-03 15:26:16]   Date: 2026-01-18T20:21:51Z
[2026-02-03 15:26:16]   Status: success
[2026-02-03 15:26:16]   - forecast-summaries-592 (0.10 MB)
[2026-02-03 15:26:17] 
[487/1077] Run #591 (ID: 21117573690)
[2026-02-03 15:26:17]   Date: 2026-01-18T19:45:23Z
[2026-02-03 15:26:17]   Status: success
[2026-02-03 15:26:17]   - forecast-summaries-591 (0.10 MB)
[2026-02-03 15:26:18] 
[488/1077] Run #590 (ID: 21117361813)
[2026-02-03 15:26:18]   Date: 2026-01-18T19:29:12Z
[2026-02-03 15:26:18]   Status: success
[2026-02-03 15:26:18]   - forecast-summaries-590 (0.10 MB)
[2026-02-03 15:26:19] 
[489/1077] Run #589 (ID: 21117175494)
[2026-02-03 15:26:19]   Date: 2026-01-18T19:15:12Z
[2026-02-03 15:26:19]   Status: success
[2026-02-03 15:26:20]   - forecast-summaries-589 (0.10 MB)
[2026-02-03 15:26:21] 
[490/1077] Run #588 (ID: 21116876712)
[2026-02-03 15:26:21]   Date: 2026-01-18T18:53:20Z
[2026-02-03 15:26:21]   Status: success
[2026-02-03 15:26:21]   - forecast-summaries-588 (0.10 MB)
[2026-02-03 15:26:22] 
[491/1077] Run #587 (ID: 21116531806)
[2026-02-03 15:26:22]   Date: 2026-01-18T18:27:32Z
[2026-02-03 15:26:22]   Status: success
[2026-02-03 15:26:22]   - forecast-summaries-587 (0.10 MB)
[2026-02-03 15:26:23] 
[492/1077] Run #586 (ID: 21116016193)
[2026-02-03 15:26:23]   Date: 2026-01-18T17:48:04Z
[2026-02-03 15:26:23]   Status: success
[2026-02-03 15:26:23]   - forecast-summaries-586 (0.10 MB)
[2026-02-03 15:26:24] 
[493/1077] Run #585 (ID: 21115857723)
[2026-02-03 15:26:24]   Date: 2026-01-18T17:36:07Z
[2026-02-03 15:26:24]   Status: success
[2026-02-03 15:26:24]   - forecast-summaries-585 (0.10 MB)
[2026-02-03 15:26:25] 
[494/1077] Run #584 (ID: 21115595021)
[2026-02-03 15:26:25]   Date: 2026-01-18T17:17:05Z
[2026-02-03 15:26:25]   Status: success
[2026-02-03 15:26:26]   - forecast-summaries-584 (0.10 MB)
[2026-02-03 15:26:27] 
[495/1077] Run #583 (ID: 21115258671)
[2026-02-03 15:26:27]   Date: 2026-01-18T16:52:01Z
[2026-02-03 15:26:27]   Status: success
[2026-02-03 15:26:27]   - forecast-summaries-583 (0.10 MB)
[2026-02-03 15:26:28] 
[496/1077] Run #582 (ID: 21114895580)
[2026-02-03 15:26:28]   Date: 2026-01-18T16:24:14Z
[2026-02-03 15:26:28]   Status: success
[2026-02-03 15:26:28]   - forecast-summaries-582 (0.10 MB)
[2026-02-03 15:26:29] 
[497/1077] Run #581 (ID: 21114413121)
[2026-02-03 15:26:29]   Date: 2026-01-18T15:48:08Z
[2026-02-03 15:26:29]   Status: success
[2026-02-03 15:26:29]   - forecast-summaries-581 (0.10 MB)
[2026-02-03 15:26:30] 
[498/1077] Run #580 (ID: 21114252853)
[2026-02-03 15:26:30]   Date: 2026-01-18T15:36:37Z
[2026-02-03 15:26:30]   Status: success
[2026-02-03 15:26:31]   - forecast-summaries-580 (0.10 MB)
[2026-02-03 15:26:32] 
[499/1077] Run #579 (ID: 21114005139)
[2026-02-03 15:26:32]   Date: 2026-01-18T15:19:01Z
[2026-02-03 15:26:32]   Status: success
[2026-02-03 15:26:32]   - forecast-summaries-579 (0.10 MB)
[2026-02-03 15:26:33] 
[500/1077] Run #578 (ID: 21113606363)
[2026-02-03 15:26:33]   Date: 2026-01-18T14:49:39Z
[2026-02-03 15:26:33]   Status: success
[2026-02-03 15:26:33]   - forecast-summaries-578 (0.10 MB)
[2026-02-03 15:26:34] 
[501/1077] Run #577 (ID: 21113449857)
[2026-02-03 15:26:34]   Date: 2026-01-18T14:37:51Z
[2026-02-03 15:26:34]   Status: success
[2026-02-03 15:26:34]   - forecast-summaries-577 (0.10 MB)
[2026-02-03 15:26:35] 
[502/1077] Run #576 (ID: 21113179689)
[2026-02-03 15:26:35]   Date: 2026-01-18T14:17:54Z
[2026-02-03 15:26:35]   Status: success
[2026-02-03 15:26:36]   - forecast-summaries-576 (0.10 MB)
[2026-02-03 15:26:36] 
[503/1077] Run #575 (ID: 21112712225)
[2026-02-03 15:26:36]   Date: 2026-01-18T13:43:04Z
[2026-02-03 15:26:36]   Status: success
[2026-02-03 15:26:37]   - forecast-summaries-575 (0.10 MB)
[2026-02-03 15:26:38] 
[504/1077] Run #574 (ID: 21112376403)
[2026-02-03 15:26:38]   Date: 2026-01-18T13:17:32Z
[2026-02-03 15:26:38]   Status: success
[2026-02-03 15:26:38]   - forecast-summaries-574 (0.10 MB)
[2026-02-03 15:26:39] 
[505/1077] Run #573 (ID: 21111869210)
[2026-02-03 15:26:39]   Date: 2026-01-18T12:39:11Z
[2026-02-03 15:26:39]   Status: success
[2026-02-03 15:26:39]   - forecast-summaries-573 (0.10 MB)
[2026-02-03 15:26:40] 
[506/1077] Run #572 (ID: 21111192426)
[2026-02-03 15:26:40]   Date: 2026-01-18T11:45:10Z
[2026-02-03 15:26:40]   Status: success
[2026-02-03 15:26:41]   - forecast-summaries-572 (0.10 MB)
[2026-02-03 15:26:41] 
[507/1077] Run #571 (ID: 21111012935)
[2026-02-03 15:26:42]   Date: 2026-01-18T11:30:53Z
[2026-02-03 15:26:42]   Status: success
[2026-02-03 15:26:42]   - forecast-summaries-571 (0.10 MB)
[2026-02-03 15:26:43] 
[508/1077] Run #570 (ID: 21110833163)
[2026-02-03 15:26:43]   Date: 2026-01-18T11:16:32Z
[2026-02-03 15:26:43]   Status: success
[2026-02-03 15:26:43]   - forecast-summaries-570 (0.10 MB)
[2026-02-03 15:26:44] 
[509/1077] Run #569 (ID: 21110497711)
[2026-02-03 15:26:44]   Date: 2026-01-18T10:49:37Z
[2026-02-03 15:26:44]   Status: success
[2026-02-03 15:26:45]   - forecast-summaries-569 (0.10 MB)
[2026-02-03 15:26:46] 
[510/1077] Run #568 (ID: 21110143612)
[2026-02-03 15:26:46]   Date: 2026-01-18T10:21:19Z
[2026-02-03 15:26:46]   Status: success
[2026-02-03 15:26:46]   - forecast-summaries-568 (0.10 MB)
[2026-02-03 15:26:47] 
[511/1077] Run #567 (ID: 21109744548)
[2026-02-03 15:26:47]   Date: 2026-01-18T09:48:15Z
[2026-02-03 15:26:47]   Status: success
[2026-02-03 15:26:47]   - forecast-summaries-567 (0.10 MB)
[2026-02-03 15:26:48] 
[512/1077] Run #566 (ID: 21109397012)
[2026-02-03 15:26:48]   Date: 2026-01-18T09:20:29Z
[2026-02-03 15:26:48]   Status: success
[2026-02-03 15:26:49]   - forecast-summaries-566 (0.10 MB)
[2026-02-03 15:26:50] 
[513/1077] Run #565 (ID: 21109047859)
[2026-02-03 15:26:50]   Date: 2026-01-18T08:53:04Z
[2026-02-03 15:26:50]   Status: success
[2026-02-03 15:26:50]   - forecast-summaries-565 (0.10 MB)
[2026-02-03 15:26:51] 
[514/1077] Run #564 (ID: 21108733904)
[2026-02-03 15:26:51]   Date: 2026-01-18T08:26:39Z
[2026-02-03 15:26:51]   Status: success
[2026-02-03 15:26:51]   - forecast-summaries-564 (0.10 MB)
[2026-02-03 15:26:52] 
[515/1077] Run #563 (ID: 21108278498)
[2026-02-03 15:26:52]   Date: 2026-01-18T07:46:05Z
[2026-02-03 15:26:52]   Status: success
[2026-02-03 15:26:53]   - forecast-summaries-563 (0.10 MB)
[2026-02-03 15:26:54] 
[516/1077] Run #562 (ID: 21108032939)
[2026-02-03 15:26:54]   Date: 2026-01-18T07:25:00Z
[2026-02-03 15:26:54]   Status: success
[2026-02-03 15:26:54]   - forecast-summaries-562 (0.10 MB)
[2026-02-03 15:26:55] 
[517/1077] Run #561 (ID: 21107697169)
[2026-02-03 15:26:55]   Date: 2026-01-18T06:57:07Z
[2026-02-03 15:26:55]   Status: success
[2026-02-03 15:26:55]   - forecast-summaries-561 (0.10 MB)
[2026-02-03 15:26:56] 
[518/1077] Run #560 (ID: 21107404088)
[2026-02-03 15:26:56]   Date: 2026-01-18T06:30:56Z
[2026-02-03 15:26:56]   Status: success
[2026-02-03 15:26:56]   - forecast-summaries-560 (0.10 MB)
[2026-02-03 15:26:57] 
[519/1077] Run #559 (ID: 21106936681)
[2026-02-03 15:26:57]   Date: 2026-01-18T05:50:34Z
[2026-02-03 15:26:57]   Status: success
[2026-02-03 15:26:58]   - forecast-summaries-559 (0.10 MB)
[2026-02-03 15:26:59] 
[520/1077] Run #558 (ID: 21106618370)
[2026-02-03 15:26:59]   Date: 2026-01-18T05:22:54Z
[2026-02-03 15:26:59]   Status: success
[2026-02-03 15:26:59]   - forecast-summaries-558 (0.10 MB)
[2026-02-03 15:27:00] 
[521/1077] Run #557 (ID: 21106144613)
[2026-02-03 15:27:00]   Date: 2026-01-18T04:41:14Z
[2026-02-03 15:27:00]   Status: success
[2026-02-03 15:27:00]   - forecast-summaries-557 (0.10 MB)
[2026-02-03 15:27:01] 
[522/1077] Run #556 (ID: 21105515458)
[2026-02-03 15:27:01]   Date: 2026-01-18T03:45:39Z
[2026-02-03 15:27:01]   Status: success
[2026-02-03 15:27:02]   - forecast-summaries-556 (0.10 MB)
[2026-02-03 15:27:02] 
[523/1077] Run #555 (ID: 21104167507)
[2026-02-03 15:27:02]   Date: 2026-01-18T01:51:01Z
[2026-02-03 15:27:02]   Status: success
[2026-02-03 15:27:03]   - forecast-summaries-555 (0.10 MB)
[2026-02-03 15:27:04] 
[524/1077] Run #554 (ID: 21102748568)
[2026-02-03 15:27:04]   Date: 2026-01-17T23:47:29Z
[2026-02-03 15:27:04]   Status: success
[2026-02-03 15:27:04]   - forecast-summaries-554 (0.10 MB)
[2026-02-03 15:27:05] 
[525/1077] Run #553 (ID: 21102613329)
[2026-02-03 15:27:05]   Date: 2026-01-17T23:35:22Z
[2026-02-03 15:27:05]   Status: success
[2026-02-03 15:27:05]   - forecast-summaries-553 (0.10 MB)
[2026-02-03 15:27:06] 
[526/1077] Run #552 (ID: 21102421108)
[2026-02-03 15:27:06]   Date: 2026-01-17T23:18:35Z
[2026-02-03 15:27:06]   Status: success
[2026-02-03 15:27:07]   - forecast-summaries-552 (0.10 MB)
[2026-02-03 15:27:07] 
[527/1077] Run #551 (ID: 21102114121)
[2026-02-03 15:27:07]   Date: 2026-01-17T22:51:39Z
[2026-02-03 15:27:07]   Status: success
[2026-02-03 15:27:08]   - forecast-summaries-551 (0.10 MB)
[2026-02-03 15:27:09] 
[528/1077] Run #550 (ID: 21101974762)
[2026-02-03 15:27:09]   Date: 2026-01-17T22:39:35Z
[2026-02-03 15:27:09]   Status: success
[2026-02-03 15:27:09]   - forecast-summaries-550 (0.10 MB)
[2026-02-03 15:27:10] 
[529/1077] Run #549 (ID: 21101735190)
[2026-02-03 15:27:10]   Date: 2026-01-17T22:19:01Z
[2026-02-03 15:27:10]   Status: success
[2026-02-03 15:27:11]   - forecast-summaries-549 (0.10 MB)
[2026-02-03 15:27:11] 
[530/1077] Run #548 (ID: 21101347690)
[2026-02-03 15:27:11]   Date: 2026-01-17T21:45:51Z
[2026-02-03 15:27:11]   Status: success
[2026-02-03 15:27:12]   - forecast-summaries-548 (0.10 MB)
[2026-02-03 15:27:13] 
[531/1077] Run #547 (ID: 21101194779)
[2026-02-03 15:27:13]   Date: 2026-01-17T21:33:11Z
[2026-02-03 15:27:13]   Status: success
[2026-02-03 15:27:13]   - forecast-summaries-547 (0.10 MB)
[2026-02-03 15:27:14] 
[532/1077] Run #546 (ID: 21101004752)
[2026-02-03 15:27:14]   Date: 2026-01-17T21:17:50Z
[2026-02-03 15:27:14]   Status: success
[2026-02-03 15:27:14]   - forecast-summaries-546 (0.10 MB)
[2026-02-03 15:27:15] 
[533/1077] Run #545 (ID: 21100656318)
[2026-02-03 15:27:15]   Date: 2026-01-17T20:49:08Z
[2026-02-03 15:27:15]   Status: success
[2026-02-03 15:27:16]   - forecast-summaries-545 (0.10 MB)
[2026-02-03 15:27:16] 
[534/1077] Run #544 (ID: 21100316718)
[2026-02-03 15:27:16]   Date: 2026-01-17T20:21:42Z
[2026-02-03 15:27:16]   Status: success
[2026-02-03 15:27:17]   - forecast-summaries-544 (0.10 MB)
[2026-02-03 15:27:18] 
[535/1077] Run #543 (ID: 21099890847)
[2026-02-03 15:27:18]   Date: 2026-01-17T19:45:06Z
[2026-02-03 15:27:18]   Status: success
[2026-02-03 15:27:18]   - forecast-summaries-543 (0.10 MB)
[2026-02-03 15:27:19] 
[536/1077] Run #542 (ID: 21099701456)
[2026-02-03 15:27:19]   Date: 2026-01-17T19:29:21Z
[2026-02-03 15:27:19]   Status: success
[2026-02-03 15:27:20]   - forecast-summaries-542 (0.10 MB)
[2026-02-03 15:27:21] 
[537/1077] Run #541 (ID: 21099526270)
[2026-02-03 15:27:21]   Date: 2026-01-17T19:15:17Z
[2026-02-03 15:27:21]   Status: success
[2026-02-03 15:27:21]   - forecast-summaries-541 (0.10 MB)
[2026-02-03 15:27:22] 
[538/1077] Run #540 (ID: 21099249737)
[2026-02-03 15:27:22]   Date: 2026-01-17T18:53:45Z
[2026-02-03 15:27:22]   Status: success
[2026-02-03 15:27:22]   - forecast-summaries-540 (0.10 MB)
[2026-02-03 15:27:23] 
[539/1077] Run #539 (ID: 21098931500)
[2026-02-03 15:27:23]   Date: 2026-01-17T18:28:05Z
[2026-02-03 15:27:23]   Status: success
[2026-02-03 15:27:24]   - forecast-summaries-539 (0.10 MB)
[2026-02-03 15:27:25] 
[540/1077] Run #538 (ID: 21098420802)
[2026-02-03 15:27:25]   Date: 2026-01-17T17:46:17Z
[2026-02-03 15:27:25]   Status: success
[2026-02-03 15:27:25]   - forecast-summaries-538 (0.10 MB)
[2026-02-03 15:27:26] 
[541/1077] Run #537 (ID: 21098273771)
[2026-02-03 15:27:26]   Date: 2026-01-17T17:34:50Z
[2026-02-03 15:27:26]   Status: success
[2026-02-03 15:27:26]   - forecast-summaries-537 (0.10 MB)
[2026-02-03 15:27:27] 
[542/1077] Run #536 (ID: 21098033449)
[2026-02-03 15:27:27]   Date: 2026-01-17T17:16:56Z
[2026-02-03 15:27:27]   Status: success
[2026-02-03 15:27:27]   - forecast-summaries-536 (0.10 MB)
[2026-02-03 15:27:28] 
[543/1077] Run #535 (ID: 21097682915)
[2026-02-03 15:27:28]   Date: 2026-01-17T16:50:54Z
[2026-02-03 15:27:28]   Status: success
[2026-02-03 15:27:29]   - forecast-summaries-535 (0.10 MB)
[2026-02-03 15:27:30] 
[544/1077] Run #534 (ID: 21097336734)
[2026-02-03 15:27:30]   Date: 2026-01-17T16:22:37Z
[2026-02-03 15:27:30]   Status: success
[2026-02-03 15:27:30]   - forecast-summaries-534 (0.10 MB)
[2026-02-03 15:27:31] 
[545/1077] Run #533 (ID: 21096894756)
[2026-02-03 15:27:31]   Date: 2026-01-17T15:49:02Z
[2026-02-03 15:27:31]   Status: success
[2026-02-03 15:27:31]   - forecast-summaries-533 (0.10 MB)
[2026-02-03 15:27:32] 
[546/1077] Run #532 (ID: 21096721266)
[2026-02-03 15:27:32]   Date: 2026-01-17T15:37:03Z
[2026-02-03 15:27:32]   Status: success
[2026-02-03 15:27:32]   - forecast-summaries-532 (0.10 MB)
[2026-02-03 15:27:33] 
[547/1077] Run #531 (ID: 21096464977)
[2026-02-03 15:27:33]   Date: 2026-01-17T15:19:15Z
[2026-02-03 15:27:33]   Status: success
[2026-02-03 15:27:34]   - forecast-summaries-531 (0.10 MB)
[2026-02-03 15:27:34] 
[548/1077] Run #530 (ID: 21096090632)
[2026-02-03 15:27:34]   Date: 2026-01-17T14:50:56Z
[2026-02-03 15:27:34]   Status: success
[2026-02-03 15:27:35]   - forecast-summaries-530 (0.10 MB)
[2026-02-03 15:27:36] 
[549/1077] Run #529 (ID: 21095898140)
[2026-02-03 15:27:36]   Date: 2026-01-17T14:38:38Z
[2026-02-03 15:27:36]   Status: success
[2026-02-03 15:27:36]   - forecast-summaries-529 (0.10 MB)
[2026-02-03 15:27:37] 
[550/1077] Run #528 (ID: 21095640882)
[2026-02-03 15:27:37]   Date: 2026-01-17T14:18:15Z
[2026-02-03 15:27:37]   Status: success
[2026-02-03 15:27:37]   - forecast-summaries-528 (0.10 MB)
[2026-02-03 15:27:38] 
[551/1077] Run #527 (ID: 21095191982)
[2026-02-03 15:27:38]   Date: 2026-01-17T13:42:07Z
[2026-02-03 15:27:38]   Status: success
[2026-02-03 15:27:39]   - forecast-summaries-527 (0.10 MB)
[2026-02-03 15:27:40] 
[552/1077] Run #526 (ID: 21094885064)
[2026-02-03 15:27:40]   Date: 2026-01-17T13:17:27Z
[2026-02-03 15:27:40]   Status: success
[2026-02-03 15:27:40]   - forecast-summaries-526 (0.10 MB)
[2026-02-03 15:27:41] 
[553/1077] Run #525 (ID: 21094408810)
[2026-02-03 15:27:41]   Date: 2026-01-17T12:38:44Z
[2026-02-03 15:27:41]   Status: success
[2026-02-03 15:27:41]   - forecast-summaries-525 (0.10 MB)
[2026-02-03 15:27:42] 
[554/1077] Run #524 (ID: 21093754056)
[2026-02-03 15:27:42]   Date: 2026-01-17T11:45:24Z
[2026-02-03 15:27:42]   Status: success
[2026-02-03 15:27:42]   - forecast-summaries-524 (0.10 MB)
[2026-02-03 15:27:43] 
[555/1077] Run #523 (ID: 21093584016)
[2026-02-03 15:27:43]   Date: 2026-01-17T11:31:19Z
[2026-02-03 15:27:43]   Status: success
[2026-02-03 15:27:44]   - forecast-summaries-523 (0.10 MB)
[2026-02-03 15:27:45] 
[556/1077] Run #522 (ID: 21093411653)
[2026-02-03 15:27:45]   Date: 2026-01-17T11:16:51Z
[2026-02-03 15:27:45]   Status: success
[2026-02-03 15:27:45]   - forecast-summaries-522 (0.10 MB)
[2026-02-03 15:27:46] 
[557/1077] Run #521 (ID: 21092979250)
[2026-02-03 15:27:46]   Date: 2026-01-17T10:40:29Z
[2026-02-03 15:27:46]   Status: success
[2026-02-03 15:27:46]   - forecast-summaries-521 (0.10 MB)
[2026-02-03 15:27:47] 
[558/1077] Run #520 (ID: 21092734510)
[2026-02-03 15:27:47]   Date: 2026-01-17T10:19:39Z
[2026-02-03 15:27:47]   Status: success
[2026-02-03 15:27:47]   - forecast-summaries-520 (0.10 MB)
[2026-02-03 15:27:48] 
[559/1077] Run #519 (ID: 21092382086)
[2026-02-03 15:27:48]   Date: 2026-01-17T09:48:56Z
[2026-02-03 15:27:48]   Status: success
[2026-02-03 15:27:48]   - forecast-summaries-519 (0.10 MB)
[2026-02-03 15:27:49] 
[560/1077] Run #518 (ID: 21092250755)
[2026-02-03 15:27:49]   Date: 2026-01-17T09:37:45Z
[2026-02-03 15:27:49]   Status: success
[2026-02-03 15:27:50]   - forecast-summaries-518 (0.10 MB)
[2026-02-03 15:27:51] 
[561/1077] Run #517 (ID: 21092038198)
[2026-02-03 15:27:51]   Date: 2026-01-17T09:19:49Z
[2026-02-03 15:27:51]   Status: success
[2026-02-03 15:27:51]   - forecast-summaries-517 (0.10 MB)
[2026-02-03 15:27:52] 
[562/1077] Run #516 (ID: 21091717240)
[2026-02-03 15:27:52]   Date: 2026-01-17T08:53:22Z
[2026-02-03 15:27:52]   Status: success
[2026-02-03 15:27:53]   - forecast-summaries-516 (0.10 MB)
[2026-02-03 15:27:54] 
[563/1077] Run #515 (ID: 21091398377)
[2026-02-03 15:27:54]   Date: 2026-01-17T08:26:06Z
[2026-02-03 15:27:54]   Status: success
[2026-02-03 15:27:54]   - forecast-summaries-515 (0.10 MB)
[2026-02-03 15:27:55] 
[564/1077] Run #514 (ID: 21090936087)
[2026-02-03 15:27:55]   Date: 2026-01-17T07:45:34Z
[2026-02-03 15:27:55]   Status: success
[2026-02-03 15:27:55]   - forecast-summaries-514 (0.10 MB)
[2026-02-03 15:27:56] 
[565/1077] Run #513 (ID: 21090648081)
[2026-02-03 15:27:56]   Date: 2026-01-17T07:21:35Z
[2026-02-03 15:27:56]   Status: success
[2026-02-03 15:27:57]   - forecast-summaries-513 (0.10 MB)
[2026-02-03 15:27:58] 
[566/1077] Run #512 (ID: 21090326363)
[2026-02-03 15:27:58]   Date: 2026-01-17T06:56:12Z
[2026-02-03 15:27:58]   Status: success
[2026-02-03 15:27:58]   - forecast-summaries-512 (0.10 MB)
[2026-02-03 15:27:59] 
[567/1077] Run #511 (ID: 21089993375)
[2026-02-03 15:27:59]   Date: 2026-01-17T06:30:19Z
[2026-02-03 15:27:59]   Status: success
[2026-02-03 15:28:00]   - forecast-summaries-511 (0.10 MB)
[2026-02-03 15:28:01] 
[568/1077] Run #510 (ID: 21089352028)
[2026-02-03 15:28:01]   Date: 2026-01-17T05:40:28Z
[2026-02-03 15:28:01]   Status: success
[2026-02-03 15:28:02]   - forecast-summaries-510 (0.10 MB)
[2026-02-03 15:28:02] 
[569/1077] Run #509 (ID: 21089097823)
[2026-02-03 15:28:02]   Date: 2026-01-17T05:20:00Z
[2026-02-03 15:28:02]   Status: success
[2026-02-03 15:28:03]   - forecast-summaries-509 (0.10 MB)
[2026-02-03 15:28:04] 
[570/1077] Run #508 (ID: 21088675654)
[2026-02-03 15:28:04]   Date: 2026-01-17T04:46:27Z
[2026-02-03 15:28:04]   Status: success
[2026-02-03 15:28:04]   - forecast-summaries-508 (0.10 MB)
[2026-02-03 15:28:05] 
[571/1077] Run #507 (ID: 21088154570)
[2026-02-03 15:28:05]   Date: 2026-01-17T04:04:21Z
[2026-02-03 15:28:05]   Status: success
[2026-02-03 15:28:05]   - forecast-summaries-507 (0.10 MB)
[2026-02-03 15:28:06] 
[572/1077] Run #506 (ID: 21087503760)
[2026-02-03 15:28:06]   Date: 2026-01-17T03:12:24Z
[2026-02-03 15:28:06]   Status: success
[2026-02-03 15:28:07]   - forecast-summaries-506 (0.10 MB)
[2026-02-03 15:28:08] 
[573/1077] Run #505 (ID: 21086278814)
[2026-02-03 15:28:08]   Date: 2026-01-17T01:39:32Z
[2026-02-03 15:28:08]   Status: success
[2026-02-03 15:28:08]   - forecast-summaries-505 (0.10 MB)
[2026-02-03 15:28:09] 
[574/1077] Run #504 (ID: 21084454943)
[2026-02-03 15:28:09]   Date: 2026-01-16T23:50:08Z
[2026-02-03 15:28:09]   Status: success
[2026-02-03 15:28:09]   - forecast-summaries-504 (0.10 MB)
[2026-02-03 15:28:10] 
[575/1077] Run #503 (ID: 21084233400)
[2026-02-03 15:28:10]   Date: 2026-01-16T23:37:53Z
[2026-02-03 15:28:10]   Status: success
[2026-02-03 15:28:11]   - forecast-summaries-503 (0.10 MB)
[2026-02-03 15:28:12] 
[576/1077] Run #502 (ID: 21083892531)
[2026-02-03 15:28:12]   Date: 2026-01-16T23:19:49Z
[2026-02-03 15:28:12]   Status: success
[2026-02-03 15:28:12]   - forecast-summaries-502 (0.10 MB)
[2026-02-03 15:28:13] 
[577/1077] Run #501 (ID: 21083307147)
[2026-02-03 15:28:13]   Date: 2026-01-16T22:50:42Z
[2026-02-03 15:28:13]   Status: success
[2026-02-03 15:28:13]   - forecast-summaries-501 (0.10 MB)
[2026-02-03 15:28:14] 
[578/1077] Run #500 (ID: 21082669264)
[2026-02-03 15:28:14]   Date: 2026-01-16T22:20:36Z
[2026-02-03 15:28:14]   Status: success
[2026-02-03 15:28:14]   - forecast-summaries-500 (0.10 MB)
[2026-02-03 15:28:15] 
[579/1077] Run #499 (ID: 21081927641)
[2026-02-03 15:28:15]   Date: 2026-01-16T21:49:04Z
[2026-02-03 15:28:15]   Status: success
[2026-02-03 15:28:16]   - forecast-summaries-499 (0.10 MB)
[2026-02-03 15:28:17] 
[580/1077] Run #498 (ID: 21081196390)
[2026-02-03 15:28:17]   Date: 2026-01-16T21:20:40Z
[2026-02-03 15:28:17]   Status: success
[2026-02-03 15:28:17]   - forecast-summaries-498 (0.10 MB)
[2026-02-03 15:28:18] 
[581/1077] Run #497 (ID: 21080442811)
[2026-02-03 15:28:18]   Date: 2026-01-16T20:50:09Z
[2026-02-03 15:28:18]   Status: success
[2026-02-03 15:28:18]   - forecast-summaries-497 (0.10 MB)
[2026-02-03 15:28:19] 
[582/1077] Run #496 (ID: 21079732407)
[2026-02-03 15:28:19]   Date: 2026-01-16T20:21:34Z
[2026-02-03 15:28:19]   Status: success
[2026-02-03 15:28:19]   - forecast-summaries-496 (0.10 MB)
[2026-02-03 15:28:20] 
[583/1077] Run #495 (ID: 21078782155)
[2026-02-03 15:28:20]   Date: 2026-01-16T19:45:36Z
[2026-02-03 15:28:20]   Status: success
[2026-02-03 15:28:21]   - forecast-summaries-495 (0.10 MB)
[2026-02-03 15:28:22] 
[584/1077] Run #494 (ID: 21078221957)
[2026-02-03 15:28:22]   Date: 2026-01-16T19:25:33Z
[2026-02-03 15:28:22]   Status: success
[2026-02-03 15:28:22]   - forecast-summaries-494 (0.10 MB)
[2026-02-03 15:28:23] 
[585/1077] Run #493 (ID: 21077496375)
[2026-02-03 15:28:23]   Date: 2026-01-16T18:59:03Z
[2026-02-03 15:28:23]   Status: success
[2026-02-03 15:28:23]   - forecast-summaries-493 (0.10 MB)
[2026-02-03 15:28:24] 
[586/1077] Run #492 (ID: 21076803110)
[2026-02-03 15:28:24]   Date: 2026-01-16T18:32:11Z
[2026-02-03 15:28:24]   Status: success
[2026-02-03 15:28:24]   - forecast-summaries-492 (0.10 MB)
[2026-02-03 15:28:25] 
[587/1077] Run #491 (ID: 21075742781)
[2026-02-03 15:28:25]   Date: 2026-01-16T17:52:15Z
[2026-02-03 15:28:25]   Status: success
[2026-02-03 15:28:26]   - forecast-summaries-491 (0.10 MB)
[2026-02-03 15:28:27] 
[588/1077] Run #490 (ID: 21075175781)
[2026-02-03 15:28:27]   Date: 2026-01-16T17:31:10Z
[2026-02-03 15:28:27]   Status: success
[2026-02-03 15:28:27]   - forecast-summaries-490 (0.10 MB)
[2026-02-03 15:28:28] 
[589/1077] Run #489 (ID: 21074258155)
[2026-02-03 15:28:28]   Date: 2026-01-16T16:58:14Z
[2026-02-03 15:28:28]   Status: success
[2026-02-03 15:28:28]   - forecast-summaries-489 (0.10 MB)
[2026-02-03 15:28:29] 
[590/1077] Run #488 (ID: 21073436875)
[2026-02-03 15:28:29]   Date: 2026-01-16T16:28:42Z
[2026-02-03 15:28:29]   Status: success
[2026-02-03 15:28:29]   - forecast-summaries-488 (0.10 MB)
[2026-02-03 15:28:30] 
[591/1077] Run #487 (ID: 21072372719)
[2026-02-03 15:28:30]   Date: 2026-01-16T15:52:03Z
[2026-02-03 15:28:30]   Status: success
[2026-02-03 15:28:31]   - forecast-summaries-487 (0.10 MB)
[2026-02-03 15:28:31] 
[592/1077] Run #486 (ID: 21071586986)
[2026-02-03 15:28:31]   Date: 2026-01-16T15:25:10Z
[2026-02-03 15:28:31]   Status: success
[2026-02-03 15:28:32]   - forecast-summaries-486 (0.10 MB)
[2026-02-03 15:28:33] 
[593/1077] Run #485 (ID: 21070686155)
[2026-02-03 15:28:33]   Date: 2026-01-16T14:55:27Z
[2026-02-03 15:28:33]   Status: success
[2026-02-03 15:28:33]   - forecast-summaries-485 (0.10 MB)
[2026-02-03 15:28:34] 
[594/1077] Run #484 (ID: 21070034190)
[2026-02-03 15:28:34]   Date: 2026-01-16T14:33:10Z
[2026-02-03 15:28:34]   Status: success
[2026-02-03 15:28:34]   - forecast-summaries-484 (0.12 MB)
[2026-02-03 15:28:35] 
[595/1077] Run #483 (ID: 21069042905)
[2026-02-03 15:28:35]   Date: 2026-01-16T13:58:51Z
[2026-02-03 15:28:35]   Status: success
[2026-02-03 15:28:36]   - forecast-summaries-483 (0.10 MB)
[2026-02-03 15:28:37] 
[596/1077] Run #482 (ID: 21068449347)
[2026-02-03 15:28:37]   Date: 2026-01-16T13:37:03Z
[2026-02-03 15:28:37]   Status: success
[2026-02-03 15:28:37]   - forecast-summaries-482 (0.12 MB)
[2026-02-03 15:28:38] 
[597/1077] Run #481 (ID: 21067021841)
[2026-02-03 15:28:38]   Date: 2026-01-16T12:43:36Z
[2026-02-03 15:28:38]   Status: success
[2026-02-03 15:28:38]   - forecast-summaries-481 (0.10 MB)
[2026-02-03 15:28:39] 
[598/1077] Run #480 (ID: 21065676694)
[2026-02-03 15:28:39]   Date: 2026-01-16T11:50:18Z
[2026-02-03 15:28:39]   Status: success
[2026-02-03 15:28:40]   - forecast-summaries-480 (0.10 MB)
[2026-02-03 15:28:40] 
[599/1077] Run #479 (ID: 21065366941)
[2026-02-03 15:28:40]   Date: 2026-01-16T11:37:34Z
[2026-02-03 15:28:40]   Status: success
[2026-02-03 15:28:41]   - forecast-summaries-479 (0.10 MB)
[2026-02-03 15:28:42] 
[600/1077] Run #478 (ID: 21064911733)
[2026-02-03 15:28:42]   Date: 2026-01-16T11:19:06Z
[2026-02-03 15:28:42]   Status: success
[2026-02-03 15:28:42]   - forecast-summaries-478 (0.10 MB)
[2026-02-03 15:28:43] 
[601/1077] Run #477 (ID: 21064233548)
[2026-02-03 15:28:43]   Date: 2026-01-16T10:53:39Z
[2026-02-03 15:28:43]   Status: success
[2026-02-03 15:28:43]   - forecast-summaries-477 (0.10 MB)
[2026-02-03 15:28:44] 
[602/1077] Run #476 (ID: 21063453307)
[2026-02-03 15:28:44]   Date: 2026-01-16T10:23:46Z
[2026-02-03 15:28:44]   Status: success
[2026-02-03 15:28:45]   - forecast-summaries-476 (0.10 MB)
[2026-02-03 15:28:46] 
[603/1077] Run #475 (ID: 21062610633)
[2026-02-03 15:28:46]   Date: 2026-01-16T09:52:39Z
[2026-02-03 15:28:46]   Status: success
[2026-02-03 15:28:46]   - forecast-summaries-475 (0.10 MB)
[2026-02-03 15:28:47] 
[604/1077] Run #474 (ID: 21062108854)
[2026-02-03 15:28:47]   Date: 2026-01-16T09:33:58Z
[2026-02-03 15:28:47]   Status: success
[2026-02-03 15:28:47]   - forecast-summaries-474 (0.10 MB)
[2026-02-03 15:28:48] 
[605/1077] Run #473 (ID: 21061134020)
[2026-02-03 15:28:48]   Date: 2026-01-16T08:57:48Z
[2026-02-03 15:28:48]   Status: success
[2026-02-03 15:28:49]   - forecast-summaries-473 (0.10 MB)
[2026-02-03 15:28:50] 
[606/1077] Run #472 (ID: 21060450408)
[2026-02-03 15:28:50]   Date: 2026-01-16T08:29:54Z
[2026-02-03 15:28:50]   Status: success
[2026-02-03 15:28:50]   - forecast-summaries-472 (0.10 MB)
[2026-02-03 15:28:51] 
[607/1077] Run #471 (ID: 21059522645)
[2026-02-03 15:28:51]   Date: 2026-01-16T07:49:38Z
[2026-02-03 15:28:51]   Status: success
[2026-02-03 15:28:51]   - forecast-summaries-471 (0.10 MB)
[2026-02-03 15:28:52] 
[608/1077] Run #470 (ID: 21059159014)
[2026-02-03 15:28:52]   Date: 2026-01-16T07:32:32Z
[2026-02-03 15:28:52]   Status: success
[2026-02-03 15:28:53]   - forecast-summaries-470 (0.10 MB)
[2026-02-03 15:28:53] 
[609/1077] Run #469 (ID: 21058456205)
[2026-02-03 15:28:53]   Date: 2026-01-16T06:59:58Z
[2026-02-03 15:28:53]   Status: success
[2026-02-03 15:28:54]   - forecast-summaries-469 (0.10 MB)
[2026-02-03 15:28:55] 
[610/1077] Run #468 (ID: 21057953774)
[2026-02-03 15:28:55]   Date: 2026-01-16T06:34:08Z
[2026-02-03 15:28:55]   Status: success
[2026-02-03 15:28:55]   - forecast-summaries-468 (0.10 MB)
[2026-02-03 15:28:56] 
[611/1077] Run #467 (ID: 21056978740)
[2026-02-03 15:28:56]   Date: 2026-01-16T05:44:01Z
[2026-02-03 15:28:56]   Status: success
[2026-02-03 15:28:56]   - forecast-summaries-467 (0.10 MB)
[2026-02-03 15:28:57] 
[612/1077] Run #466 (ID: 21056198149)
[2026-02-03 15:28:57]   Date: 2026-01-16T05:00:58Z
[2026-02-03 15:28:57]   Status: success
[2026-02-03 15:28:57]   - forecast-summaries-466 (0.10 MB)
[2026-02-03 15:28:58] 
[613/1077] Run #465 (ID: 21055616035)
[2026-02-03 15:28:58]   Date: 2026-01-16T04:26:49Z
[2026-02-03 15:28:58]   Status: success
[2026-02-03 15:28:59]   - forecast-summaries-465 (0.10 MB)
[2026-02-03 15:28:59] 
[614/1077] Run #464 (ID: 21054777085)
[2026-02-03 15:28:59]   Date: 2026-01-16T03:39:02Z
[2026-02-03 15:28:59]   Status: success
[2026-02-03 15:29:00]   - forecast-summaries-464 (0.10 MB)
[2026-02-03 15:29:01] 
[615/1077] Run #463 (ID: 21052721064)
[2026-02-03 15:29:01]   Date: 2026-01-16T01:44:45Z
[2026-02-03 15:29:01]   Status: success
[2026-02-03 15:29:01]   - forecast-summaries-463 (0.10 MB)
[2026-02-03 15:29:02] 
[616/1077] Run #462 (ID: 21050402645)
[2026-02-03 15:29:02]   Date: 2026-01-15T23:48:33Z
[2026-02-03 15:29:02]   Status: success
[2026-02-03 15:29:03]   - forecast-summaries-462 (0.10 MB)
[2026-02-03 15:29:04] 
[617/1077] Run #461 (ID: 21049807555)
[2026-02-03 15:29:04]   Date: 2026-01-15T23:20:37Z
[2026-02-03 15:29:04]   Status: success
[2026-02-03 15:29:04]   - forecast-summaries-461 (0.10 MB)
[2026-02-03 15:29:05] 
[618/1077] Run #460 (ID: 21049140702)
[2026-02-03 15:29:05]   Date: 2026-01-15T22:51:38Z
[2026-02-03 15:29:05]   Status: success
[2026-02-03 15:29:05]   - forecast-summaries-460 (0.10 MB)
[2026-02-03 15:29:06] 
[619/1077] Run #459 (ID: 21048380432)
[2026-02-03 15:29:06]   Date: 2026-01-15T22:21:13Z
[2026-02-03 15:29:06]   Status: success
[2026-02-03 15:29:07]   - forecast-summaries-459 (0.10 MB)
[2026-02-03 15:29:07] 
[620/1077] Run #458 (ID: 21047539939)
[2026-02-03 15:29:07]   Date: 2026-01-15T21:49:43Z
[2026-02-03 15:29:07]   Status: success
[2026-02-03 15:29:08]   - forecast-summaries-458 (0.10 MB)
[2026-02-03 15:29:09] 
[621/1077] Run #457 (ID: 21046756986)
[2026-02-03 15:29:09]   Date: 2026-01-15T21:20:58Z
[2026-02-03 15:29:09]   Status: success
[2026-02-03 15:29:09]   - forecast-summaries-457 (0.10 MB)
[2026-02-03 15:29:10] 
[622/1077] Run #456 (ID: 21046000658)
[2026-02-03 15:29:10]   Date: 2026-01-15T20:53:25Z
[2026-02-03 15:29:10]   Status: success
[2026-02-03 15:29:10]   - forecast-summaries-456 (0.10 MB)
[2026-02-03 15:29:11] 
[623/1077] Run #455 (ID: 21045233325)
[2026-02-03 15:29:11]   Date: 2026-01-15T20:24:52Z
[2026-02-03 15:29:11]   Status: success
[2026-02-03 15:29:11]   - forecast-summaries-455 (0.10 MB)
[2026-02-03 15:29:12] 
[624/1077] Run #454 (ID: 21044303362)
[2026-02-03 15:29:12]   Date: 2026-01-15T19:51:16Z
[2026-02-03 15:29:12]   Status: success
[2026-02-03 15:29:13]   - forecast-summaries-454 (0.10 MB)
[2026-02-03 15:29:14] 
[625/1077] Run #453 (ID: 21043647662)
[2026-02-03 15:29:14]   Date: 2026-01-15T19:27:12Z
[2026-02-03 15:29:14]   Status: success
[2026-02-03 15:29:14]   - forecast-summaries-453 (0.10 MB)
[2026-02-03 15:29:15] 
[626/1077] Run #452 (ID: 21042766691)
[2026-02-03 15:29:15]   Date: 2026-01-15T18:56:24Z
[2026-02-03 15:29:15]   Status: success
[2026-02-03 15:29:15]   - forecast-summaries-452 (0.10 MB)
[2026-02-03 15:29:16] 
[627/1077] Run #451 (ID: 21041186853)
[2026-02-03 15:29:16]   Date: 2026-01-15T18:00:10Z
[2026-02-03 15:29:16]   Status: success
[2026-02-03 15:29:16]   - forecast-summaries-451 (0.10 MB)
[2026-02-03 15:29:17] 
[628/1077] Run #450 (ID: 21040393114)
[2026-02-03 15:29:17]   Date: 2026-01-15T17:31:20Z
[2026-02-03 15:29:17]   Status: success
[2026-02-03 15:29:18]   - forecast-summaries-450 (0.10 MB)
[2026-02-03 15:29:18] 
[629/1077] Run #449 (ID: 21039171977)
[2026-02-03 15:29:18]   Date: 2026-01-15T16:47:09Z
[2026-02-03 15:29:19]   Status: success
[2026-02-03 15:29:19]   - forecast-summaries-449 (0.10 MB)
[2026-02-03 15:29:20] 
[630/1077] Run #448 (ID: 21037658922)
[2026-02-03 15:29:20]   Date: 2026-01-15T15:59:30Z
[2026-02-03 15:29:20]   Status: success
[2026-02-03 15:29:20]   - forecast-summaries-448 (0.10 MB)
[2026-02-03 15:29:21] 
[631/1077] Run #447 (ID: 21036565370)
[2026-02-03 15:29:21]   Date: 2026-01-15T15:25:23Z
[2026-02-03 15:29:21]   Status: success
[2026-02-03 15:29:21]   - forecast-summaries-447 (0.10 MB)
[2026-02-03 15:29:22] 
[632/1077] Run #446 (ID: 21035267307)
[2026-02-03 15:29:22]   Date: 2026-01-15T14:44:55Z
[2026-02-03 15:29:22]   Status: success
[2026-02-03 15:29:23]   - forecast-summaries-446 (0.10 MB)
[2026-02-03 15:29:24] 
[633/1077] Run #445 (ID: 21033953197)
[2026-02-03 15:29:24]   Date: 2026-01-15T14:00:42Z
[2026-02-03 15:29:24]   Status: success
[2026-02-03 15:29:24]   - forecast-summaries-445 (0.10 MB)
[2026-02-03 15:29:25] 
[634/1077] Run #444 (ID: 21033302870)
[2026-02-03 15:29:25]   Date: 2026-01-15T13:39:16Z
[2026-02-03 15:29:25]   Status: success
[2026-02-03 15:29:25]   - forecast-summaries-444 (0.10 MB)
[2026-02-03 15:29:26] 
[635/1077] Run #443 (ID: 21031732465)
[2026-02-03 15:29:26]   Date: 2026-01-15T12:44:39Z
[2026-02-03 15:29:26]   Status: success
[2026-02-03 15:29:26]   - forecast-summaries-443 (0.10 MB)
[2026-02-03 15:29:27] 
[636/1077] Run #442 (ID: 21030296463)
[2026-02-03 15:29:27]   Date: 2026-01-15T11:50:57Z
[2026-02-03 15:29:27]   Status: success
[2026-02-03 15:29:28]   - forecast-summaries-442 (0.10 MB)
[2026-02-03 15:29:29] 
[637/1077] Run #441 (ID: 21029956512)
[2026-02-03 15:29:29]   Date: 2026-01-15T11:38:11Z
[2026-02-03 15:29:29]   Status: success
[2026-02-03 15:29:29]   - forecast-summaries-441 (0.10 MB)
[2026-02-03 15:29:30] 
[638/1077] Run #440 (ID: 21029469260)
[2026-02-03 15:29:30]   Date: 2026-01-15T11:19:28Z
[2026-02-03 15:29:30]   Status: success
[2026-02-03 15:29:30]   - forecast-summaries-440 (0.10 MB)
[2026-02-03 15:29:31] 
[639/1077] Run #439 (ID: 21028756075)
[2026-02-03 15:29:31]   Date: 2026-01-15T10:54:22Z
[2026-02-03 15:29:31]   Status: success
[2026-02-03 15:29:31]   - forecast-summaries-439 (0.10 MB)
[2026-02-03 15:29:32] 
[640/1077] Run #438 (ID: 21027901502)
[2026-02-03 15:29:32]   Date: 2026-01-15T10:24:30Z
[2026-02-03 15:29:32]   Status: success
[2026-02-03 15:29:33]   - forecast-summaries-438 (0.10 MB)
[2026-02-03 15:29:34] 
[641/1077] Run #437 (ID: 21027018615)
[2026-02-03 15:29:34]   Date: 2026-01-15T09:54:18Z
[2026-02-03 15:29:34]   Status: success
[2026-02-03 15:29:34]   - forecast-summaries-437 (0.10 MB)
[2026-02-03 15:29:35] 
[642/1077] Run #436 (ID: 21026507316)
[2026-02-03 15:29:35]   Date: 2026-01-15T09:36:25Z
[2026-02-03 15:29:35]   Status: success
[2026-02-03 15:29:35]   - forecast-summaries-436 (0.10 MB)
[2026-02-03 15:29:36] 
[643/1077] Run #435 (ID: 21025436046)
[2026-02-03 15:29:36]   Date: 2026-01-15T08:58:42Z
[2026-02-03 15:29:36]   Status: success
[2026-02-03 15:29:36]   - forecast-summaries-435 (0.10 MB)
[2026-02-03 15:29:37] 
[644/1077] Run #434 (ID: 21024707855)
[2026-02-03 15:29:37]   Date: 2026-01-15T08:30:46Z
[2026-02-03 15:29:37]   Status: success
[2026-02-03 15:29:38]   - forecast-summaries-434 (0.10 MB)
[2026-02-03 15:29:39] 
[645/1077] Run #433 (ID: 21023473119)
[2026-02-03 15:29:39]   Date: 2026-01-15T07:40:26Z
[2026-02-03 15:29:39]   Status: success
[2026-02-03 15:29:39]   - forecast-summaries-433 (0.10 MB)
[2026-02-03 15:29:40] 
[646/1077] Run #432 (ID: 21022605230)
[2026-02-03 15:29:40]   Date: 2026-01-15T07:00:05Z
[2026-02-03 15:29:40]   Status: success
[2026-02-03 15:29:40]   - forecast-summaries-432 (0.10 MB)
[2026-02-03 15:29:41] 
[647/1077] Run #431 (ID: 21022093543)
[2026-02-03 15:29:41]   Date: 2026-01-15T06:33:24Z
[2026-02-03 15:29:41]   Status: success
[2026-02-03 15:29:41]   - forecast-summaries-431 (0.10 MB)
[2026-02-03 15:29:42] 
[648/1077] Run #430 (ID: 21021291087)
[2026-02-03 15:29:42]   Date: 2026-01-15T05:52:55Z
[2026-02-03 15:29:42]   Status: success
[2026-02-03 15:29:43]   - forecast-summaries-430 (0.10 MB)
[2026-02-03 15:29:44] 
[649/1077] Run #429 (ID: 21020784732)
[2026-02-03 15:29:44]   Date: 2026-01-15T05:25:57Z
[2026-02-03 15:29:44]   Status: success
[2026-02-03 15:29:44]   - forecast-summaries-429 (0.10 MB)
[2026-02-03 15:29:45] 
[650/1077] Run #428 (ID: 21019968086)
[2026-02-03 15:29:45]   Date: 2026-01-15T04:40:06Z
[2026-02-03 15:29:45]   Status: success
[2026-02-03 15:29:45]   - forecast-summaries-428 (0.10 MB)
[2026-02-03 15:29:46] 
[651/1077] Run #427 (ID: 21018886375)
[2026-02-03 15:29:46]   Date: 2026-01-15T03:40:29Z
[2026-02-03 15:29:46]   Status: success
[2026-02-03 15:29:46]   - forecast-summaries-427 (0.10 MB)
[2026-02-03 15:29:47] 
[652/1077] Run #426 (ID: 21016620183)
[2026-02-03 15:29:47]   Date: 2026-01-15T01:42:53Z
[2026-02-03 15:29:47]   Status: success
[2026-02-03 15:29:48]   - forecast-summaries-426 (0.10 MB)
[2026-02-03 15:29:49] 
[653/1077] Run #425 (ID: 21014039679)
[2026-02-03 15:29:49]   Date: 2026-01-14T23:47:12Z
[2026-02-03 15:29:49]   Status: success
[2026-02-03 15:29:49]   - forecast-summaries-425 (0.10 MB)
[2026-02-03 15:29:50] 
[654/1077] Run #424 (ID: 21013710454)
[2026-02-03 15:29:50]   Date: 2026-01-14T23:32:10Z
[2026-02-03 15:29:50]   Status: success
[2026-02-03 15:29:50]   - forecast-summaries-424 (0.10 MB)
[2026-02-03 15:29:51] 
[655/1077] Run #423 (ID: 21013374633)
[2026-02-03 15:29:51]   Date: 2026-01-14T23:17:46Z
[2026-02-03 15:29:51]   Status: success
[2026-02-03 15:29:51]   - forecast-summaries-423 (0.10 MB)
[2026-02-03 15:29:52] 
[656/1077] Run #422 (ID: 21012759407)
[2026-02-03 15:29:52]   Date: 2026-01-14T22:52:40Z
[2026-02-03 15:29:52]   Status: success
[2026-02-03 15:29:53]   - forecast-summaries-422 (0.10 MB)
[2026-02-03 15:29:54] 
[657/1077] Run #421 (ID: 21011974152)
[2026-02-03 15:29:54]   Date: 2026-01-14T22:21:42Z
[2026-02-03 15:29:54]   Status: success
[2026-02-03 15:29:54]   - forecast-summaries-421 (0.10 MB)
[2026-02-03 15:29:55] 
[658/1077] Run #420 (ID: 21011154200)
[2026-02-03 15:29:55]   Date: 2026-01-14T21:50:39Z
[2026-02-03 15:29:55]   Status: success
[2026-02-03 15:29:55]   - forecast-summaries-420 (0.10 MB)
[2026-02-03 15:29:56] 
[659/1077] Run #419 (ID: 21010297066)
[2026-02-03 15:29:56]   Date: 2026-01-14T21:21:08Z
[2026-02-03 15:29:56]   Status: success
[2026-02-03 15:29:56]   - forecast-summaries-419 (0.10 MB)
[2026-02-03 15:29:57] 
[660/1077] Run #418 (ID: 21009409712)
[2026-02-03 15:29:57]   Date: 2026-01-14T20:51:21Z
[2026-02-03 15:29:57]   Status: success
[2026-02-03 15:29:58]   - forecast-summaries-418 (0.10 MB)
[2026-02-03 15:29:58] 
[661/1077] Run #417 (ID: 21008593739)
[2026-02-03 15:29:59]   Date: 2026-01-14T20:21:19Z
[2026-02-03 15:29:59]   Status: success
[2026-02-03 15:29:59]   - forecast-summaries-417 (0.10 MB)
[2026-02-03 15:30:00] 
[662/1077] Run #416 (ID: 21007622873)
[2026-02-03 15:30:00]   Date: 2026-01-14T19:46:46Z
[2026-02-03 15:30:00]   Status: success
[2026-02-03 15:30:00]   - forecast-summaries-416 (0.10 MB)
[2026-02-03 15:30:01] 
[663/1077] Run #415 (ID: 21007064392)
[2026-02-03 15:30:01]   Date: 2026-01-14T19:27:16Z
[2026-02-03 15:30:01]   Status: success
[2026-02-03 15:30:01]   - forecast-summaries-415 (0.10 MB)
[2026-02-03 15:30:02] 
[664/1077] Run #414 (ID: 21006250449)
[2026-02-03 15:30:02]   Date: 2026-01-14T18:59:22Z
[2026-02-03 15:30:02]   Status: success
[2026-02-03 15:30:03]   - forecast-summaries-414 (0.10 MB)
[2026-02-03 15:30:04] 
[665/1077] Run #413 (ID: 21005498354)
[2026-02-03 15:30:04]   Date: 2026-01-14T18:33:12Z
[2026-02-03 15:30:04]   Status: success
[2026-02-03 15:30:04]   - forecast-summaries-413 (0.10 MB)
[2026-02-03 15:30:05] 
[666/1077] Run #412 (ID: 21004115130)
[2026-02-03 15:30:05]   Date: 2026-01-14T17:45:32Z
[2026-02-03 15:30:05]   Status: success
[2026-02-03 15:30:05]   - forecast-summaries-412 (0.10 MB)
[2026-02-03 15:30:06] 
[667/1077] Run #411 (ID: 21002743832)
[2026-02-03 15:30:06]   Date: 2026-01-14T17:00:37Z
[2026-02-03 15:30:06]   Status: success
[2026-02-03 15:30:07]   - forecast-summaries-411 (0.10 MB)
[2026-02-03 15:30:07] 
[668/1077] Run #410 (ID: 21001776530)
[2026-02-03 15:30:07]   Date: 2026-01-14T16:30:02Z
[2026-02-03 15:30:07]   Status: success
[2026-02-03 15:30:08]   - forecast-summaries-410 (0.10 MB)
[2026-02-03 15:30:09] 
[669/1077] Run #409 (ID: 21000474495)
[2026-02-03 15:30:09]   Date: 2026-01-14T15:51:56Z
[2026-02-03 15:30:09]   Status: success
[2026-02-03 15:30:09]   - forecast-summaries-409 (0.10 MB)
[2026-02-03 15:30:10] 
[670/1077] Run #408 (ID: 20999589142)
[2026-02-03 15:30:10]   Date: 2026-01-14T15:25:55Z
[2026-02-03 15:30:10]   Status: success
[2026-02-03 15:30:10]   - forecast-summaries-408 (0.10 MB)
[2026-02-03 15:30:11] 
[671/1077] Run #407 (ID: 20998269555)
[2026-02-03 15:30:11]   Date: 2026-01-14T14:46:34Z
[2026-02-03 15:30:11]   Status: success
[2026-02-03 15:30:12]   - forecast-summaries-407 (0.10 MB)
[2026-02-03 15:30:13] 
[672/1077] Run #406 (ID: 20996811758)
[2026-02-03 15:30:13]   Date: 2026-01-14T14:01:14Z
[2026-02-03 15:30:13]   Status: success
[2026-02-03 15:30:13]   - forecast-summaries-406 (0.10 MB)
[2026-02-03 15:30:14] 
[673/1077] Run #405 (ID: 20996159905)
[2026-02-03 15:30:14]   Date: 2026-01-14T13:39:43Z
[2026-02-03 15:30:14]   Status: success
[2026-02-03 15:30:14]   - forecast-summaries-405 (0.10 MB)
[2026-02-03 15:30:15] 
[674/1077] Run #404 (ID: 20994555639)
[2026-02-03 15:30:15]   Date: 2026-01-14T12:45:15Z
[2026-02-03 15:30:15]   Status: success
[2026-02-03 15:30:16]   - forecast-summaries-404 (0.10 MB)
[2026-02-03 15:30:16] 
[675/1077] Run #403 (ID: 20993034784)
[2026-02-03 15:30:16]   Date: 2026-01-14T11:49:56Z
[2026-02-03 15:30:16]   Status: success
[2026-02-03 15:30:17]   - forecast-summaries-403 (0.10 MB)
[2026-02-03 15:30:18] 
[676/1077] Run #402 (ID: 20992321365)
[2026-02-03 15:30:18]   Date: 2026-01-14T11:22:34Z
[2026-02-03 15:30:18]   Status: success
[2026-02-03 15:30:18]   - forecast-summaries-402 (0.10 MB)
[2026-02-03 15:30:19] 
[677/1077] Run #401 (ID: 20991589023)
[2026-02-03 15:30:19]   Date: 2026-01-14T10:55:40Z
[2026-02-03 15:30:19]   Status: success
[2026-02-03 15:30:19]   - forecast-summaries-401 (0.10 MB)
[2026-02-03 15:30:20] 
[678/1077] Run #400 (ID: 20990802106)
[2026-02-03 15:30:20]   Date: 2026-01-14T10:27:03Z
[2026-02-03 15:30:20]   Status: success
[2026-02-03 15:30:21]   - forecast-summaries-400 (0.10 MB)
[2026-02-03 15:30:22] 
[679/1077] Run #399 (ID: 20989882219)
[2026-02-03 15:30:22]   Date: 2026-01-14T09:55:36Z
[2026-02-03 15:30:22]   Status: success
[2026-02-03 15:30:22]   - forecast-summaries-399 (0.10 MB)
[2026-02-03 15:30:23] 
[680/1077] Run #398 (ID: 20989366764)
[2026-02-03 15:30:23]   Date: 2026-01-14T09:37:32Z
[2026-02-03 15:30:23]   Status: success
[2026-02-03 15:30:23]   - forecast-summaries-398 (0.10 MB)
[2026-02-03 15:30:24] 
[681/1077] Run #397 (ID: 20988272572)
[2026-02-03 15:30:24]   Date: 2026-01-14T08:59:30Z
[2026-02-03 15:30:24]   Status: success
[2026-02-03 15:30:25]   - forecast-summaries-397 (0.10 MB)
[2026-02-03 15:30:25] 
[682/1077] Run #396 (ID: 20987517055)
[2026-02-03 15:30:25]   Date: 2026-01-14T08:30:24Z
[2026-02-03 15:30:25]   Status: success
[2026-02-03 15:30:26]   - forecast-summaries-396 (0.10 MB)
[2026-02-03 15:30:27] 
[683/1077] Run #395 (ID: 20986327507)
[2026-02-03 15:30:27]   Date: 2026-01-14T07:41:29Z
[2026-02-03 15:30:27]   Status: success
[2026-02-03 15:30:27]   - forecast-summaries-395 (0.10 MB)
[2026-02-03 15:30:28] 
[684/1077] Run #394 (ID: 20985398641)
[2026-02-03 15:30:28]   Date: 2026-01-14T07:00:04Z
[2026-02-03 15:30:28]   Status: success
[2026-02-03 15:30:28]   - forecast-summaries-394 (0.10 MB)
[2026-02-03 15:30:29] 
[685/1077] Run #393 (ID: 20984858346)
[2026-02-03 15:30:29]   Date: 2026-01-14T06:33:56Z
[2026-02-03 15:30:29]   Status: success
[2026-02-03 15:30:29]   - forecast-summaries-393 (0.12 MB)
[2026-02-03 15:30:30] 
[686/1077] Run #392 (ID: 20984000006)
[2026-02-03 15:30:30]   Date: 2026-01-14T05:53:00Z
[2026-02-03 15:30:30]   Status: success
[2026-02-03 15:30:31]   - forecast-summaries-392 (0.10 MB)
[2026-02-03 15:30:31] 
[687/1077] Run #391 (ID: 20983422686)
[2026-02-03 15:30:31]   Date: 2026-01-14T05:23:58Z
[2026-02-03 15:30:31]   Status: success
[2026-02-03 15:30:32]   - forecast-summaries-391 (0.10 MB)
[2026-02-03 15:30:33] 
[688/1077] Run #390 (ID: 20982695654)
[2026-02-03 15:30:33]   Date: 2026-01-14T04:46:00Z
[2026-02-03 15:30:33]   Status: success
[2026-02-03 15:30:33]   - forecast-summaries-390 (0.10 MB)
[2026-02-03 15:30:34] 
[689/1077] Run #389 (ID: 20981599562)
[2026-02-03 15:30:34]   Date: 2026-01-14T03:46:54Z
[2026-02-03 15:30:34]   Status: success
[2026-02-03 15:30:34]   - forecast-summaries-389 (0.10 MB)
[2026-02-03 15:30:35] 
[690/1077] Run #388 (ID: 20979344688)
[2026-02-03 15:30:35]   Date: 2026-01-14T01:47:43Z
[2026-02-03 15:30:35]   Status: success
[2026-02-03 15:30:35]   - forecast-summaries-388 (0.10 MB)
[2026-02-03 15:30:36] 
[691/1077] Run #387 (ID: 20976805080)
[2026-02-03 15:30:36]   Date: 2026-01-13T23:47:54Z
[2026-02-03 15:30:36]   Status: success
[2026-02-03 15:30:37]   - forecast-summaries-387 (0.10 MB)
[2026-02-03 15:30:38] 
[692/1077] Run #386 (ID: 20976514409)
[2026-02-03 15:30:38]   Date: 2026-01-13T23:34:45Z
[2026-02-03 15:30:38]   Status: success
[2026-02-03 15:30:38]   - forecast-summaries-386 (0.10 MB)
[2026-02-03 15:30:39] 
[693/1077] Run #385 (ID: 20976153821)
[2026-02-03 15:30:39]   Date: 2026-01-13T23:19:28Z
[2026-02-03 15:30:39]   Status: success
[2026-02-03 15:30:39]   - forecast-summaries-385 (0.10 MB)
[2026-02-03 15:30:40] 
[694/1077] Run #384 (ID: 20975504308)
[2026-02-03 15:30:40]   Date: 2026-01-13T22:52:26Z
[2026-02-03 15:30:40]   Status: success
[2026-02-03 15:30:41]   - forecast-summaries-384 (0.10 MB)
[2026-02-03 15:30:42] 
[695/1077] Run #383 (ID: 20974709939)
[2026-02-03 15:30:42]   Date: 2026-01-13T22:21:24Z
[2026-02-03 15:30:42]   Status: success
[2026-02-03 15:30:42]   - forecast-summaries-383 (0.10 MB)
[2026-02-03 15:30:43] 
[696/1077] Run #382 (ID: 20973820885)
[2026-02-03 15:30:43]   Date: 2026-01-13T21:50:14Z
[2026-02-03 15:30:43]   Status: success
[2026-02-03 15:30:43]   - forecast-summaries-382 (0.10 MB)
[2026-02-03 15:30:44] 
[697/1077] Run #381 (ID: 20973010424)
[2026-02-03 15:30:44]   Date: 2026-01-13T21:20:40Z
[2026-02-03 15:30:44]   Status: success
[2026-02-03 15:30:45]   - forecast-summaries-381 (0.10 MB)
[2026-02-03 15:30:45] 
[698/1077] Run #380 (ID: 20972192935)
[2026-02-03 15:30:45]   Date: 2026-01-13T20:52:52Z
[2026-02-03 15:30:46]   Status: success
[2026-02-03 15:30:46]   - forecast-summaries-380 (0.10 MB)
[2026-02-03 15:30:47] 
[699/1077] Run #379 (ID: 20971414072)
[2026-02-03 15:30:47]   Date: 2026-01-13T20:24:51Z
[2026-02-03 15:30:47]   Status: success
[2026-02-03 15:30:47]   - forecast-summaries-379 (0.10 MB)
[2026-02-03 15:30:48] 
[700/1077] Run #378 (ID: 20970256830)
[2026-02-03 15:30:48]   Date: 2026-01-13T19:45:02Z
[2026-02-03 15:30:48]   Status: success
[2026-02-03 15:30:48]   - forecast-summaries-378 (0.10 MB)
[2026-02-03 15:30:49] 
[701/1077] Run #377 (ID: 20969736966)
[2026-02-03 15:30:49]   Date: 2026-01-13T19:27:20Z
[2026-02-03 15:30:49]   Status: success
[2026-02-03 15:30:50]   - forecast-summaries-377 (0.10 MB)
[2026-02-03 15:30:51] 
[702/1077] Run #376 (ID: 20968892998)
[2026-02-03 15:30:51]   Date: 2026-01-13T18:58:41Z
[2026-02-03 15:30:51]   Status: success
[2026-02-03 15:30:51]   - forecast-summaries-376 (0.10 MB)
[2026-02-03 15:30:52] 
[703/1077] Run #375 (ID: 20968081801)
[2026-02-03 15:30:52]   Date: 2026-01-13T18:30:49Z
[2026-02-03 15:30:52]   Status: success
[2026-02-03 15:30:52]   - forecast-summaries-375 (0.10 MB)
[2026-02-03 15:30:53] 
[704/1077] Run #374 (ID: 20966753761)
[2026-02-03 15:30:53]   Date: 2026-01-13T17:45:34Z
[2026-02-03 15:30:53]   Status: success
[2026-02-03 15:30:54]   - forecast-summaries-374 (0.10 MB)
[2026-02-03 15:30:54] 
[705/1077] Run #373 (ID: 20965416706)
[2026-02-03 15:30:54]   Date: 2026-01-13T17:01:12Z
[2026-02-03 15:30:54]   Status: success
[2026-02-03 15:30:55]   - forecast-summaries-373 (0.10 MB)
[2026-02-03 15:30:56] 
[706/1077] Run #372 (ID: 20964471566)
[2026-02-03 15:30:56]   Date: 2026-01-13T16:31:32Z
[2026-02-03 15:30:56]   Status: success
[2026-02-03 15:30:56]   - forecast-summaries-372 (0.10 MB)
[2026-02-03 15:30:57] 
[707/1077] Run #371 (ID: 20963277605)
[2026-02-03 15:30:57]   Date: 2026-01-13T15:54:56Z
[2026-02-03 15:30:57]   Status: success
[2026-02-03 15:30:57]   - forecast-summaries-371 (0.10 MB)
[2026-02-03 15:30:58] 
[708/1077] Run #370 (ID: 20962537141)
[2026-02-03 15:30:58]   Date: 2026-01-13T15:32:40Z
[2026-02-03 15:30:58]   Status: success
[2026-02-03 15:30:58]   - forecast-summaries-370 (0.10 MB)
[2026-02-03 15:30:59] 
[709/1077] Run #369 (ID: 20961340479)
[2026-02-03 15:30:59]   Date: 2026-01-13T14:57:26Z
[2026-02-03 15:30:59]   Status: success
[2026-02-03 15:31:00]   - forecast-summaries-369 (0.10 MB)
[2026-02-03 15:31:01] 
[710/1077] Run #368 (ID: 20960282247)
[2026-02-03 15:31:01]   Date: 2026-01-13T14:25:12Z
[2026-02-03 15:31:01]   Status: success
[2026-02-03 15:31:01]   - forecast-summaries-368 (0.10 MB)
[2026-02-03 15:31:02] 
[711/1077] Run #367 (ID: 20958865446)
[2026-02-03 15:31:02]   Date: 2026-01-13T13:41:04Z
[2026-02-03 15:31:02]   Status: success
[2026-02-03 15:31:02]   - forecast-summaries-367 (0.10 MB)
[2026-02-03 15:31:03] 
[712/1077] Run #366 (ID: 20957249452)
[2026-02-03 15:31:03]   Date: 2026-01-13T12:46:46Z
[2026-02-03 15:31:03]   Status: success
[2026-02-03 15:31:03]   - forecast-summaries-366 (0.10 MB)
[2026-02-03 15:31:04] 
[713/1077] Run #365 (ID: 20955670091)
[2026-02-03 15:31:04]   Date: 2026-01-13T11:51:19Z
[2026-02-03 15:31:04]   Status: success
[2026-02-03 15:31:05]   - forecast-summaries-365 (0.10 MB)
[2026-02-03 15:31:06] 
[714/1077] Run #364 (ID: 20955331261)
[2026-02-03 15:31:06]   Date: 2026-01-13T11:38:41Z
[2026-02-03 15:31:06]   Status: success
[2026-02-03 15:31:06]   - forecast-summaries-364 (0.10 MB)
[2026-02-03 15:31:07] 
[715/1077] Run #363 (ID: 20954828906)
[2026-02-03 15:31:07]   Date: 2026-01-13T11:19:53Z
[2026-02-03 15:31:07]   Status: success
[2026-02-03 15:31:07]   - forecast-summaries-363 (0.10 MB)
[2026-02-03 15:31:08] 
[716/1077] Run #362 (ID: 20954096490)
[2026-02-03 15:31:08]   Date: 2026-01-13T10:54:30Z
[2026-02-03 15:31:08]   Status: success
[2026-02-03 15:31:09]   - forecast-summaries-362 (0.10 MB)
[2026-02-03 15:31:10] 
[717/1077] Run #361 (ID: 20953189052)
[2026-02-03 15:31:10]   Date: 2026-01-13T10:23:49Z
[2026-02-03 15:31:10]   Status: success
[2026-02-03 15:31:10]   - forecast-summaries-361 (0.10 MB)
[2026-02-03 15:31:11] 
[718/1077] Run #360 (ID: 20952339079)
[2026-02-03 15:31:11]   Date: 2026-01-13T09:54:45Z
[2026-02-03 15:31:11]   Status: success
[2026-02-03 15:31:11]   - forecast-summaries-360 (0.10 MB)
[2026-02-03 15:31:12] 
[719/1077] Run #359 (ID: 20951831725)
[2026-02-03 15:31:12]   Date: 2026-01-13T09:37:03Z
[2026-02-03 15:31:12]   Status: success
[2026-02-03 15:31:12]   - forecast-summaries-359 (0.10 MB)
[2026-02-03 15:31:13] 
[720/1077] Run #358 (ID: 20950732002)
[2026-02-03 15:31:13]   Date: 2026-01-13T08:59:41Z
[2026-02-03 15:31:13]   Status: success
[2026-02-03 15:31:14]   - forecast-summaries-358 (0.10 MB)
[2026-02-03 15:31:15] 
[721/1077] Run #357 (ID: 20949925515)
[2026-02-03 15:31:15]   Date: 2026-01-13T08:30:33Z
[2026-02-03 15:31:15]   Status: success
[2026-02-03 15:31:15]   - forecast-summaries-357 (0.10 MB)
[2026-02-03 15:31:16] 
[722/1077] Run #356 (ID: 20948668059)
[2026-02-03 15:31:16]   Date: 2026-01-13T07:40:12Z
[2026-02-03 15:31:16]   Status: success
[2026-02-03 15:31:16]   - forecast-summaries-356 (0.10 MB)
[2026-02-03 15:31:17] 
[723/1077] Run #355 (ID: 20947757705)
[2026-02-03 15:31:17]   Date: 2026-01-13T07:00:26Z
[2026-02-03 15:31:17]   Status: success
[2026-02-03 15:31:18]   - forecast-summaries-355 (0.10 MB)
[2026-02-03 15:31:18] 
[724/1077] Run #354 (ID: 20947206532)
[2026-02-03 15:31:18]   Date: 2026-01-13T06:33:47Z
[2026-02-03 15:31:18]   Status: success
[2026-02-03 15:31:19]   - forecast-summaries-354 (0.10 MB)
[2026-02-03 15:31:20] 
[725/1077] Run #353 (ID: 20946158377)
[2026-02-03 15:31:20]   Date: 2026-01-13T05:43:55Z
[2026-02-03 15:31:20]   Status: success
[2026-02-03 15:31:20]   - forecast-summaries-353 (0.10 MB)
[2026-02-03 15:31:21] 
[726/1077] Run #352 (ID: 20945321573)
[2026-02-03 15:31:21]   Date: 2026-01-13T05:01:39Z
[2026-02-03 15:31:21]   Status: success
[2026-02-03 15:31:21]   - forecast-summaries-352 (0.10 MB)
[2026-02-03 15:31:22] 
[727/1077] Run #351 (ID: 20944670836)
[2026-02-03 15:31:22]   Date: 2026-01-13T04:26:24Z
[2026-02-03 15:31:22]   Status: success
[2026-02-03 15:31:23]   - forecast-summaries-351 (0.10 MB)
[2026-02-03 15:31:23] 
[728/1077] Run #350 (ID: 20943548855)
[2026-02-03 15:31:23]   Date: 2026-01-13T03:27:28Z
[2026-02-03 15:31:23]   Status: success
[2026-02-03 15:31:24]   - forecast-summaries-350 (0.10 MB)
[2026-02-03 15:31:25] 
[729/1077] Run #349 (ID: 20941463046)
[2026-02-03 15:31:25]   Date: 2026-01-13T01:40:33Z
[2026-02-03 15:31:25]   Status: success
[2026-02-03 15:31:25]   - forecast-summaries-349 (0.10 MB)
[2026-02-03 15:31:26] 
[730/1077] Run #348 (ID: 20939055545)
[2026-02-03 15:31:26]   Date: 2026-01-12T23:46:49Z
[2026-02-03 15:31:26]   Status: success
[2026-02-03 15:31:26]   - forecast-summaries-348 (0.10 MB)
[2026-02-03 15:31:27] 
[731/1077] Run #347 (ID: 20938792039)
[2026-02-03 15:31:27]   Date: 2026-01-12T23:34:14Z
[2026-02-03 15:31:27]   Status: success
[2026-02-03 15:31:28]   - forecast-summaries-347 (0.10 MB)
[2026-02-03 15:31:29] 
[732/1077] Run #346 (ID: 20938413254)
[2026-02-03 15:31:29]   Date: 2026-01-12T23:16:46Z
[2026-02-03 15:31:29]   Status: success
[2026-02-03 15:31:29]   - forecast-summaries-346 (0.10 MB)
[2026-02-03 15:31:30] 
[733/1077] Run #345 (ID: 20937812856)
[2026-02-03 15:31:30]   Date: 2026-01-12T22:51:47Z
[2026-02-03 15:31:30]   Status: success
[2026-02-03 15:31:30]   - forecast-summaries-345 (0.10 MB)
[2026-02-03 15:31:31] 
[734/1077] Run #344 (ID: 20937515894)
[2026-02-03 15:31:31]   Date: 2026-01-12T22:39:40Z
[2026-02-03 15:31:31]   Status: success
[2026-02-03 15:31:31]   - forecast-summaries-344 (0.10 MB)
[2026-02-03 15:31:32] 
[735/1077] Run #343 (ID: 20936978639)
[2026-02-03 15:31:32]   Date: 2026-01-12T22:18:43Z
[2026-02-03 15:31:32]   Status: success
[2026-02-03 15:31:33]   - forecast-summaries-343 (0.10 MB)
[2026-02-03 15:31:34] 
[736/1077] Run #342 (ID: 20936174875)
[2026-02-03 15:31:34]   Date: 2026-01-12T21:49:15Z
[2026-02-03 15:31:34]   Status: success
[2026-02-03 15:31:34]   - forecast-summaries-342 (0.10 MB)
[2026-02-03 15:31:35] 
[737/1077] Run #341 (ID: 20935384034)
[2026-02-03 15:31:35]   Date: 2026-01-12T21:20:29Z
[2026-02-03 15:31:35]   Status: success
[2026-02-03 15:31:35]   - forecast-summaries-341 (0.10 MB)
[2026-02-03 15:31:36] 
[738/1077] Run #340 (ID: 20934591551)
[2026-02-03 15:31:36]   Date: 2026-01-12T20:52:13Z
[2026-02-03 15:31:36]   Status: success
[2026-02-03 15:31:36]   - forecast-summaries-340 (0.10 MB)
[2026-02-03 15:31:37] 
[739/1077] Run #339 (ID: 20933856593)
[2026-02-03 15:31:37]   Date: 2026-01-12T20:25:06Z
[2026-02-03 15:31:37]   Status: success
[2026-02-03 15:31:38]   - forecast-summaries-339 (0.12 MB)
[2026-02-03 15:31:39] 
[740/1077] Run #338 (ID: 20932775377)
[2026-02-03 15:31:39]   Date: 2026-01-12T19:46:15Z
[2026-02-03 15:31:39]   Status: success
[2026-02-03 15:31:39]   - forecast-summaries-338 (0.12 MB)
[2026-02-03 15:31:40] 
[741/1077] Run #337 (ID: 20932227556)
[2026-02-03 15:31:40]   Date: 2026-01-12T19:27:15Z
[2026-02-03 15:31:40]   Status: success
[2026-02-03 15:31:40]   - forecast-summaries-337 (0.10 MB)
[2026-02-03 15:31:41] 
[742/1077] Run #336 (ID: 20931437953)
[2026-02-03 15:31:41]   Date: 2026-01-12T18:59:52Z
[2026-02-03 15:31:41]   Status: success
[2026-02-03 15:31:42]   - forecast-summaries-336 (0.10 MB)
[2026-02-03 15:31:42] 
[743/1077] Run #335 (ID: 20930659253)
[2026-02-03 15:31:42]   Date: 2026-01-12T18:32:46Z
[2026-02-03 15:31:42]   Status: success
[2026-02-03 15:31:43]   - forecast-summaries-335 (0.10 MB)
[2026-02-03 15:31:44] 
[744/1077] Run #334 (ID: 20929430973)
[2026-02-03 15:31:44]   Date: 2026-01-12T17:49:33Z
[2026-02-03 15:31:44]   Status: success
[2026-02-03 15:31:44]   - forecast-summaries-334 (0.10 MB)
[2026-02-03 15:31:45] 
[745/1077] Run #333 (ID: 20928870102)
[2026-02-03 15:31:45]   Date: 2026-01-12T17:31:38Z
[2026-02-03 15:31:45]   Status: success
[2026-02-03 15:31:45]   - forecast-summaries-333 (0.10 MB)
[2026-02-03 15:31:46] 
[746/1077] Run #332 (ID: 20927854403)
[2026-02-03 15:31:46]   Date: 2026-01-12T16:58:33Z
[2026-02-03 15:31:46]   Status: success
[2026-02-03 15:31:47]   - forecast-summaries-332 (0.10 MB)
[2026-02-03 15:31:47] 
[747/1077] Run #331 (ID: 20926858239)
[2026-02-03 15:31:47]   Date: 2026-01-12T16:26:53Z
[2026-02-03 15:31:47]   Status: success
[2026-02-03 15:31:48]   - forecast-summaries-331 (0.10 MB)
[2026-02-03 15:31:49] 
[748/1077] Run #330 (ID: 20925799175)
[2026-02-03 15:31:49]   Date: 2026-01-12T15:54:52Z
[2026-02-03 15:31:49]   Status: success
[2026-02-03 15:31:49]   - forecast-summaries-330 (0.10 MB)
[2026-02-03 15:31:50] 
[749/1077] Run #329 (ID: 20925115836)
[2026-02-03 15:31:50]   Date: 2026-01-12T15:33:57Z
[2026-02-03 15:31:50]   Status: success
[2026-02-03 15:31:50]   - forecast-summaries-329 (0.10 MB)
[2026-02-03 15:31:51] 
[750/1077] Run #328 (ID: 20923894245)
[2026-02-03 15:31:51]   Date: 2026-01-12T14:57:57Z
[2026-02-03 15:31:51]   Status: success
[2026-02-03 15:31:52]   - forecast-summaries-328 (0.10 MB)
[2026-02-03 15:31:53] 
[751/1077] Run #327 (ID: 20922837151)
[2026-02-03 15:31:53]   Date: 2026-01-12T14:25:22Z
[2026-02-03 15:31:53]   Status: success
[2026-02-03 15:31:53]   - forecast-summaries-327 (0.10 MB)
[2026-02-03 15:31:54] 
[752/1077] Run #326 (ID: 20921496909)
[2026-02-03 15:31:54]   Date: 2026-01-12T13:41:39Z
[2026-02-03 15:31:54]   Status: success
[2026-02-03 15:31:54]   - forecast-summaries-326 (0.10 MB)
[2026-02-03 15:31:55] 
[753/1077] Run #325 (ID: 20919894589)
[2026-02-03 15:31:55]   Date: 2026-01-12T12:46:55Z
[2026-02-03 15:31:55]   Status: success
[2026-02-03 15:31:55]   - forecast-summaries-325 (0.10 MB)
[2026-02-03 15:31:56] 
[754/1077] Run #324 (ID: 20918262672)
[2026-02-03 15:31:56]   Date: 2026-01-12T11:48:40Z
[2026-02-03 15:31:56]   Status: success
[2026-02-03 15:31:57]   - forecast-summaries-324 (0.10 MB)
[2026-02-03 15:31:58] 
[755/1077] Run #323 (ID: 20917503881)
[2026-02-03 15:31:58]   Date: 2026-01-12T11:20:46Z
[2026-02-03 15:31:58]   Status: success
[2026-02-03 15:31:58]   - forecast-summaries-323 (0.10 MB)
[2026-02-03 15:31:59] 
[756/1077] Run #322 (ID: 20916777937)
[2026-02-03 15:31:59]   Date: 2026-01-12T10:55:14Z
[2026-02-03 15:31:59]   Status: success
[2026-02-03 15:31:59]   - forecast-summaries-322 (0.10 MB)
[2026-02-03 15:32:00] 
[757/1077] Run #321 (ID: 20915897261)
[2026-02-03 15:32:00]   Date: 2026-01-12T10:25:20Z
[2026-02-03 15:32:00]   Status: success
[2026-02-03 15:32:00]   - forecast-summaries-321 (0.10 MB)
[2026-02-03 15:32:01] 
[758/1077] Run #320 (ID: 20914832698)
[2026-02-03 15:32:01]   Date: 2026-01-12T09:48:40Z
[2026-02-03 15:32:01]   Status: success
[2026-02-03 15:32:02]   - forecast-summaries-320 (0.10 MB)
[2026-02-03 15:32:03] 
[759/1077] Run #319 (ID: 20913486627)
[2026-02-03 15:32:03]   Date: 2026-01-12T09:01:00Z
[2026-02-03 15:32:03]   Status: success
[2026-02-03 15:32:03]   - forecast-summaries-319 (0.10 MB)
[2026-02-03 15:32:04] 
[760/1077] Run #318 (ID: 20912748164)
[2026-02-03 15:32:04]   Date: 2026-01-12T08:32:11Z
[2026-02-03 15:32:04]   Status: success
[2026-02-03 15:32:04]   - forecast-summaries-318 (0.10 MB)
[2026-02-03 15:32:05] 
[761/1077] Run #317 (ID: 20911795070)
[2026-02-03 15:32:05]   Date: 2026-01-12T07:51:43Z
[2026-02-03 15:32:05]   Status: success
[2026-02-03 15:32:06]   - forecast-summaries-317 (0.10 MB)
[2026-02-03 15:32:07] 
[762/1077] Run #316 (ID: 20911254861)
[2026-02-03 15:32:07]   Date: 2026-01-12T07:26:39Z
[2026-02-03 15:32:07]   Status: success
[2026-02-03 15:32:07]   - forecast-summaries-316 (0.10 MB)
[2026-02-03 15:32:08] 
[763/1077] Run #315 (ID: 20910330475)
[2026-02-03 15:32:08]   Date: 2026-01-12T06:40:26Z
[2026-02-03 15:32:08]   Status: success
[2026-02-03 15:32:08]   - forecast-summaries-315 (0.10 MB)
[2026-02-03 15:32:09] 
[764/1077] Run #314 (ID: 20909500267)
[2026-02-03 15:32:09]   Date: 2026-01-12T05:56:07Z
[2026-02-03 15:32:09]   Status: success
[2026-02-03 15:32:09]   - forecast-summaries-314 (0.10 MB)
[2026-02-03 15:32:10] 
[765/1077] Run #313 (ID: 20909039168)
[2026-02-03 15:32:10]   Date: 2026-01-12T05:28:50Z
[2026-02-03 15:32:10]   Status: success
[2026-02-03 15:32:11]   - forecast-summaries-313 (0.10 MB)
[2026-02-03 15:32:12] 
[766/1077] Run #312 (ID: 20908425442)
[2026-02-03 15:32:12]   Date: 2026-01-12T04:50:13Z
[2026-02-03 15:32:12]   Status: success
[2026-02-03 15:32:12]   - forecast-summaries-312 (0.10 MB)
[2026-02-03 15:32:13] 
[767/1077] Run #311 (ID: 20907457162)
[2026-02-03 15:32:13]   Date: 2026-01-12T03:48:56Z
[2026-02-03 15:32:13]   Status: success
[2026-02-03 15:32:13]   - forecast-summaries-311 (0.10 MB)
[2026-02-03 15:32:14] 
[768/1077] Run #310 (ID: 20905672547)
[2026-02-03 15:32:14]   Date: 2026-01-12T01:48:56Z
[2026-02-03 15:32:14]   Status: success
[2026-02-03 15:32:14]   - forecast-summaries-310 (0.10 MB)
[2026-02-03 15:32:15] 
[769/1077] Run #309 (ID: 20903922146)
[2026-02-03 15:32:15]   Date: 2026-01-11T23:48:30Z
[2026-02-03 15:32:15]   Status: success
[2026-02-03 15:32:16]   - forecast-summaries-309 (0.10 MB)
[2026-02-03 15:32:16] 
[770/1077] Run #308 (ID: 20903776802)
[2026-02-03 15:32:16]   Date: 2026-01-11T23:36:24Z
[2026-02-03 15:32:16]   Status: success
[2026-02-03 15:32:17]   - forecast-summaries-308 (0.10 MB)
[2026-02-03 15:32:18] 
[771/1077] Run #307 (ID: 20903559607)
[2026-02-03 15:32:18]   Date: 2026-01-11T23:19:12Z
[2026-02-03 15:32:18]   Status: success
[2026-02-03 15:32:18]   - forecast-summaries-307 (0.10 MB)
[2026-02-03 15:32:19] 
[772/1077] Run #306 (ID: 20903221080)
[2026-02-03 15:32:19]   Date: 2026-01-11T22:52:10Z
[2026-02-03 15:32:19]   Status: success
[2026-02-03 15:32:19]   - forecast-summaries-306 (0.10 MB)
[2026-02-03 15:32:20] 
[773/1077] Run #305 (ID: 20903070588)
[2026-02-03 15:32:20]   Date: 2026-01-11T22:40:00Z
[2026-02-03 15:32:20]   Status: success
[2026-02-03 15:32:21]   - forecast-summaries-305 (0.10 MB)
[2026-02-03 15:32:22] 
[774/1077] Run #304 (ID: 20902815823)
[2026-02-03 15:32:22]   Date: 2026-01-11T22:19:37Z
[2026-02-03 15:32:22]   Status: success
[2026-02-03 15:32:22]   - forecast-summaries-304 (0.10 MB)
[2026-02-03 15:32:23] 
[775/1077] Run #303 (ID: 20902393993)
[2026-02-03 15:32:23]   Date: 2026-01-11T21:46:37Z
[2026-02-03 15:32:23]   Status: success
[2026-02-03 15:32:23]   - forecast-summaries-303 (0.10 MB)
[2026-02-03 15:32:24] 
[776/1077] Run #302 (ID: 20902243731)
[2026-02-03 15:32:24]   Date: 2026-01-11T21:34:38Z
[2026-02-03 15:32:24]   Status: success
[2026-02-03 15:32:24]   - forecast-summaries-302 (0.10 MB)
[2026-02-03 15:32:25] 
[777/1077] Run #301 (ID: 20902029345)
[2026-02-03 15:32:25]   Date: 2026-01-11T21:18:09Z
[2026-02-03 15:32:25]   Status: success
[2026-02-03 15:32:26]   - forecast-summaries-301 (0.10 MB)
[2026-02-03 15:32:26] 
[778/1077] Run #300 (ID: 20901655948)
[2026-02-03 15:32:26]   Date: 2026-01-11T20:49:41Z
[2026-02-03 15:32:26]   Status: success
[2026-02-03 15:32:27]   - forecast-summaries-300 (0.12 MB)
[2026-02-03 15:32:28] 
[779/1077] Run #299 (ID: 20901314019)
[2026-02-03 15:32:28]   Date: 2026-01-11T20:22:27Z
[2026-02-03 15:32:28]   Status: success
[2026-02-03 15:32:28]   - forecast-summaries-299 (0.10 MB)
[2026-02-03 15:32:29] 
[780/1077] Run #298 (ID: 20900859091)
[2026-02-03 15:32:29]   Date: 2026-01-11T19:45:03Z
[2026-02-03 15:32:29]   Status: success
[2026-02-03 15:32:29]   - forecast-summaries-298 (0.10 MB)
[2026-02-03 15:32:30] 
[781/1077] Run #297 (ID: 20900666399)
[2026-02-03 15:32:30]   Date: 2026-01-11T19:29:48Z
[2026-02-03 15:32:30]   Status: success
[2026-02-03 15:32:30]   - forecast-summaries-297 (0.10 MB)
[2026-02-03 15:32:31] 
[782/1077] Run #296 (ID: 20900482447)
[2026-02-03 15:32:31]   Date: 2026-01-11T19:15:34Z
[2026-02-03 15:32:31]   Status: success
[2026-02-03 15:32:32]   - forecast-summaries-296 (0.10 MB)
[2026-02-03 15:32:33] 
[783/1077] Run #295 (ID: 20900198618)
[2026-02-03 15:32:33]   Date: 2026-01-11T18:54:34Z
[2026-02-03 15:32:33]   Status: success
[2026-02-03 15:32:33]   - forecast-summaries-295 (0.10 MB)
[2026-02-03 15:32:34] 
[784/1077] Run #294 (ID: 20899867148)
[2026-02-03 15:32:34]   Date: 2026-01-11T18:28:43Z
[2026-02-03 15:32:34]   Status: success
[2026-02-03 15:32:34]   - forecast-summaries-294 (0.10 MB)
[2026-02-03 15:32:35] 
[785/1077] Run #293 (ID: 20899331356)
[2026-02-03 15:32:35]   Date: 2026-01-11T17:47:29Z
[2026-02-03 15:32:35]   Status: success
[2026-02-03 15:32:35]   - forecast-summaries-293 (0.10 MB)
[2026-02-03 15:32:36] 
[786/1077] Run #292 (ID: 20899179475)
[2026-02-03 15:32:36]   Date: 2026-01-11T17:35:51Z
[2026-02-03 15:32:36]   Status: success
[2026-02-03 15:32:37]   - forecast-summaries-292 (0.10 MB)
[2026-02-03 15:32:38] 
[787/1077] Run #291 (ID: 20898928511)
[2026-02-03 15:32:38]   Date: 2026-01-11T17:17:00Z
[2026-02-03 15:32:38]   Status: success
[2026-02-03 15:32:38]   - forecast-summaries-291 (0.10 MB)
[2026-02-03 15:32:39] 
[788/1077] Run #290 (ID: 20898602900)
[2026-02-03 15:32:39]   Date: 2026-01-11T16:52:21Z
[2026-02-03 15:32:39]   Status: success
[2026-02-03 15:32:39]   - forecast-summaries-290 (0.10 MB)
[2026-02-03 15:32:40] 
[789/1077] Run #289 (ID: 20898250247)
[2026-02-03 15:32:40]   Date: 2026-01-11T16:24:24Z
[2026-02-03 15:32:40]   Status: success
[2026-02-03 15:32:40]   - forecast-summaries-289 (0.10 MB)
[2026-02-03 15:32:41] 
[790/1077] Run #288 (ID: 20897793330)
[2026-02-03 15:32:41]   Date: 2026-01-11T15:48:58Z
[2026-02-03 15:32:41]   Status: success
[2026-02-03 15:32:42]   - forecast-summaries-288 (0.12 MB)
[2026-02-03 15:32:43] 
[791/1077] Run #287 (ID: 20897635665)
[2026-02-03 15:32:43]   Date: 2026-01-11T15:37:25Z
[2026-02-03 15:32:43]   Status: success
[2026-02-03 15:32:43]   - forecast-summaries-287 (0.12 MB)
[2026-02-03 15:32:44] 
[792/1077] Run #286 (ID: 20897386587)
[2026-02-03 15:32:44]   Date: 2026-01-11T15:19:24Z
[2026-02-03 15:32:44]   Status: success
[2026-02-03 15:32:44]   - forecast-summaries-286 (0.10 MB)
[2026-02-03 15:32:45] 
[793/1077] Run #285 (ID: 20897011637)
[2026-02-03 15:32:45]   Date: 2026-01-11T14:51:01Z
[2026-02-03 15:32:45]   Status: success
[2026-02-03 15:32:45]   - forecast-summaries-285 (0.10 MB)
[2026-02-03 15:32:46] 
[794/1077] Run #284 (ID: 20896855916)
[2026-02-03 15:32:46]   Date: 2026-01-11T14:38:59Z
[2026-02-03 15:32:46]   Status: success
[2026-02-03 15:32:47]   - forecast-summaries-284 (0.10 MB)
[2026-02-03 15:32:48] 
[795/1077] Run #283 (ID: 20896581994)
[2026-02-03 15:32:48]   Date: 2026-01-11T14:18:39Z
[2026-02-03 15:32:48]   Status: success
[2026-02-03 15:32:48]   - forecast-summaries-283 (0.10 MB)
[2026-02-03 15:32:49] 
[796/1077] Run #282 (ID: 20896209222)
[2026-02-03 15:32:49]   Date: 2026-01-11T13:50:27Z
[2026-02-03 15:32:49]   Status: success
[2026-02-03 15:32:49]   - forecast-summaries-282 (0.10 MB)
[2026-02-03 15:32:50] 
[797/1077] Run #281 (ID: 20895927661)
[2026-02-03 15:32:50]   Date: 2026-01-11T13:29:15Z
[2026-02-03 15:32:50]   Status: success
[2026-02-03 15:32:50]   - forecast-summaries-281 (0.10 MB)
[2026-02-03 15:32:51] 
[798/1077] Run #280 (ID: 20895283014)
[2026-02-03 15:32:51]   Date: 2026-01-11T12:40:04Z
[2026-02-03 15:32:51]   Status: success
[2026-02-03 15:32:52]   - forecast-summaries-280 (0.12 MB)
[2026-02-03 15:32:53] 
[799/1077] Run #279 (ID: 20894601963)
[2026-02-03 15:32:53]   Date: 2026-01-11T11:45:32Z
[2026-02-03 15:32:53]   Status: success
[2026-02-03 15:32:53]   - forecast-summaries-279 (0.10 MB)
[2026-02-03 15:32:54] 
[800/1077] Run #278 (ID: 20894424865)
[2026-02-03 15:32:54]   Date: 2026-01-11T11:31:36Z
[2026-02-03 15:32:54]   Status: success
[2026-02-03 15:32:54]   - forecast-summaries-278 (0.10 MB)
[2026-02-03 15:32:55] 
[801/1077] Run #277 (ID: 20894245440)
[2026-02-03 15:32:55]   Date: 2026-01-11T11:16:54Z
[2026-02-03 15:32:55]   Status: success
[2026-02-03 15:32:55]   - forecast-summaries-277 (0.10 MB)
[2026-02-03 15:32:56] 
[802/1077] Run #276 (ID: 20893919379)
[2026-02-03 15:32:56]   Date: 2026-01-11T10:50:11Z
[2026-02-03 15:32:56]   Status: success
[2026-02-03 15:32:57]   - forecast-summaries-276 (0.10 MB)
[2026-02-03 15:32:58] 
[803/1077] Run #275 (ID: 20893564311)
[2026-02-03 15:32:58]   Date: 2026-01-11T10:20:50Z
[2026-02-03 15:32:58]   Status: success
[2026-02-03 15:32:58]   - forecast-summaries-275 (0.10 MB)
[2026-02-03 15:32:59] 
[804/1077] Run #274 (ID: 20893170736)
[2026-02-03 15:32:59]   Date: 2026-01-11T09:48:10Z
[2026-02-03 15:32:59]   Status: success
[2026-02-03 15:32:59]   - forecast-summaries-274 (0.10 MB)
[2026-02-03 15:33:00] 
[805/1077] Run #273 (ID: 20892830807)
[2026-02-03 15:33:00]   Date: 2026-01-11T09:20:28Z
[2026-02-03 15:33:00]   Status: success
[2026-02-03 15:33:00]   - forecast-summaries-273 (0.10 MB)
[2026-02-03 15:33:01] 
[806/1077] Run #272 (ID: 20892491046)
[2026-02-03 15:33:01]   Date: 2026-01-11T08:53:31Z
[2026-02-03 15:33:01]   Status: success
[2026-02-03 15:33:02]   - forecast-summaries-272 (0.10 MB)
[2026-02-03 15:33:03] 
[807/1077] Run #271 (ID: 20892165785)
[2026-02-03 15:33:03]   Date: 2026-01-11T08:26:34Z
[2026-02-03 15:33:03]   Status: success
[2026-02-03 15:33:03]   - forecast-summaries-271 (0.10 MB)
[2026-02-03 15:33:04] 
[808/1077] Run #270 (ID: 20891717872)
[2026-02-03 15:33:04]   Date: 2026-01-11T07:47:14Z
[2026-02-03 15:33:04]   Status: success
[2026-02-03 15:33:04]   - forecast-summaries-270 (0.10 MB)
[2026-02-03 15:33:05] 
[809/1077] Run #269 (ID: 20891484111)
[2026-02-03 15:33:05]   Date: 2026-01-11T07:27:06Z
[2026-02-03 15:33:05]   Status: success
[2026-02-03 15:33:05]   - forecast-summaries-269 (0.10 MB)
[2026-02-03 15:33:06] 
[810/1077] Run #268 (ID: 20891132514)
[2026-02-03 15:33:06]   Date: 2026-01-11T06:57:51Z
[2026-02-03 15:33:06]   Status: success
[2026-02-03 15:33:07]   - forecast-summaries-268 (0.10 MB)
[2026-02-03 15:33:08] 
[811/1077] Run #267 (ID: 20890844782)
[2026-02-03 15:33:08]   Date: 2026-01-11T06:31:34Z
[2026-02-03 15:33:08]   Status: success
[2026-02-03 15:33:08]   - forecast-summaries-267 (0.10 MB)
[2026-02-03 15:33:09] 
[812/1077] Run #266 (ID: 20890397587)
[2026-02-03 15:33:09]   Date: 2026-01-11T05:52:19Z
[2026-02-03 15:33:09]   Status: success
[2026-02-03 15:33:09]   - forecast-summaries-266 (0.10 MB)
[2026-02-03 15:33:10] 
[813/1077] Run #265 (ID: 20890094471)
[2026-02-03 15:33:10]   Date: 2026-01-11T05:24:58Z
[2026-02-03 15:33:10]   Status: success
[2026-02-03 15:33:10]   - forecast-summaries-265 (0.10 MB)
[2026-02-03 15:33:11] 
[814/1077] Run #264 (ID: 20889677233)
[2026-02-03 15:33:11]   Date: 2026-01-11T04:47:39Z
[2026-02-03 15:33:11]   Status: success
[2026-02-03 15:33:12]   - forecast-summaries-264 (0.10 MB)
[2026-02-03 15:33:13] 
[815/1077] Run #263 (ID: 20889026626)
[2026-02-03 15:33:13]   Date: 2026-01-11T03:49:51Z
[2026-02-03 15:33:13]   Status: success
[2026-02-03 15:33:13]   - forecast-summaries-263 (0.10 MB)
[2026-02-03 15:33:14] 
[816/1077] Run #262 (ID: 20887683603)
[2026-02-03 15:33:14]   Date: 2026-01-11T01:51:56Z
[2026-02-03 15:33:14]   Status: success
[2026-02-03 15:33:14]   - forecast-summaries-262 (0.10 MB)
[2026-02-03 15:33:15] 
[817/1077] Run #261 (ID: 20886246421)
[2026-02-03 15:33:15]   Date: 2026-01-10T23:47:18Z
[2026-02-03 15:33:15]   Status: success
[2026-02-03 15:33:16]   - forecast-summaries-261 (0.10 MB)
[2026-02-03 15:33:17] 
[818/1077] Run #260 (ID: 20886113379)
[2026-02-03 15:33:17]   Date: 2026-01-10T23:35:29Z
[2026-02-03 15:33:17]   Status: success
[2026-02-03 15:33:17]   - forecast-summaries-260 (0.10 MB)
[2026-02-03 15:33:18] 
[819/1077] Run #259 (ID: 20885919065)
[2026-02-03 15:33:18]   Date: 2026-01-10T23:18:42Z
[2026-02-03 15:33:18]   Status: success
[2026-02-03 15:33:18]   - forecast-summaries-259 (0.10 MB)
[2026-02-03 15:33:19] 
[820/1077] Run #258 (ID: 20885613114)
[2026-02-03 15:33:19]   Date: 2026-01-10T22:51:38Z
[2026-02-03 15:33:19]   Status: success
[2026-02-03 15:33:19]   - forecast-summaries-258 (0.10 MB)
[2026-02-03 15:33:20] 
[821/1077] Run #257 (ID: 20885475574)
[2026-02-03 15:33:20]   Date: 2026-01-10T22:39:45Z
[2026-02-03 15:33:20]   Status: success
[2026-02-03 15:33:21]   - forecast-summaries-257 (0.10 MB)
[2026-02-03 15:33:22] 
[822/1077] Run #256 (ID: 20885237104)
[2026-02-03 15:33:22]   Date: 2026-01-10T22:19:16Z
[2026-02-03 15:33:22]   Status: success
[2026-02-03 15:33:22]   - forecast-summaries-256 (0.10 MB)
[2026-02-03 15:33:23] 
[823/1077] Run #255 (ID: 20884865025)
[2026-02-03 15:33:23]   Date: 2026-01-10T21:46:27Z
[2026-02-03 15:33:23]   Status: success
[2026-02-03 15:33:23]   - forecast-summaries-255 (0.10 MB)
[2026-02-03 15:33:24] 
[824/1077] Run #254 (ID: 20884716565)
[2026-02-03 15:33:24]   Date: 2026-01-10T21:33:39Z
[2026-02-03 15:33:24]   Status: success
[2026-02-03 15:33:24]   - forecast-summaries-254 (0.10 MB)
[2026-02-03 15:33:25] 
[825/1077] Run #253 (ID: 20884532100)
[2026-02-03 15:33:25]   Date: 2026-01-10T21:18:03Z
[2026-02-03 15:33:25]   Status: success
[2026-02-03 15:33:26]   - forecast-summaries-253 (0.10 MB)
[2026-02-03 15:33:27] 
[826/1077] Run #252 (ID: 20884192541)
[2026-02-03 15:33:27]   Date: 2026-01-10T20:49:16Z
[2026-02-03 15:33:27]   Status: success
[2026-02-03 15:33:27]   - forecast-summaries-252 (0.10 MB)
[2026-02-03 15:33:28] 
[827/1077] Run #251 (ID: 20883868390)
[2026-02-03 15:33:28]   Date: 2026-01-10T20:21:25Z
[2026-02-03 15:33:28]   Status: success
[2026-02-03 15:33:28]   - forecast-summaries-251 (0.10 MB)
[2026-02-03 15:33:29] 
[828/1077] Run #250 (ID: 20883467076)
[2026-02-03 15:33:29]   Date: 2026-01-10T19:45:25Z
[2026-02-03 15:33:29]   Status: success
[2026-02-03 15:33:30]   - forecast-summaries-250 (0.10 MB)
[2026-02-03 15:33:30] 
[829/1077] Run #249 (ID: 20883289599)
[2026-02-03 15:33:30]   Date: 2026-01-10T19:29:51Z
[2026-02-03 15:33:30]   Status: success
[2026-02-03 15:33:31]   - forecast-summaries-249 (0.10 MB)
[2026-02-03 15:33:32] 
[830/1077] Run #248 (ID: 20883117838)
[2026-02-03 15:33:32]   Date: 2026-01-10T19:15:19Z
[2026-02-03 15:33:32]   Status: success
[2026-02-03 15:33:32]   - forecast-summaries-248 (0.10 MB)
[2026-02-03 15:33:33] 
[831/1077] Run #247 (ID: 20882864170)
[2026-02-03 15:33:33]   Date: 2026-01-10T18:54:46Z
[2026-02-03 15:33:33]   Status: success
[2026-02-03 15:33:33]   - forecast-summaries-247 (0.10 MB)
[2026-02-03 15:33:34] 
[832/1077] Run #246 (ID: 20882560753)
[2026-02-03 15:33:34]   Date: 2026-01-10T18:28:55Z
[2026-02-03 15:33:34]   Status: success
[2026-02-03 15:33:35]   - forecast-summaries-246 (0.10 MB)
[2026-02-03 15:33:36] 
[833/1077] Run #245 (ID: 20882068677)
[2026-02-03 15:33:36]   Date: 2026-01-10T17:47:14Z
[2026-02-03 15:33:36]   Status: success
[2026-02-03 15:33:36]   - forecast-summaries-245 (0.10 MB)
[2026-02-03 15:33:37] 
[834/1077] Run #244 (ID: 20881937144)
[2026-02-03 15:33:37]   Date: 2026-01-10T17:36:16Z
[2026-02-03 15:33:37]   Status: success
[2026-02-03 15:33:37]   - forecast-summaries-244 (0.10 MB)
[2026-02-03 15:33:38] 
[835/1077] Run #243 (ID: 20881706311)
[2026-02-03 15:33:38]   Date: 2026-01-10T17:17:12Z
[2026-02-03 15:33:38]   Status: success
[2026-02-03 15:33:38]   - forecast-summaries-243 (0.10 MB)
[2026-02-03 15:33:39] 
[836/1077] Run #242 (ID: 20881410907)
[2026-02-03 15:33:39]   Date: 2026-01-10T16:52:39Z
[2026-02-03 15:33:39]   Status: success
[2026-02-03 15:33:40]   - forecast-summaries-242 (0.10 MB)
[2026-02-03 15:33:40] 
[837/1077] Run #241 (ID: 20881085385)
[2026-02-03 15:33:40]   Date: 2026-01-10T16:24:26Z
[2026-02-03 15:33:40]   Status: success
[2026-02-03 15:33:41]   - forecast-summaries-241 (0.10 MB)
[2026-02-03 15:33:42] 
[838/1077] Run #240 (ID: 20880688059)
[2026-02-03 15:33:42]   Date: 2026-01-10T15:49:12Z
[2026-02-03 15:33:42]   Status: success
[2026-02-03 15:33:42]   - forecast-summaries-240 (0.10 MB)
[2026-02-03 15:33:43] 
[839/1077] Run #239 (ID: 20880550435)
[2026-02-03 15:33:43]   Date: 2026-01-10T15:37:26Z
[2026-02-03 15:33:43]   Status: success
[2026-02-03 15:33:43]   - forecast-summaries-239 (0.12 MB)
[2026-02-03 15:33:44] 
[840/1077] Run #238 (ID: 20880334802)
[2026-02-03 15:33:44]   Date: 2026-01-10T15:19:23Z
[2026-02-03 15:33:44]   Status: success
[2026-02-03 15:33:44]   - forecast-summaries-238 (0.10 MB)
[2026-02-03 15:33:45] 
[841/1077] Run #237 (ID: 20880000742)
[2026-02-03 15:33:45]   Date: 2026-01-10T14:50:42Z
[2026-02-03 15:33:45]   Status: success
[2026-02-03 15:33:46]   - forecast-summaries-237 (0.10 MB)
[2026-02-03 15:33:46] 
[842/1077] Run #236 (ID: 20879859057)
[2026-02-03 15:33:46]   Date: 2026-01-10T14:38:40Z
[2026-02-03 15:33:46]   Status: success
[2026-02-03 15:33:47]   - forecast-summaries-236 (0.10 MB)
[2026-02-03 15:33:48] 
[843/1077] Run #235 (ID: 20879620334)
[2026-02-03 15:33:48]   Date: 2026-01-10T14:18:47Z
[2026-02-03 15:33:48]   Status: success
[2026-02-03 15:33:48]   - forecast-summaries-235 (0.10 MB)
[2026-02-03 15:33:49] 
[844/1077] Run #234 (ID: 20879193863)
[2026-02-03 15:33:49]   Date: 2026-01-10T13:42:36Z
[2026-02-03 15:33:49]   Status: success
[2026-02-03 15:33:49]   - forecast-summaries-234 (0.10 MB)
[2026-02-03 15:33:50] 
[845/1077] Run #233 (ID: 20878898776)
[2026-02-03 15:33:50]   Date: 2026-01-10T13:17:55Z
[2026-02-03 15:33:50]   Status: success
[2026-02-03 15:33:50]   - forecast-summaries-233 (0.10 MB)
[2026-02-03 15:33:51] 
[846/1077] Run #232 (ID: 20878437196)
[2026-02-03 15:33:51]   Date: 2026-01-10T12:38:59Z
[2026-02-03 15:33:51]   Status: success
[2026-02-03 15:33:52]   - forecast-summaries-232 (0.10 MB)
[2026-02-03 15:33:52] 
[847/1077] Run #231 (ID: 20877812383)
[2026-02-03 15:33:52]   Date: 2026-01-10T11:45:07Z
[2026-02-03 15:33:52]   Status: success
[2026-02-03 15:33:53]   - forecast-summaries-231 (0.10 MB)
[2026-02-03 15:33:54] 
[848/1077] Run #230 (ID: 20877655457)
[2026-02-03 15:33:54]   Date: 2026-01-10T11:31:16Z
[2026-02-03 15:33:54]   Status: success
[2026-02-03 15:33:54]   - forecast-summaries-230 (0.10 MB)
[2026-02-03 15:33:55] 
[849/1077] Run #229 (ID: 20877495555)
[2026-02-03 15:33:55]   Date: 2026-01-10T11:17:08Z
[2026-02-03 15:33:55]   Status: success
[2026-02-03 15:33:55]   - forecast-summaries-229 (0.10 MB)
[2026-02-03 15:33:56] 
[850/1077] Run #228 (ID: 20877086086)
[2026-02-03 15:33:56]   Date: 2026-01-10T10:40:31Z
[2026-02-03 15:33:56]   Status: success
[2026-02-03 15:33:56]   - forecast-summaries-228 (0.10 MB)
[2026-02-03 15:33:57] 
[851/1077] Run #227 (ID: 20876855191)
[2026-02-03 15:33:57]   Date: 2026-01-10T10:19:46Z
[2026-02-03 15:33:57]   Status: success
[2026-02-03 15:33:57]   - forecast-summaries-227 (0.10 MB)
[2026-02-03 15:33:58] 
[852/1077] Run #226 (ID: 20876522173)
[2026-02-03 15:33:58]   Date: 2026-01-10T09:49:09Z
[2026-02-03 15:33:58]   Status: success
[2026-02-03 15:33:59]   - forecast-summaries-226 (0.10 MB)
[2026-02-03 15:34:00] 
[853/1077] Run #225 (ID: 20876395728)
[2026-02-03 15:34:00]   Date: 2026-01-10T09:37:52Z
[2026-02-03 15:34:00]   Status: success
[2026-02-03 15:34:00]   - forecast-summaries-225 (0.10 MB)
[2026-02-03 15:34:01] 
[854/1077] Run #224 (ID: 20876188929)
[2026-02-03 15:34:01]   Date: 2026-01-10T09:19:45Z
[2026-02-03 15:34:01]   Status: success
[2026-02-03 15:34:01]   - forecast-summaries-224 (0.10 MB)
[2026-02-03 15:34:02] 
[855/1077] Run #223 (ID: 20875878532)
[2026-02-03 15:34:02]   Date: 2026-01-10T08:53:07Z
[2026-02-03 15:34:02]   Status: success
[2026-02-03 15:34:02]   - forecast-summaries-223 (0.10 MB)
[2026-02-03 15:34:03] 
[856/1077] Run #222 (ID: 20875575860)
[2026-02-03 15:34:03]   Date: 2026-01-10T08:25:53Z
[2026-02-03 15:34:03]   Status: success
[2026-02-03 15:34:04]   - forecast-summaries-222 (0.10 MB)
[2026-02-03 15:34:04] 
[857/1077] Run #221 (ID: 20875142197)
[2026-02-03 15:34:04]   Date: 2026-01-10T07:45:42Z
[2026-02-03 15:34:04]   Status: success
[2026-02-03 15:34:05]   - forecast-summaries-221 (0.10 MB)
[2026-02-03 15:34:06] 
[858/1077] Run #220 (ID: 20874858324)
[2026-02-03 15:34:06]   Date: 2026-01-10T07:21:21Z
[2026-02-03 15:34:06]   Status: success
[2026-02-03 15:34:06]   - forecast-summaries-220 (0.10 MB)
[2026-02-03 15:34:07] 
[859/1077] Run #219 (ID: 20874557559)
[2026-02-03 15:34:07]   Date: 2026-01-10T06:56:07Z
[2026-02-03 15:34:07]   Status: success
[2026-02-03 15:34:07]   - forecast-summaries-219 (0.10 MB)
[2026-02-03 15:34:08] 
[860/1077] Run #218 (ID: 20874255224)
[2026-02-03 15:34:08]   Date: 2026-01-10T06:30:01Z
[2026-02-03 15:34:08]   Status: success
[2026-02-03 15:34:09]   - forecast-summaries-218 (0.10 MB)
[2026-02-03 15:34:09] 
[861/1077] Run #217 (ID: 20873781090)
[2026-02-03 15:34:09]   Date: 2026-01-10T05:49:32Z
[2026-02-03 15:34:09]   Status: success
[2026-02-03 15:34:10]   - forecast-summaries-217 (0.10 MB)
[2026-02-03 15:34:11] 
[862/1077] Run #216 (ID: 20873446994)
[2026-02-03 15:34:11]   Date: 2026-01-10T05:20:51Z
[2026-02-03 15:34:11]   Status: success
[2026-02-03 15:34:11]   - forecast-summaries-216 (0.10 MB)
[2026-02-03 15:34:12] 
[863/1077] Run #215 (ID: 20873059562)
[2026-02-03 15:34:12]   Date: 2026-01-10T04:49:26Z
[2026-02-03 15:34:12]   Status: success
[2026-02-03 15:34:12]   - forecast-summaries-215 (0.10 MB)
[2026-02-03 15:34:13] 
[864/1077] Run #214 (ID: 20872705356)
[2026-02-03 15:34:13]   Date: 2026-01-10T04:18:37Z
[2026-02-03 15:34:13]   Status: success
[2026-02-03 15:34:13]   - forecast-summaries-214 (0.10 MB)
[2026-02-03 15:34:14] 
[865/1077] Run #213 (ID: 20872018271)
[2026-02-03 15:34:14]   Date: 2026-01-10T03:23:42Z
[2026-02-03 15:34:14]   Status: success
[2026-02-03 15:34:15]   - forecast-summaries-213 (0.10 MB)
[2026-02-03 15:34:16] 
[866/1077] Run #212 (ID: 20870709120)
[2026-02-03 15:34:16]   Date: 2026-01-10T01:40:43Z
[2026-02-03 15:34:16]   Status: success
[2026-02-03 15:34:16]   - forecast-summaries-212 (0.10 MB)
[2026-02-03 15:34:17] 
[867/1077] Run #211 (ID: 20868980365)
[2026-02-03 15:34:17]   Date: 2026-01-09T23:50:20Z
[2026-02-03 15:34:17]   Status: success
[2026-02-03 15:34:17]   - forecast-summaries-211 (0.10 MB)
[2026-02-03 15:34:18] 
[868/1077] Run #210 (ID: 20868768764)
[2026-02-03 15:34:18]   Date: 2026-01-09T23:37:55Z
[2026-02-03 15:34:18]   Status: success
[2026-02-03 15:34:19]   - forecast-summaries-210 (0.10 MB)
[2026-02-03 15:34:19] 
[869/1077] Run #209 (ID: 20868436005)
[2026-02-03 15:34:19]   Date: 2026-01-09T23:19:57Z
[2026-02-03 15:34:19]   Status: success
[2026-02-03 15:34:20]   - forecast-summaries-209 (0.10 MB)
[2026-02-03 15:34:21] 
[870/1077] Run #208 (ID: 20867876918)
[2026-02-03 15:34:21]   Date: 2026-01-09T22:50:48Z
[2026-02-03 15:34:21]   Status: success
[2026-02-03 15:34:21]   - forecast-summaries-208 (0.10 MB)
[2026-02-03 15:34:22] 
[871/1077] Run #207 (ID: 20867238843)
[2026-02-03 15:34:22]   Date: 2026-01-09T22:20:38Z
[2026-02-03 15:34:22]   Status: success
[2026-02-03 15:34:22]   - forecast-summaries-207 (0.10 MB)
[2026-02-03 15:34:23] 
[872/1077] Run #206 (ID: 20866536465)
[2026-02-03 15:34:23]   Date: 2026-01-09T21:48:24Z
[2026-02-03 15:34:23]   Status: success
[2026-02-03 15:34:23]   - forecast-summaries-206 (0.10 MB)
[2026-02-03 15:34:24] 
[873/1077] Run #205 (ID: 20865879705)
[2026-02-03 15:34:24]   Date: 2026-01-09T21:20:11Z
[2026-02-03 15:34:24]   Status: success
[2026-02-03 15:34:25]   - forecast-summaries-205 (0.10 MB)
[2026-02-03 15:34:25] 
[874/1077] Run #204 (ID: 20865202800)
[2026-02-03 15:34:26]   Date: 2026-01-09T20:51:41Z
[2026-02-03 15:34:26]   Status: success
[2026-02-03 15:34:26]   - forecast-summaries-204 (0.10 MB)
[2026-02-03 15:34:27] 
[875/1077] Run #203 (ID: 20864544061)
[2026-02-03 15:34:27]   Date: 2026-01-09T20:24:15Z
[2026-02-03 15:34:27]   Status: success
[2026-02-03 15:34:27]   - forecast-summaries-203 (0.10 MB)
[2026-02-03 15:34:28] 
[876/1077] Run #202 (ID: 20863621871)
[2026-02-03 15:34:28]   Date: 2026-01-09T19:46:43Z
[2026-02-03 15:34:28]   Status: success
[2026-02-03 15:34:28]   - forecast-summaries-202 (0.10 MB)
[2026-02-03 15:34:30] 
[877/1077] Run #201 (ID: 20863102571)
[2026-02-03 15:34:30]   Date: 2026-01-09T19:26:50Z
[2026-02-03 15:34:30]   Status: success
[2026-02-03 15:34:30]   - forecast-summaries-201 (0.10 MB)
[2026-02-03 15:34:32] 
[878/1077] Run #200 (ID: 20862391782)
[2026-02-03 15:34:32]   Date: 2026-01-09T18:59:06Z
[2026-02-03 15:34:32]   Status: success
[2026-02-03 15:34:33]   - forecast-summaries-200 (0.10 MB)
[2026-02-03 15:34:34] 
[879/1077] Run #199 (ID: 20861692863)
[2026-02-03 15:34:34]   Date: 2026-01-09T18:32:04Z
[2026-02-03 15:34:34]   Status: success
[2026-02-03 15:34:34]   - forecast-summaries-199 (0.10 MB)
[2026-02-03 15:34:35] 
[880/1077] Run #198 (ID: 20860668966)
[2026-02-03 15:34:35]   Date: 2026-01-09T17:51:50Z
[2026-02-03 15:34:35]   Status: success
[2026-02-03 15:34:35]   - forecast-summaries-198 (0.10 MB)
[2026-02-03 15:34:36] 
[881/1077] Run #197 (ID: 20860113624)
[2026-02-03 15:34:36]   Date: 2026-01-09T17:30:33Z
[2026-02-03 15:34:36]   Status: success
[2026-02-03 15:34:36]   - forecast-summaries-197 (0.10 MB)
[2026-02-03 15:34:37] 
[882/1077] Run #196 (ID: 20859245801)
[2026-02-03 15:34:37]   Date: 2026-01-09T16:58:25Z
[2026-02-03 15:34:37]   Status: success
[2026-02-03 15:34:38]   - forecast-summaries-196 (0.10 MB)
[2026-02-03 15:34:38] 
[883/1077] Run #195 (ID: 20858422642)
[2026-02-03 15:34:38]   Date: 2026-01-09T16:27:45Z
[2026-02-03 15:34:38]   Status: success
[2026-02-03 15:34:39]   - forecast-summaries-195 (0.10 MB)
[2026-02-03 15:34:40] 
[884/1077] Run #194 (ID: 20857439775)
[2026-02-03 15:34:40]   Date: 2026-01-09T15:52:35Z
[2026-02-03 15:34:40]   Status: success
[2026-02-03 15:34:40]   - forecast-summaries-194 (0.10 MB)
[2026-02-03 15:34:41] 
[885/1077] Run #193 (ID: 20856627727)
[2026-02-03 15:34:41]   Date: 2026-01-09T15:23:46Z
[2026-02-03 15:34:41]   Status: success
[2026-02-03 15:34:41]   - forecast-summaries-193 (0.10 MB)
[2026-02-03 15:34:42] 
[886/1077] Run #192 (ID: 20855795102)
[2026-02-03 15:34:42]   Date: 2026-01-09T14:54:36Z
[2026-02-03 15:34:42]   Status: success
[2026-02-03 15:34:42]   - forecast-summaries-192 (0.10 MB)
[2026-02-03 15:34:43] 
[887/1077] Run #191 (ID: 20855193979)
[2026-02-03 15:34:43]   Date: 2026-01-09T14:33:07Z
[2026-02-03 15:34:43]   Status: success
[2026-02-03 15:34:44]   - forecast-summaries-191 (0.10 MB)
[2026-02-03 15:34:44] 
[888/1077] Run #190 (ID: 20854234706)
[2026-02-03 15:34:44]   Date: 2026-01-09T13:58:21Z
[2026-02-03 15:34:44]   Status: success
[2026-02-03 15:34:45]   - forecast-summaries-190 (0.10 MB)
[2026-02-03 15:34:46] 
[889/1077] Run #189 (ID: 20853681040)
[2026-02-03 15:34:46]   Date: 2026-01-09T13:37:33Z
[2026-02-03 15:34:46]   Status: success
[2026-02-03 15:34:46]   - forecast-summaries-189 (0.10 MB)
[2026-02-03 15:34:47] 
[890/1077] Run #188 (ID: 20852294387)
[2026-02-03 15:34:47]   Date: 2026-01-09T12:43:29Z
[2026-02-03 15:34:47]   Status: success
[2026-02-03 15:34:47]   - forecast-summaries-188 (0.10 MB)
[2026-02-03 15:34:48] 
[891/1077] Run #187 (ID: 20850978226)
[2026-02-03 15:34:48]   Date: 2026-01-09T11:49:20Z
[2026-02-03 15:34:48]   Status: success
[2026-02-03 15:34:48]   - forecast-summaries-187 (0.10 MB)
[2026-02-03 15:34:49] 
[892/1077] Run #186 (ID: 20850683443)
[2026-02-03 15:34:49]   Date: 2026-01-09T11:36:56Z
[2026-02-03 15:34:49]   Status: success
[2026-02-03 15:34:50]   - forecast-summaries-186 (0.10 MB)
[2026-02-03 15:34:50] 
[893/1077] Run #185 (ID: 20850244524)
[2026-02-03 15:34:50]   Date: 2026-01-09T11:19:13Z
[2026-02-03 15:34:50]   Status: success
[2026-02-03 15:34:51]   - forecast-summaries-185 (0.10 MB)
[2026-02-03 15:34:52] 
[894/1077] Run #184 (ID: 20849602322)
[2026-02-03 15:34:52]   Date: 2026-01-09T10:53:35Z
[2026-02-03 15:34:52]   Status: success
[2026-02-03 15:34:52]   - forecast-summaries-184 (0.12 MB)
[2026-02-03 15:34:53] 
[895/1077] Run #183 (ID: 20848831322)
[2026-02-03 15:34:53]   Date: 2026-01-09T10:23:43Z
[2026-02-03 15:34:53]   Status: success
[2026-02-03 15:34:53]   - forecast-summaries-183 (0.12 MB)
[2026-02-03 15:34:54] 
[896/1077] Run #182 (ID: 20848051721)
[2026-02-03 15:34:54]   Date: 2026-01-09T09:55:16Z
[2026-02-03 15:34:54]   Status: success
[2026-02-03 15:34:55]   - forecast-summaries-182 (0.10 MB)
[2026-02-03 15:34:55] 
[897/1077] Run #181 (ID: 20847584725)
[2026-02-03 15:34:55]   Date: 2026-01-09T09:36:46Z
[2026-02-03 15:34:55]   Status: success
[2026-02-03 15:34:56]   - forecast-summaries-181 (0.10 MB)
[2026-02-03 15:34:57] 
[898/1077] Run #180 (ID: 20846611789)
[2026-02-03 15:34:57]   Date: 2026-01-09T08:59:12Z
[2026-02-03 15:34:57]   Status: success
[2026-02-03 15:34:57]   - forecast-summaries-180 (0.10 MB)
[2026-02-03 15:34:58] 
[899/1077] Run #179 (ID: 20845951350)
[2026-02-03 15:34:58]   Date: 2026-01-09T08:30:34Z
[2026-02-03 15:34:58]   Status: success
[2026-02-03 15:34:58]   - forecast-summaries-179 (0.10 MB)
[2026-02-03 15:34:59] 
[900/1077] Run #178 (ID: 20844836863)
[2026-02-03 15:34:59]   Date: 2026-01-09T07:41:04Z
[2026-02-03 15:34:59]   Status: success
[2026-02-03 15:34:59]   - forecast-summaries-178 (0.10 MB)
[2026-02-03 15:35:00] 
[901/1077] Run #177 (ID: 20843990814)
[2026-02-03 15:35:00]   Date: 2026-01-09T07:00:28Z
[2026-02-03 15:35:00]   Status: success
[2026-02-03 15:35:01]   - forecast-summaries-177 (0.10 MB)
[2026-02-03 15:35:01] 
[902/1077] Run #176 (ID: 20843487652)
[2026-02-03 15:35:01]   Date: 2026-01-09T06:34:00Z
[2026-02-03 15:35:01]   Status: success
[2026-02-03 15:35:02]   - forecast-summaries-176 (0.10 MB)
[2026-02-03 15:35:03] 
[903/1077] Run #175 (ID: 20842535951)
[2026-02-03 15:35:03]   Date: 2026-01-09T05:44:20Z
[2026-02-03 15:35:03]   Status: success
[2026-02-03 15:35:03]   - forecast-summaries-175 (0.10 MB)
[2026-02-03 15:35:04] 
[904/1077] Run #174 (ID: 20841772123)
[2026-02-03 15:35:04]   Date: 2026-01-09T05:01:09Z
[2026-02-03 15:35:04]   Status: success
[2026-02-03 15:35:04]   - forecast-summaries-174 (0.10 MB)
[2026-02-03 15:35:05] 
[905/1077] Run #173 (ID: 20841212756)
[2026-02-03 15:35:05]   Date: 2026-01-09T04:27:11Z
[2026-02-03 15:35:05]   Status: success
[2026-02-03 15:35:05]   - forecast-summaries-173 (0.12 MB)
[2026-02-03 15:35:06] 
[906/1077] Run #172 (ID: 20840366950)
[2026-02-03 15:35:06]   Date: 2026-01-09T03:39:11Z
[2026-02-03 15:35:06]   Status: success
[2026-02-03 15:35:07]   - forecast-summaries-172 (0.12 MB)
[2026-02-03 15:35:07] 
[907/1077] Run #171 (ID: 20838302837)
[2026-02-03 15:35:07]   Date: 2026-01-09T01:44:10Z
[2026-02-03 15:35:07]   Status: success
[2026-02-03 15:35:08]   - forecast-summaries-171 (0.10 MB)
[2026-02-03 15:35:09] 
[908/1077] Run #170 (ID: 20835867120)
[2026-02-03 15:35:09]   Date: 2026-01-08T23:47:30Z
[2026-02-03 15:35:09]   Status: success
[2026-02-03 15:35:09]   - forecast-summaries-170 (0.10 MB)
[2026-02-03 15:35:10] 
[909/1077] Run #169 (ID: 20835571739)
[2026-02-03 15:35:10]   Date: 2026-01-08T23:33:57Z
[2026-02-03 15:35:10]   Status: success
[2026-02-03 15:35:10]   - forecast-summaries-169 (0.10 MB)
[2026-02-03 15:35:11] 
[910/1077] Run #168 (ID: 20835191175)
[2026-02-03 15:35:11]   Date: 2026-01-08T23:18:26Z
[2026-02-03 15:35:11]   Status: success
[2026-02-03 15:35:12]   - forecast-summaries-168 (0.10 MB)
[2026-02-03 15:35:12] 
[911/1077] Run #167 (ID: 20834592516)
[2026-02-03 15:35:12]   Date: 2026-01-08T22:55:09Z
[2026-02-03 15:35:12]   Status: success
[2026-02-03 15:35:13]   - forecast-summaries-167 (0.10 MB)
[2026-02-03 15:35:14] 
[912/1077] Run #166 (ID: 20833740987)
[2026-02-03 15:35:14]   Date: 2026-01-08T22:20:44Z
[2026-02-03 15:35:14]   Status: success
[2026-02-03 15:35:14]   - forecast-summaries-166 (0.10 MB)
[2026-02-03 15:35:15] 
[913/1077] Run #165 (ID: 20832929267)
[2026-02-03 15:35:15]   Date: 2026-01-08T21:49:41Z
[2026-02-03 15:35:15]   Status: success
[2026-02-03 15:35:15]   - forecast-summaries-165 (0.10 MB)
[2026-02-03 15:35:16] 
[914/1077] Run #164 (ID: 20832160562)
[2026-02-03 15:35:16]   Date: 2026-01-08T21:20:30Z
[2026-02-03 15:35:16]   Status: success
[2026-02-03 15:35:16]   - forecast-summaries-164 (0.10 MB)
[2026-02-03 15:35:17] 
[915/1077] Run #163 (ID: 20831375564)
[2026-02-03 15:35:17]   Date: 2026-01-08T20:52:05Z
[2026-02-03 15:35:17]   Status: success
[2026-02-03 15:35:18]   - forecast-summaries-163 (0.10 MB)
[2026-02-03 15:35:19] 
[916/1077] Run #162 (ID: 20830642978)
[2026-02-03 15:35:19]   Date: 2026-01-08T20:24:36Z
[2026-02-03 15:35:19]   Status: success
[2026-02-03 15:35:19]   - forecast-summaries-162 (0.12 MB)
[2026-02-03 15:35:20] 
[917/1077] Run #161 (ID: 20829621118)
[2026-02-03 15:35:20]   Date: 2026-01-08T19:46:56Z
[2026-02-03 15:35:20]   Status: success
[2026-02-03 15:35:20]   - forecast-summaries-161 (0.10 MB)
[2026-02-03 15:35:21] 
[918/1077] Run #160 (ID: 20828988264)
[2026-02-03 15:35:21]   Date: 2026-01-08T19:24:11Z
[2026-02-03 15:35:21]   Status: success
[2026-02-03 15:35:22]   - forecast-summaries-160 (0.10 MB)
[2026-02-03 15:35:22] 
[919/1077] Run #159 (ID: 20828242632)
[2026-02-03 15:35:22]   Date: 2026-01-08T18:57:07Z
[2026-02-03 15:35:22]   Status: success
[2026-02-03 15:35:23]   - forecast-summaries-159 (0.10 MB)
[2026-02-03 15:35:24] 
[920/1077] Run #158 (ID: 20827453810)
[2026-02-03 15:35:24]   Date: 2026-01-08T18:28:37Z
[2026-02-03 15:35:24]   Status: success
[2026-02-03 15:35:24]   - forecast-summaries-158 (0.10 MB)
[2026-02-03 15:35:25] 
[921/1077] Run #157 (ID: 20826233628)
[2026-02-03 15:35:25]   Date: 2026-01-08T17:45:35Z
[2026-02-03 15:35:25]   Status: success
[2026-02-03 15:35:25]   - forecast-summaries-157 (0.10 MB)
[2026-02-03 15:35:26] 
[922/1077] Run #156 (ID: 20824919342)
[2026-02-03 15:35:26]   Date: 2026-01-08T17:00:47Z
[2026-02-03 15:35:26]   Status: success
[2026-02-03 15:35:26]   - forecast-summaries-156 (0.10 MB)
[2026-02-03 15:35:27] 
[923/1077] Run #155 (ID: 20823986150)
[2026-02-03 15:35:27]   Date: 2026-01-08T16:29:37Z
[2026-02-03 15:35:27]   Status: success
[2026-02-03 15:35:28]   - forecast-summaries-155 (0.10 MB)
[2026-02-03 15:35:29] 
[924/1077] Run #154 (ID: 20822895628)
[2026-02-03 15:35:29]   Date: 2026-01-08T15:54:38Z
[2026-02-03 15:35:29]   Status: success
[2026-02-03 15:35:29]   - forecast-summaries-154 (0.10 MB)
[2026-02-03 15:35:30] 
[925/1077] Run #153 (ID: 20822206246)
[2026-02-03 15:35:30]   Date: 2026-01-08T15:32:14Z
[2026-02-03 15:35:30]   Status: success
[2026-02-03 15:35:30]   - forecast-summaries-153 (0.10 MB)
[2026-02-03 15:35:31] 
[926/1077] Run #152 (ID: 20821095438)
[2026-02-03 15:35:31]   Date: 2026-01-08T14:57:11Z
[2026-02-03 15:35:31]   Status: success
[2026-02-03 15:35:31]   - forecast-summaries-152 (0.10 MB)
[2026-02-03 15:35:32] 
[927/1077] Run #151 (ID: 20820108241)
[2026-02-03 15:35:32]   Date: 2026-01-08T14:24:59Z
[2026-02-03 15:35:32]   Status: success
[2026-02-03 15:35:33]   - forecast-summaries-151 (0.10 MB)
[2026-02-03 15:35:33] 
[928/1077] Run #150 (ID: 20818777982)
[2026-02-03 15:35:33]   Date: 2026-01-08T13:40:02Z
[2026-02-03 15:35:33]   Status: success
[2026-02-03 15:35:34]   - forecast-summaries-150 (0.10 MB)
[2026-02-03 15:35:35] 
[929/1077] Run #149 (ID: 20817240364)
[2026-02-03 15:35:35]   Date: 2026-01-08T12:44:31Z
[2026-02-03 15:35:35]   Status: success
[2026-02-03 15:35:35]   - forecast-summaries-149 (0.10 MB)
[2026-02-03 15:35:36] 
[930/1077] Run #148 (ID: 20815802617)
[2026-02-03 15:35:36]   Date: 2026-01-08T11:49:09Z
[2026-02-03 15:35:36]   Status: success
[2026-02-03 15:35:36]   - forecast-summaries-148 (0.10 MB)
[2026-02-03 15:35:37] 
[931/1077] Run #147 (ID: 20815069214)
[2026-02-03 15:35:37]   Date: 2026-01-08T11:20:18Z
[2026-02-03 15:35:37]   Status: success
[2026-02-03 15:35:37]   - forecast-summaries-147 (0.10 MB)
[2026-02-03 15:35:38] 
[932/1077] Run #146 (ID: 20814385341)
[2026-02-03 15:35:38]   Date: 2026-01-08T10:54:21Z
[2026-02-03 15:35:38]   Status: success
[2026-02-03 15:35:39]   - forecast-summaries-146 (0.10 MB)
[2026-02-03 15:35:40] 
[933/1077] Run #145 (ID: 20813608889)
[2026-02-03 15:35:40]   Date: 2026-01-08T10:25:13Z
[2026-02-03 15:35:40]   Status: success
[2026-02-03 15:35:40]   - forecast-summaries-145 (0.10 MB)
[2026-02-03 15:35:41] 
[934/1077] Run #144 (ID: 20812764857)
[2026-02-03 15:35:41]   Date: 2026-01-08T09:55:16Z
[2026-02-03 15:35:41]   Status: success
[2026-02-03 15:35:41]   - forecast-summaries-144 (0.10 MB)
[2026-02-03 15:35:42] 
[935/1077] Run #143 (ID: 20812267412)
[2026-02-03 15:35:42]   Date: 2026-01-08T09:37:02Z
[2026-02-03 15:35:42]   Status: success
[2026-02-03 15:35:42]   - forecast-summaries-143 (0.10 MB)
[2026-02-03 15:35:43] 
[936/1077] Run #142 (ID: 20811227369)
[2026-02-03 15:35:43]   Date: 2026-01-08T08:59:15Z
[2026-02-03 15:35:43]   Status: success
[2026-02-03 15:35:44]   - forecast-summaries-142 (0.10 MB)
[2026-02-03 15:35:45] 
[937/1077] Run #141 (ID: 20810513995)
[2026-02-03 15:35:45]   Date: 2026-01-08T08:30:10Z
[2026-02-03 15:35:45]   Status: success
[2026-02-03 15:35:45]   - forecast-summaries-141 (0.12 MB)
[2026-02-03 15:35:46] 
[938/1077] Run #140 (ID: 20809628985)
[2026-02-03 15:35:46]   Date: 2026-01-08T07:52:41Z
[2026-02-03 15:35:46]   Status: success
[2026-02-03 15:35:46]   - forecast-summaries-140 (0.10 MB)
[2026-02-03 15:35:47] 
[939/1077] Run #139 (ID: 20809339520)
[2026-02-03 15:35:47]   Date: 2026-01-08T07:40:00Z
[2026-02-03 15:35:47]   Status: success
[2026-02-03 15:35:48]   - forecast-summaries-139 (0.10 MB)
[2026-02-03 15:35:49] 
[940/1077] Run #138 (ID: 20808482816)
[2026-02-03 15:35:49]   Date: 2026-01-08T07:00:05Z
[2026-02-03 15:35:49]   Status: success
[2026-02-03 15:35:49]   - forecast-summaries-138 (0.10 MB)
[2026-02-03 15:35:50] 
[941/1077] Run #137 (ID: 20807925211)
[2026-02-03 15:35:50]   Date: 2026-01-08T06:34:18Z
[2026-02-03 15:35:50]   Status: success
[2026-02-03 15:35:50]   - forecast-summaries-137 (0.12 MB)
[2026-02-03 15:35:51] 
[942/1077] Run #136 (ID: 20806872681)
[2026-02-03 15:35:51]   Date: 2026-01-08T05:43:42Z
[2026-02-03 15:35:51]   Status: success
[2026-02-03 15:35:51]   - forecast-summaries-136 (0.10 MB)
[2026-02-03 15:35:52] 
[943/1077] Run #135 (ID: 20806061347)
[2026-02-03 15:35:52]   Date: 2026-01-08T05:00:34Z
[2026-02-03 15:35:52]   Status: success
[2026-02-03 15:35:52]   - forecast-summaries-135 (0.10 MB)
[2026-02-03 15:35:53] 
[944/1077] Run #134 (ID: 20805477545)
[2026-02-03 15:35:53]   Date: 2026-01-08T04:26:15Z
[2026-02-03 15:35:53]   Status: success
[2026-02-03 15:35:54]   - forecast-summaries-134 (0.10 MB)
[2026-02-03 15:35:55] 
[945/1077] Run #133 (ID: 20804645423)
[2026-02-03 15:35:55]   Date: 2026-01-08T03:38:42Z
[2026-02-03 15:35:55]   Status: success
[2026-02-03 15:35:55]   - forecast-summaries-133 (0.12 MB)
[2026-02-03 15:35:56] 
[946/1077] Run #132 (ID: 20802600826)
[2026-02-03 15:35:56]   Date: 2026-01-08T01:43:40Z
[2026-02-03 15:35:56]   Status: success
[2026-02-03 15:35:56]   - forecast-summaries-132 (0.10 MB)
[2026-02-03 15:35:57] 
[947/1077] Run #131 (ID: 20800334667)
[2026-02-03 15:35:57]   Date: 2026-01-07T23:48:10Z
[2026-02-03 15:35:57]   Status: success
[2026-02-03 15:35:57]   - forecast-summaries-131 (0.10 MB)
[2026-02-03 15:35:58] 
[948/1077] Run #130 (ID: 20799741851)
[2026-02-03 15:35:58]   Date: 2026-01-07T23:20:04Z
[2026-02-03 15:35:58]   Status: success
[2026-02-03 15:35:59]   - forecast-summaries-130 (0.10 MB)
[2026-02-03 15:36:00] 
[949/1077] Run #129 (ID: 20799113911)
[2026-02-03 15:36:00]   Date: 2026-01-07T22:51:14Z
[2026-02-03 15:36:00]   Status: success
[2026-02-03 15:36:00]   - forecast-summaries-129 (0.10 MB)
[2026-02-03 15:36:01] 
[950/1077] Run #128 (ID: 20798399626)
[2026-02-03 15:36:01]   Date: 2026-01-07T22:20:24Z
[2026-02-03 15:36:01]   Status: success
[2026-02-03 15:36:01]   - forecast-summaries (0.10 MB)
[2026-02-03 15:36:02] 
[951/1077] Run #127 (ID: 20797669113)
[2026-02-03 15:36:02]   Date: 2026-01-07T21:50:58Z
[2026-02-03 15:36:02]   Status: success
[2026-02-03 15:36:03]   - forecast-summaries (0.10 MB)
[2026-02-03 15:36:03] 
[952/1077] Run #126 (ID: 20797354424)
[2026-02-03 15:36:03]   Date: 2026-01-07T21:38:21Z
[2026-02-03 15:36:03]   Status: success
[2026-02-03 15:36:04]   - forecast-summaries (0.10 MB)
[2026-02-03 15:36:05] 
[953/1077] Run #125 (ID: 20796874841)
[2026-02-03 15:36:05]   Date: 2026-01-07T21:19:50Z
[2026-02-03 15:36:05]   Status: success
[2026-02-03 15:36:05]   - forecast-summaries (0.10 MB)
[2026-02-03 15:36:06] 
[954/1077] Run #124 (ID: 20796171909)
[2026-02-03 15:36:06]   Date: 2026-01-07T20:53:17Z
[2026-02-03 15:36:06]   Status: success
[2026-02-03 15:36:07]   - forecast-summaries (0.12 MB)
[2026-02-03 15:36:08] 
[955/1077] Run #123 (ID: 20795440582)
[2026-02-03 15:36:08]   Date: 2026-01-07T20:25:07Z
[2026-02-03 15:36:08]   Status: success
[2026-02-03 15:36:08]   - forecast-summaries (0.10 MB)
[2026-02-03 15:36:09] 
[956/1077] Run #122 (ID: 20794434610)
[2026-02-03 15:36:09]   Date: 2026-01-07T19:46:52Z
[2026-02-03 15:36:09]   Status: success
[2026-02-03 15:36:09]   - forecast-summaries (0.10 MB)
[2026-02-03 15:36:10] 
[957/1077] Run #121 (ID: 20793883509)
[2026-02-03 15:36:10]   Date: 2026-01-07T19:27:49Z
[2026-02-03 15:36:10]   Status: success
[2026-02-03 15:36:10]   - forecast-summaries (0.10 MB)
[2026-02-03 15:36:11] 
[958/1077] Run #120 (ID: 20793105675)
[2026-02-03 15:36:11]   Date: 2026-01-07T18:59:53Z
[2026-02-03 15:36:11]   Status: success
[2026-02-03 15:36:12]   - forecast-summaries (0.12 MB)
[2026-02-03 15:36:13] 
[959/1077] Run #119 (ID: 20792299035)
[2026-02-03 15:36:13]   Date: 2026-01-07T18:32:40Z
[2026-02-03 15:36:13]   Status: success
[2026-02-03 15:36:13]   - forecast-summaries (0.12 MB)
[2026-02-03 15:36:14] 
[960/1077] Run #118 (ID: 20790854160)
[2026-02-03 15:36:14]   Date: 2026-01-07T17:44:37Z
[2026-02-03 15:36:14]   Status: success
[2026-02-03 15:36:14]   - forecast-summaries (0.10 MB)
[2026-02-03 15:36:15] 
[961/1077] Run #117 (ID: 20789491346)
[2026-02-03 15:36:15]   Date: 2026-01-07T17:00:18Z
[2026-02-03 15:36:15]   Status: success
[2026-02-03 15:36:15]   - forecast-summaries (0.10 MB)
[2026-02-03 15:36:16] 
[962/1077] Run #116 (ID: 20788527888)
[2026-02-03 15:36:16]   Date: 2026-01-07T16:30:02Z
[2026-02-03 15:36:16]   Status: success
[2026-02-03 15:36:17]   - forecast-summaries (0.10 MB)
[2026-02-03 15:36:18] 
[963/1077] Run #115 (ID: 20787371777)
[2026-02-03 15:36:18]   Date: 2026-01-07T15:53:43Z
[2026-02-03 15:36:18]   Status: success
[2026-02-03 15:36:18]   - forecast-summaries (0.10 MB)
[2026-02-03 15:36:19] 
[964/1077] Run #114 (ID: 20786568749)
[2026-02-03 15:36:19]   Date: 2026-01-07T15:27:08Z
[2026-02-03 15:36:19]   Status: success
[2026-02-03 15:36:19]   - forecast-summaries (0.10 MB)
[2026-02-03 15:36:20] 
[965/1077] Run #113 (ID: 20785584750)
[2026-02-03 15:36:20]   Date: 2026-01-07T14:55:36Z
[2026-02-03 15:36:20]   Status: success
[2026-02-03 15:36:21]   - forecast-summaries (0.12 MB)
[2026-02-03 15:36:21] 
[966/1077] Run #112 (ID: 20784965310)
[2026-02-03 15:36:21]   Date: 2026-01-07T14:34:35Z
[2026-02-03 15:36:21]   Status: success
[2026-02-03 15:36:22]   - forecast-summaries (0.10 MB)
[2026-02-03 15:36:23] 
[967/1077] Run #111 (ID: 20783945039)
[2026-02-03 15:36:23]   Date: 2026-01-07T13:59:41Z
[2026-02-03 15:36:23]   Status: success
[2026-02-03 15:36:23]   - forecast-summaries (0.10 MB)
[2026-02-03 15:36:24] 
[968/1077] Run #110 (ID: 20783374278)
[2026-02-03 15:36:24]   Date: 2026-01-07T13:39:01Z
[2026-02-03 15:36:24]   Status: success
[2026-02-03 15:36:24]   - forecast-summaries (0.12 MB)
[2026-02-03 15:36:25] 
[969/1077] Run #109 (ID: 20781918530)
[2026-02-03 15:36:25]   Date: 2026-01-07T12:44:39Z
[2026-02-03 15:36:25]   Status: success
[2026-02-03 15:36:26]   - forecast-summaries (0.10 MB)
[2026-02-03 15:36:27] 
[970/1077] Run #108 (ID: 20780512764)
[2026-02-03 15:36:27]   Date: 2026-01-07T11:49:56Z
[2026-02-03 15:36:27]   Status: success
[2026-02-03 15:36:27]   - forecast-summaries (0.10 MB)
[2026-02-03 15:36:28] 
[971/1077] Run #107 (ID: 20780206790)
[2026-02-03 15:36:28]   Date: 2026-01-07T11:37:39Z
[2026-02-03 15:36:28]   Status: success
[2026-02-03 15:36:28]   - forecast-summaries (0.10 MB)
[2026-02-03 15:36:29] 
[972/1077] Run #106 (ID: 20779748752)
[2026-02-03 15:36:29]   Date: 2026-01-07T11:19:49Z
[2026-02-03 15:36:29]   Status: success
[2026-02-03 15:36:29]   - forecast-summaries (0.10 MB)
[2026-02-03 15:36:30] 
[973/1077] Run #105 (ID: 20779072616)
[2026-02-03 15:36:30]   Date: 2026-01-07T10:53:51Z
[2026-02-03 15:36:30]   Status: success
[2026-02-03 15:36:30]   - forecast-summaries (0.10 MB)
[2026-02-03 15:36:31] 
[974/1077] Run #104 (ID: 20778283316)
[2026-02-03 15:36:31]   Date: 2026-01-07T10:24:24Z
[2026-02-03 15:36:31]   Status: success
[2026-02-03 15:36:32]   - forecast-summaries (0.10 MB)
[2026-02-03 15:36:33] 
[975/1077] Run #103 (ID: 20777470652)
[2026-02-03 15:36:33]   Date: 2026-01-07T09:54:21Z
[2026-02-03 15:36:33]   Status: success
[2026-02-03 15:36:33]   - forecast-summaries (0.10 MB)
[2026-02-03 15:36:34] 
[976/1077] Run #102 (ID: 20777009857)
[2026-02-03 15:36:34]   Date: 2026-01-07T09:36:58Z
[2026-02-03 15:36:34]   Status: success
[2026-02-03 15:36:34]   - forecast-summaries (0.10 MB)
[2026-02-03 15:36:35] 
[977/1077] Run #101 (ID: 20776016562)
[2026-02-03 15:36:35]   Date: 2026-01-07T08:59:43Z
[2026-02-03 15:36:35]   Status: success
[2026-02-03 15:36:36]   - forecast-summaries (0.10 MB)
[2026-02-03 15:36:37] 
[978/1077] Run #100 (ID: 20775309903)
[2026-02-03 15:36:37]   Date: 2026-01-07T08:30:17Z
[2026-02-03 15:36:37]   Status: success
[2026-02-03 15:36:37]   - forecast-summaries (0.10 MB)
[2026-02-03 15:36:38] 
[979/1077] Run #99 (ID: 20774226015)
[2026-02-03 15:36:38]   Date: 2026-01-07T07:41:03Z
[2026-02-03 15:36:38]   Status: success
[2026-02-03 15:36:38]   - forecast-summaries (0.12 MB)
[2026-02-03 15:36:39] 
[980/1077] Run #98 (ID: 20773367112)
[2026-02-03 15:36:39]   Date: 2026-01-07T07:00:09Z
[2026-02-03 15:36:39]   Status: success
[2026-02-03 15:36:39]   - forecast-summaries (0.10 MB)
[2026-02-03 15:36:40] 
[981/1077] Run #97 (ID: 20772861426)
[2026-02-03 15:36:40]   Date: 2026-01-07T06:33:56Z
[2026-02-03 15:36:40]   Status: success
[2026-02-03 15:36:41]   - forecast-summaries (0.10 MB)
[2026-02-03 15:36:42] 
[982/1077] Run #96 (ID: 20771916616)
[2026-02-03 15:36:42]   Date: 2026-01-07T05:44:07Z
[2026-02-03 15:36:42]   Status: success
[2026-02-03 15:36:42]   - forecast-summaries (0.10 MB)
[2026-02-03 15:36:43] 
[983/1077] Run #95 (ID: 20771163351)
[2026-02-03 15:36:43]   Date: 2026-01-07T05:01:28Z
[2026-02-03 15:36:43]   Status: success
[2026-02-03 15:36:43]   - forecast-summaries (0.10 MB)
[2026-02-03 15:36:44] 
[984/1077] Run #94 (ID: 20770604116)
[2026-02-03 15:36:44]   Date: 2026-01-07T04:27:16Z
[2026-02-03 15:36:44]   Status: success
[2026-02-03 15:36:44]   - forecast-summaries (0.10 MB)
[2026-02-03 15:36:45] 
[985/1077] Run #93 (ID: 20769788975)
[2026-02-03 15:36:45]   Date: 2026-01-07T03:38:17Z
[2026-02-03 15:36:45]   Status: success
[2026-02-03 15:36:46]   - forecast-summaries (0.12 MB)
[2026-02-03 15:36:47] 
[986/1077] Run #92 (ID: 20767856741)
[2026-02-03 15:36:47]   Date: 2026-01-07T01:43:19Z
[2026-02-03 15:36:47]   Status: success
[2026-02-03 15:36:47]   - forecast-summaries (0.12 MB)
[2026-02-03 15:36:48] 
[987/1077] Run #91 (ID: 20765692293)
[2026-02-03 15:36:48]   Date: 2026-01-06T23:46:27Z
[2026-02-03 15:36:48]   Status: success
[2026-02-03 15:36:48]   - forecast-summaries (0.10 MB)
[2026-02-03 15:36:49] 
[988/1077] Run #90 (ID: 20765182560)
[2026-02-03 15:36:49]   Date: 2026-01-06T23:20:11Z
[2026-02-03 15:36:49]   Status: success
[2026-02-03 15:36:50]   - forecast-summaries (0.10 MB)
[2026-02-03 15:36:50] 
[989/1077] Run #89 (ID: 20764596172)
[2026-02-03 15:36:51]   Date: 2026-01-06T22:51:37Z
[2026-02-03 15:36:51]   Status: success
[2026-02-03 15:36:51]   - forecast-summaries (0.10 MB)
[2026-02-03 15:36:52] 
[990/1077] Run #88 (ID: 20763928556)
[2026-02-03 15:36:52]   Date: 2026-01-06T22:20:53Z
[2026-02-03 15:36:52]   Status: success
[2026-02-03 15:36:52]   - forecast-summaries (0.10 MB)
[2026-02-03 15:36:53] 
[991/1077] Run #87 (ID: 20763182750)
[2026-02-03 15:36:53]   Date: 2026-01-06T21:49:41Z
[2026-02-03 15:36:53]   Status: success
[2026-02-03 15:36:53]   - forecast-summaries (0.10 MB)
[2026-02-03 15:36:54] 
[992/1077] Run #86 (ID: 20762438039)
[2026-02-03 15:36:54]   Date: 2026-01-06T21:20:15Z
[2026-02-03 15:36:54]   Status: success
[2026-02-03 15:36:54]   - forecast-summaries (0.10 MB)
[2026-02-03 15:36:55] 
[993/1077] Run #85 (ID: 20761669787)
[2026-02-03 15:36:55]   Date: 2026-01-06T20:49:56Z
[2026-02-03 15:36:55]   Status: success
[2026-02-03 15:36:56]   - forecast-summaries (0.10 MB)
[2026-02-03 15:36:57] 
[994/1077] Run #84 (ID: 20761011665)
[2026-02-03 15:36:57]   Date: 2026-01-06T20:23:37Z
[2026-02-03 15:36:57]   Status: success
[2026-02-03 15:36:57]   - forecast-summaries (0.12 MB)
[2026-02-03 15:36:58] 
[995/1077] Run #83 (ID: 20760094556)
[2026-02-03 15:36:58]   Date: 2026-01-06T19:47:11Z
[2026-02-03 15:36:58]   Status: success
[2026-02-03 15:36:58]   - forecast-summaries (0.10 MB)
[2026-02-03 15:36:59] 
[996/1077] Run #82 (ID: 20759773845)
[2026-02-03 15:36:59]   Date: 2026-01-06T19:34:22Z
[2026-02-03 15:36:59]   Status: success
[2026-02-03 15:37:00]   - forecast-summaries (0.12 MB)
[2026-02-03 15:37:00] 
[997/1077] Run #81 (ID: 20759379363)
[2026-02-03 15:37:00]   Date: 2026-01-06T19:19:09Z
[2026-02-03 15:37:00]   Status: success
[2026-02-03 15:37:01]   - forecast-summaries (0.12 MB)
[2026-02-03 15:37:02] 
[998/1077] Run #80 (ID: 20758756552)
[2026-02-03 15:37:02]   Date: 2026-01-06T18:56:19Z
[2026-02-03 15:37:02]   Status: success
[2026-02-03 15:37:02]   - forecast-summaries (0.12 MB)
[2026-02-03 15:37:03] 
[999/1077] Run #79 (ID: 20758095340)
[2026-02-03 15:37:03]   Date: 2026-01-06T18:31:25Z
[2026-02-03 15:37:03]   Status: success
[2026-02-03 15:37:03]   - forecast-summaries (0.12 MB)
[2026-02-03 15:37:04] 
[1000/1077] Run #78 (ID: 20757038290)
[2026-02-03 15:37:04]   Date: 2026-01-06T17:51:58Z
[2026-02-03 15:37:04]   Status: success
[2026-02-03 15:37:04]   - forecast-summaries (0.10 MB)
[2026-02-03 15:37:05] 
[1001/1077] Run #77 (ID: 20756500058)
[2026-02-03 15:37:05]   Date: 2026-01-06T17:31:20Z
[2026-02-03 15:37:05]   Status: success
[2026-02-03 15:37:06]   - forecast-summaries (0.10 MB)
[2026-02-03 15:37:07] 
[1002/1077] Run #76 (ID: 20755606068)
[2026-02-03 15:37:07]   Date: 2026-01-06T16:59:08Z
[2026-02-03 15:37:07]   Status: success
[2026-02-03 15:37:07]   - forecast-summaries (0.12 MB)
[2026-02-03 15:37:08] 
[1003/1077] Run #75 (ID: 20754773836)
[2026-02-03 15:37:08]   Date: 2026-01-06T16:28:27Z
[2026-02-03 15:37:08]   Status: success
[2026-02-03 15:37:08]   - forecast-summaries (0.12 MB)
[2026-02-03 15:37:09] 
[1004/1077] Run #74 (ID: 20753708568)
[2026-02-03 15:37:09]   Date: 2026-01-06T15:51:54Z
[2026-02-03 15:37:09]   Status: success
[2026-02-03 15:37:10]   - forecast-summaries (0.12 MB)
[2026-02-03 15:37:10] 
[1005/1077] Run #73 (ID: 20752878524)
[2026-02-03 15:37:10]   Date: 2026-01-06T15:22:39Z
[2026-02-03 15:37:10]   Status: success
[2026-02-03 15:37:11]   - forecast-summaries (0.10 MB)
[2026-02-03 15:37:12] 
[1006/1077] Run #72 (ID: 20752066015)
[2026-02-03 15:37:12]   Date: 2026-01-06T14:54:30Z
[2026-02-03 15:37:12]   Status: success
[2026-02-03 15:37:12]   - forecast-summaries (0.10 MB)
[2026-02-03 15:37:13] 
[1007/1077] Run #71 (ID: 20751400471)
[2026-02-03 15:37:13]   Date: 2026-01-06T14:30:45Z
[2026-02-03 15:37:13]   Status: success
[2026-02-03 15:37:13]   - forecast-summaries (0.12 MB)
[2026-02-03 15:37:14] 
[1008/1077] Run #70 (ID: 20750502692)
[2026-02-03 15:37:14]   Date: 2026-01-06T13:57:56Z
[2026-02-03 15:37:14]   Status: success
[2026-02-03 15:37:14]   - forecast-summaries (0.10 MB)
[2026-02-03 15:37:15] 
[1009/1077] Run #69 (ID: 20749974209)
[2026-02-03 15:37:15]   Date: 2026-01-06T13:37:15Z
[2026-02-03 15:37:15]   Status: success
[2026-02-03 15:37:16]   - forecast-summaries (0.10 MB)
[2026-02-03 15:37:17] 
[1010/1077] Run #68 (ID: 20748646998)
[2026-02-03 15:37:17]   Date: 2026-01-06T12:43:22Z
[2026-02-03 15:37:17]   Status: success
[2026-02-03 15:37:17]   - forecast-summaries (0.12 MB)
[2026-02-03 15:37:18] 
[1011/1077] Run #67 (ID: 20747365860)
[2026-02-03 15:37:18]   Date: 2026-01-06T11:47:35Z
[2026-02-03 15:37:18]   Status: success
[2026-02-03 15:37:18]   - forecast-summaries (0.10 MB)
[2026-02-03 15:37:19] 
[1012/1077] Run #66 (ID: 20747094425)
[2026-02-03 15:37:19]   Date: 2026-01-06T11:35:17Z
[2026-02-03 15:37:19]   Status: success
[2026-02-03 15:37:20]   - forecast-summaries (0.12 MB)
[2026-02-03 15:37:20] 
[1013/1077] Run #65 (ID: 20746705221)
[2026-02-03 15:37:20]   Date: 2026-01-06T11:18:38Z
[2026-02-03 15:37:20]   Status: success
[2026-02-03 15:37:21]   - forecast-summaries (0.10 MB)
[2026-02-03 15:37:22] 
[1014/1077] Run #64 (ID: 20746119846)
[2026-02-03 15:37:22]   Date: 2026-01-06T10:54:07Z
[2026-02-03 15:37:22]   Status: success
[2026-02-03 15:37:22]   - forecast-summaries (0.12 MB)
[2026-02-03 15:37:23] 
[1015/1077] Run #63 (ID: 20745394786)
[2026-02-03 15:37:23]   Date: 2026-01-06T10:23:25Z
[2026-02-03 15:37:23]   Status: success
[2026-02-03 15:37:23]   - forecast-summaries (0.10 MB)
[2026-02-03 15:37:24] 
[1016/1077] Run #62 (ID: 20744616711)
[2026-02-03 15:37:24]   Date: 2026-01-06T09:52:58Z
[2026-02-03 15:37:24]   Status: success
[2026-02-03 15:37:24]   - forecast-summaries (0.10 MB)
[2026-02-03 15:37:25] 
[1017/1077] Run #61 (ID: 20744194152)
[2026-02-03 15:37:25]   Date: 2026-01-06T09:35:37Z
[2026-02-03 15:37:25]   Status: success
[2026-02-03 15:37:26]   - forecast-summaries (0.10 MB)
[2026-02-03 15:37:27] 
[1018/1077] Run #60 (ID: 20743287750)
[2026-02-03 15:37:27]   Date: 2026-01-06T08:58:55Z
[2026-02-03 15:37:27]   Status: success
[2026-02-03 15:37:27]   - forecast-summaries (0.12 MB)
[2026-02-03 15:37:28] 
[1019/1077] Run #59 (ID: 20742650124)
[2026-02-03 15:37:28]   Date: 2026-01-06T08:30:38Z
[2026-02-03 15:37:28]   Status: success
[2026-02-03 15:37:28]   - forecast-summaries (0.11 MB)
[2026-02-03 15:37:29] 
[1020/1077] Run #58 (ID: 20741630012)
[2026-02-03 15:37:29]   Date: 2026-01-06T07:41:29Z
[2026-02-03 15:37:29]   Status: success
[2026-02-03 15:37:29]   - forecast-summaries (0.12 MB)
[2026-02-03 15:37:30] 
[1021/1077] Run #57 (ID: 20740808221)
[2026-02-03 15:37:30]   Date: 2026-01-06T07:01:09Z
[2026-02-03 15:37:30]   Status: success
[2026-02-03 15:37:31]   - forecast-summaries (0.10 MB)
[2026-02-03 15:37:32] 
[1022/1077] Run #56 (ID: 20740310565)
[2026-02-03 15:37:32]   Date: 2026-01-06T06:34:35Z
[2026-02-03 15:37:32]   Status: success
[2026-02-03 15:37:32]   - forecast-summaries (0.10 MB)
[2026-02-03 15:37:33] 
[1023/1077] Run #55 (ID: 20739342135)
[2026-02-03 15:37:33]   Date: 2026-01-06T05:43:50Z
[2026-02-03 15:37:33]   Status: success
[2026-02-03 15:37:33]   - forecast-summaries (0.12 MB)
[2026-02-03 15:37:34] 
[1024/1077] Run #54 (ID: 20738585732)
[2026-02-03 15:37:34]   Date: 2026-01-06T05:01:03Z
[2026-02-03 15:37:34]   Status: success
[2026-02-03 15:37:34]   - forecast-summaries (0.12 MB)
[2026-02-03 15:37:35] 
[1025/1077] Run #53 (ID: 20738006920)
[2026-02-03 15:37:35]   Date: 2026-01-06T04:26:06Z
[2026-02-03 15:37:35]   Status: success
[2026-02-03 15:37:36]   - forecast-summaries (0.15 MB)
[2026-02-03 15:37:36] 
[1026/1077] Run #52 (ID: 20737159431)
[2026-02-03 15:37:36]   Date: 2026-01-06T03:38:05Z
[2026-02-03 15:37:36]   Status: success
[2026-02-03 15:37:37]   - forecast-summaries (0.12 MB)
[2026-02-03 15:37:38] 
[1027/1077] Run #51 (ID: 20735076463)
[2026-02-03 15:37:38]   Date: 2026-01-06T01:43:39Z
[2026-02-03 15:37:38]   Status: success
[2026-02-03 15:37:38]   - forecast-summaries (0.12 MB)
[2026-02-03 15:37:39] 
[1028/1077] Run #50 (ID: 20732848128)
[2026-02-03 15:37:39]   Date: 2026-01-05T23:49:25Z
[2026-02-03 15:37:39]   Status: success
[2026-02-03 15:37:39]   - forecast-summaries (0.10 MB)
[2026-02-03 15:37:40] 
[1029/1077] Run #49 (ID: 20732619471)
[2026-02-03 15:37:40]   Date: 2026-01-05T23:37:56Z
[2026-02-03 15:37:40]   Status: success
[2026-02-03 15:37:41]   - forecast-summaries (0.10 MB)
[2026-02-03 15:37:41] 
[1030/1077] Run #48 (ID: 20732230308)
[2026-02-03 15:37:41]   Date: 2026-01-05T23:19:48Z
[2026-02-03 15:37:41]   Status: success
[2026-02-03 15:37:42]   - forecast-summaries (0.12 MB)
[2026-02-03 15:37:43] 
[1031/1077] Run #47 (ID: 20731632713)
[2026-02-03 15:37:43]   Date: 2026-01-05T22:51:34Z
[2026-02-03 15:37:43]   Status: success
[2026-02-03 15:37:43]   - forecast-summaries (0.10 MB)
[2026-02-03 15:37:44] 
[1032/1077] Run #46 (ID: 20730939407)
[2026-02-03 15:37:44]   Date: 2026-01-05T22:20:27Z
[2026-02-03 15:37:44]   Status: success
[2026-02-03 15:37:44]   - forecast-summaries (0.10 MB)
[2026-02-03 15:37:45] 
[1033/1077] Run #45 (ID: 20730202277)
[2026-02-03 15:37:45]   Date: 2026-01-05T21:48:43Z
[2026-02-03 15:37:45]   Status: success
[2026-02-03 15:37:45]   - forecast-summaries (0.10 MB)
[2026-02-03 15:37:46] 
[1034/1077] Run #44 (ID: 20729493836)
[2026-02-03 15:37:46]   Date: 2026-01-05T21:20:02Z
[2026-02-03 15:37:46]   Status: success
[2026-02-03 15:37:47]   - forecast-summaries (0.12 MB)
[2026-02-03 15:37:48] 
[1035/1077] Run #43 (ID: 20728790512)
[2026-02-03 15:37:48]   Date: 2026-01-05T20:51:49Z
[2026-02-03 15:37:48]   Status: success
[2026-02-03 15:37:48]   - forecast-summaries (0.16 MB)
[2026-02-03 15:37:49] 
[1036/1077] Run #42 (ID: 20728152929)
[2026-02-03 15:37:49]   Date: 2026-01-05T20:25:04Z
[2026-02-03 15:37:49]   Status: success
[2026-02-03 15:37:49]   - forecast-summaries (0.16 MB)
[2026-02-03 15:37:50] 
[1037/1077] Run #41 (ID: 20727252871)
[2026-02-03 15:37:50]   Date: 2026-01-05T19:47:19Z
[2026-02-03 15:37:50]   Status: success
[2026-02-03 15:37:50]   - forecast-summaries (0.16 MB)
[2026-02-03 15:37:51] 
[1038/1077] Run #40 (ID: 20726719582)
[2026-02-03 15:37:51]   Date: 2026-01-05T19:27:13Z
[2026-02-03 15:37:51]   Status: success
[2026-02-03 15:37:52]   - forecast-summaries (0.10 MB)
[2026-02-03 15:37:53] 
[1039/1077] Run #39 (ID: 20725984688)
[2026-02-03 15:37:53]   Date: 2026-01-05T18:58:49Z
[2026-02-03 15:37:53]   Status: success
[2026-02-03 15:37:53]   - forecast-summaries (0.10 MB)
[2026-02-03 15:37:54] 
[1040/1077] Run #38 (ID: 20725305963)
[2026-02-03 15:37:54]   Date: 2026-01-05T18:32:36Z
[2026-02-03 15:37:54]   Status: success
[2026-02-03 15:37:54]   - forecast-summaries (0.10 MB)
[2026-02-03 15:37:55] 
[1041/1077] Run #37 (ID: 20724206253)
[2026-02-03 15:37:55]   Date: 2026-01-05T17:51:40Z
[2026-02-03 15:37:55]   Status: success
[2026-02-03 15:37:55]   - forecast-summaries (0.10 MB)
[2026-02-03 15:37:56] 
[1042/1077] Run #36 (ID: 20723520482)
[2026-02-03 15:37:56]   Date: 2026-01-05T17:26:13Z
[2026-02-03 15:37:56]   Status: success
[2026-02-03 15:37:57]   - forecast-summaries (0.10 MB)
[2026-02-03 15:37:58] 
[1043/1077] Run #35 (ID: 20722713432)
[2026-02-03 15:37:58]   Date: 2026-01-05T16:56:37Z
[2026-02-03 15:37:58]   Status: success
[2026-02-03 15:37:58]   - forecast-summaries (0.12 MB)
[2026-02-03 15:37:59] 
[1044/1077] Run #34 (ID: 20721908309)
[2026-02-03 15:37:59]   Date: 2026-01-05T16:26:43Z
[2026-02-03 15:37:59]   Status: success
[2026-02-03 15:37:59]   - forecast-summaries (0.12 MB)
[2026-02-03 15:38:00] 
[1045/1077] Run #33 (ID: 20720898982)
[2026-02-03 15:38:00]   Date: 2026-01-05T15:52:23Z
[2026-02-03 15:38:00]   Status: success
[2026-02-03 15:38:01]   - forecast-summaries (0.12 MB)
[2026-02-03 15:38:01] 
[1046/1077] Run #32 (ID: 20720119753)
[2026-02-03 15:38:01]   Date: 2026-01-05T15:25:26Z
[2026-02-03 15:38:01]   Status: success
[2026-02-03 15:38:02]   - forecast-summaries (0.12 MB)
[2026-02-03 15:38:03] 
[1047/1077] Run #31 (ID: 20719238319)
[2026-02-03 15:38:03]   Date: 2026-01-05T14:55:23Z
[2026-02-03 15:38:03]   Status: success
[2026-02-03 15:38:03]   - forecast-summaries (0.09 MB)
[2026-02-03 15:38:04] 
[1048/1077] Run #30 (ID: 20718389327)
[2026-02-03 15:38:04]   Date: 2026-01-05T14:24:09Z
[2026-02-03 15:38:04]   Status: failure
[2026-02-03 15:38:04]   ⊙ Skipping (not successful)
[2026-02-03 15:38:04] 
[1049/1077] Run #29 (ID: 20717190411)
[2026-02-03 15:38:04]   Date: 2026-01-05T13:40:08Z
[2026-02-03 15:38:04]   Status: success
[2026-02-03 15:38:04]   - forecast-summaries (0.10 MB)
[2026-02-03 15:38:05] 
[1050/1077] Run #28 (ID: 20715825519)
[2026-02-03 15:38:05]   Date: 2026-01-05T12:45:47Z
[2026-02-03 15:38:05]   Status: success
[2026-02-03 15:38:05]   - forecast-summaries (0.07 MB)
[2026-02-03 15:38:06] 
[1051/1077] Run #27 (ID: 20714427355)
[2026-02-03 15:38:06]   Date: 2026-01-05T11:47:39Z
[2026-02-03 15:38:06]   Status: success
[2026-02-03 15:38:07]   - forecast-summaries (0.07 MB)
[2026-02-03 15:38:08] 
[1052/1077] Run #26 (ID: 20713794763)
[2026-02-03 15:38:08]   Date: 2026-01-05T11:20:11Z
[2026-02-03 15:38:08]   Status: success
[2026-02-03 15:38:08]   - forecast-summaries (0.07 MB)
[2026-02-03 15:38:09] 
[1053/1077] Run #25 (ID: 20713173625)
[2026-02-03 15:38:09]   Date: 2026-01-05T10:55:28Z
[2026-02-03 15:38:09]   Status: success
[2026-02-03 15:38:09]   - forecast-summaries (0.07 MB)
[2026-02-03 15:38:10] 
[1054/1077] Run #24 (ID: 20712418808)
[2026-02-03 15:38:10]   Date: 2026-01-05T10:24:46Z
[2026-02-03 15:38:10]   Status: success
[2026-02-03 15:38:10]   - forecast-summaries (0.07 MB)
[2026-02-03 15:38:11] 
[1055/1077] Run #23 (ID: 20711480093)
[2026-02-03 15:38:11]   Date: 2026-01-05T09:48:53Z
[2026-02-03 15:38:11]   Status: success
[2026-02-03 15:38:11]   - forecast-summaries (0.07 MB)
[2026-02-03 15:38:12] 
[1056/1077] Run #22 (ID: 20710200813)
[2026-02-03 15:38:12]   Date: 2026-01-05T09:00:16Z
[2026-02-03 15:38:12]   Status: success
[2026-02-03 15:38:13]   - forecast-summaries (0.07 MB)
[2026-02-03 15:38:14] 
[1057/1077] Run #21 (ID: 20709606037)
[2026-02-03 15:38:14]   Date: 2026-01-05T08:33:02Z
[2026-02-03 15:38:14]   Status: success
[2026-02-03 15:38:14]   - forecast-summaries (0.07 MB)
[2026-02-03 15:38:15] 
[1058/1077] Run #20 (ID: 20708704677)
[2026-02-03 15:38:15]   Date: 2026-01-05T07:52:32Z
[2026-02-03 15:38:15]   Status: success
[2026-02-03 15:38:15]   - forecast-summaries (0.07 MB)
[2026-02-03 15:38:16] 
[1059/1077] Run #19 (ID: 20708374182)
[2026-02-03 15:38:16]   Date: 2026-01-05T07:34:50Z
[2026-02-03 15:38:16]   Status: success
[2026-02-03 15:38:16]   - forecast-summaries (0.07 MB)
[2026-02-03 15:38:17] 
[1060/1077] Run #18 (ID: 20707622948)
[2026-02-03 15:38:17]   Date: 2026-01-05T06:57:38Z
[2026-02-03 15:38:17]   Status: success
[2026-02-03 15:38:18]   - forecast-summaries (0.07 MB)
[2026-02-03 15:38:18] 
[1061/1077] Run #17 (ID: 20706567826)
[2026-02-03 15:38:18]   Date: 2026-01-05T06:00:35Z
[2026-02-03 15:38:18]   Status: success
[2026-02-03 15:38:19]   - forecast-summaries (0.07 MB)
[2026-02-03 15:38:20] 
[1062/1077] Run #16 (ID: 20706222034)
[2026-02-03 15:38:20]   Date: 2026-01-05T05:38:41Z
[2026-02-03 15:38:20]   Status: success
[2026-02-03 15:38:20]   - forecast-summaries (0.07 MB)
[2026-02-03 15:38:21] 
[1063/1077] Run #15 (ID: 20705531002)
[2026-02-03 15:38:21]   Date: 2026-01-05T04:57:21Z
[2026-02-03 15:38:21]   Status: success
[2026-02-03 15:38:21]   - forecast-summaries (0.07 MB)
[2026-02-03 15:38:22] 
[1064/1077] Run #14 (ID: 20704580916)
[2026-02-03 15:38:22]   Date: 2026-01-05T03:55:22Z
[2026-02-03 15:38:22]   Status: success
[2026-02-03 15:38:22]   - forecast-summaries (0.07 MB)
[2026-02-03 15:38:23] 
[1065/1077] Run #13 (ID: 20702745350)
[2026-02-03 15:38:23]   Date: 2026-01-05T01:52:10Z
[2026-02-03 15:38:23]   Status: success
[2026-02-03 15:38:24]   - forecast-summaries (0.07 MB)
[2026-02-03 15:38:24] 
[1066/1077] Run #12 (ID: 20701005352)
[2026-02-03 15:38:24]   Date: 2026-01-04T23:48:36Z
[2026-02-03 15:38:24]   Status: success
[2026-02-03 15:38:25]   - forecast-summaries (0.07 MB)
[2026-02-03 15:38:26] 
[1067/1077] Run #11 (ID: 20700866034)
[2026-02-03 15:38:26]   Date: 2026-01-04T23:36:19Z
[2026-02-03 15:38:26]   Status: success
[2026-02-03 15:38:26]   - forecast-summaries (0.07 MB)
[2026-02-03 15:38:27] 
[1068/1077] Run #10 (ID: 20700668038)
[2026-02-03 15:38:27]   Date: 2026-01-04T23:19:06Z
[2026-02-03 15:38:27]   Status: success
[2026-02-03 15:38:27]   - forecast-summaries (0.07 MB)
[2026-02-03 15:38:28] 
[1069/1077] Run #9 (ID: 20700213689)
[2026-02-03 15:38:28]   Date: 2026-01-04T22:40:32Z
[2026-02-03 15:38:28]   Status: success
[2026-02-03 15:38:28]   - forecast-summaries (0.07 MB)
[2026-02-03 15:38:29] 
[1070/1077] Run #8 (ID: 20699967316)
[2026-02-03 15:38:29]   Date: 2026-01-04T22:19:11Z
[2026-02-03 15:38:29]   Status: success
[2026-02-03 15:38:30]   - forecast-summaries (0.07 MB)
[2026-02-03 15:38:31] 
[1071/1077] Run #7 (ID: 20699587847)
[2026-02-03 15:38:31]   Date: 2026-01-04T21:46:25Z
[2026-02-03 15:38:31]   Status: success
[2026-02-03 15:38:31]   - forecast-summaries (0.07 MB)
[2026-02-03 15:38:32] 
[1072/1077] Run #6 (ID: 20699457348)
[2026-02-03 15:38:32]   Date: 2026-01-04T21:35:02Z
[2026-02-03 15:38:32]   Status: success
[2026-02-03 15:38:32]   - forecast-summaries (0.07 MB)
[2026-02-03 15:38:33] 
[1073/1077] Run #5 (ID: 20699260520)
[2026-02-03 15:38:33]   Date: 2026-01-04T21:18:14Z
[2026-02-03 15:38:33]   Status: success
[2026-02-03 15:38:33]   - forecast-summaries (0.07 MB)
[2026-02-03 15:38:34] 
[1074/1077] Run #4 (ID: 20698924200)
[2026-02-03 15:38:34]   Date: 2026-01-04T20:49:52Z
[2026-02-03 15:38:34]   Status: success
[2026-02-03 15:38:34]   - forecast-summaries (0.07 MB)
[2026-02-03 15:38:35] 
[1075/1077] Run #3 (ID: 20698615940)
[2026-02-03 15:38:35]   Date: 2026-01-04T20:22:35Z
[2026-02-03 15:38:35]   Status: success
[2026-02-03 15:38:36]   - forecast-summaries (0.07 MB)
[2026-02-03 15:38:36] 
[1076/1077] Run #2 (ID: 20698189415)
[2026-02-03 15:38:36]   Date: 2026-01-04T19:45:14Z
[2026-02-03 15:38:36]   Status: success
[2026-02-03 15:38:37]   - forecast-summaries (0.07 MB)
[2026-02-03 15:38:38] 
[1077/1077] Run #1 (ID: 20698019538)
[2026-02-03 15:38:38]   Date: 2026-01-04T19:31:21Z
[2026-02-03 15:38:38]   Status: success
[2026-02-03 15:38:38]   - forecast-summaries (0.07 MB)
[2026-02-03 15:38:39] 
================================================================================
[2026-02-03 15:38:39] DOWNLOAD SUMMARY
[2026-02-03 15:38:39] ================================================================================
[2026-02-03 15:38:39] 
📊 Statistics:
[2026-02-03 15:38:39]   Total workflow runs processed: 1077
[2026-02-03 15:38:39]   Runs with forecast artifacts: 975
[2026-02-03 15:38:39]   Total artifacts found: 975
[2026-02-03 15:38:39]   ✓ Files downloaded: 45
[2026-02-03 15:38:39]   ⊙ Files skipped (already have): 1035
[2026-02-03 15:38:39]   ✗ Failed: 0
[2026-02-03 15:38:39]   ⊗ Expired: 0
[2026-02-03 15:38:39] 
📝 Unique questions with forecast data: 17
[2026-02-03 15:38:39]   Question IDs: 41569, 41838, 41894, 41900, 41905, 41906, 41908, 41909, 41935, 41960, 41961, 41963, 41967, 41968, 41970, 41971, 41972
[2026-02-03 15:38:39] 
📁 Files organized in: /mnt/c/Users/Donni/projects/metac_bot_Spring_2026/forecast_summaries/
[2026-02-03 15:38:39] 📄 TSV manifest: (saved after summary)
[2026-02-03 15:38:39] 📋 Tool run log: forecast_summaries/tool_run_2026-02-03_15-15.log
[2026-02-03 15:38:39] 
✅ Download complete!
[2026-02-03 15:38:39] 
Updating TSV manifest...
[2026-02-03 15:38:39] ✓ TSV manifest saved: 17 questions
[2026-02-03 15:38:39]   Location: Question_Run_and_Date_2026-02-03_v1.txt
